effective_date,ticker,name,action
2000-03-28,8601,大和証券グループ本社,add
2000-03-28,8401,三井信託銀行,delete
2000-04-24,2914,日本たばこ産業,add
2000-04-24,4452,花王,add
2000-04-24,4505,第一製薬,add
2000-04-24,4523,エーザイ,add
2000-04-24,4543,テルモ,add
2000-04-24,6762,TDK,add
2000-04-24,6767,ミツミ電機,add
2000-04-24,6781,松下通信工業,add
2000-04-24,6857,アドバンテスト,add
2000-04-24,6952,カシオ計算機,add
2000-04-24,6954,ファナック,add
2000-04-24,6971,京セラ,add
2000-04-24,6976,太陽誘電,add
2000-04-24,6991,松下電工,add
2000-04-24,7211,三菱自動車工業,add
2000-04-24,7270,富士重工業,add
2000-04-24,8035,東京エレクトロン,add
2000-04-24,8183,セブン-イレブン・ジャパン,add
2000-04-24,8264,イトーヨーカ堂,add
2000-04-24,8267,ジャスコ,add
2000-04-24,8302,日本興業銀行,add
2000-04-24,8319,大和銀行,add
2000-04-24,8321,東海銀行,add
2000-04-24,8355,静岡銀行,add
2000-04-24,8403,住友信託銀行,add
2000-04-24,8404,安田信託銀行,add
2000-04-24,8753,住友海上火災保険,add
2000-04-24,9020,JR東日本,add
2000-04-24,9433,DDI,add
2000-04-24,9437,NTTドコモ,add
2000-04-24,1331,ニチロ,delete
2000-04-24,1501,三井鉱山,delete
2000-04-24,1503,住友石炭鉱業,delete
2000-04-24,2108,日本甜菜製糖,delete
2000-04-24,2601,ホーネンコーポレーション,delete
2000-04-24,3104,富士紡績,delete
2000-04-24,3403,東邦レーヨン,delete
2000-04-24,4022,ラサ工業,delete
2000-04-24,4064,日本カーバイド工業,delete
2000-04-24,4092,日本化学工業,delete
2000-04-24,4201,日本合成化学工業,delete
2000-04-24,4401,旭電化工業,delete
2000-04-24,4403,日本油脂,delete
2000-04-24,5105,東洋ゴム工業,delete
2000-04-24,5302,日本カーボン,delete
2000-04-24,5331,ノリタケカンパニーリミテド,delete
2000-04-24,5351,品川白煉瓦,delete
2000-04-24,5479,日本金属工業,delete
2000-04-24,5480,日本冶金工業,delete
2000-04-24,5563,日本電工,delete
2000-04-24,5632,三菱製鋼,delete
2000-04-24,5721,志村化工,delete
2000-04-24,5805,昭和電線電纜,delete
2000-04-24,5981,東京製綱,delete
2000-04-24,6461,日本ピストンリング,delete
2000-04-24,8061,西華産業,delete
2000-04-24,8088,岩谷産業,delete
2000-04-24,8236,丸善,delete
2000-04-24,9065,山九,delete
2000-04-24,9302,三井倉庫,delete
2000-07-03,4911,資生堂,add
2000-07-03,5005,東燃,delete
2000-09-22,8332,横浜銀行,add
2000-09-22,8407,東洋信託銀行,add
2000-09-22,8606,新光証券,add
2000-09-22,8302,日本興業銀行,delete
2000-09-22,8311,第一勧業銀行,delete
2000-09-22,8317,富士銀行,delete
2000-09-26,6770,アルプス電気,add
2000-09-26,9431,KDD,delete
2000-10-02,8305,みずほホールディングス,add
2000-10-02,9735,セコム,add
2000-10-02,1815,鉄建建設,delete
2000-10-02,8511,日本証券金融,delete
2001-03-23,9201,日本航空,add
2001-03-23,3863,日本製紙,delete
2001-03-27,8233,高島屋,add
2001-03-27,8253,クレディセゾン,add
2001-03-27,9064,ヤマト運輸,add
2001-03-27,8314,さくら銀行,delete
2001-03-27,8315,東京三菱銀行,delete
2001-03-27,8320,三和銀行,delete
2001-03-27,8321,東海銀行,delete
2001-03-27,8402,三菱信託銀行,delete
2001-03-27,8407,東洋信託銀行,delete
2001-03-30,3893,日本ユニパックホールディング,add
2001-04-03,8306,三菱東京フィナンシャルグループ,add
2001-04-03,8307,UFJホールディングス,add
2001-09-25,9021,西日本旅客鉄道,add
2001-09-25,8753,住友海上火災保険,delete
2001-10-01,1928,積水ハウス,add
2001-10-01,4511,藤沢薬品工業,add
2001-10-01,6310,井関農機,delete
2001-10-01,9006,京浜急行鉄道,delete
2001-11-28,8830,住友不動産,add
2001-11-28,6011,新潟鉄工所,delete
2001-12-05,8319,大和銀行,delete
2001-12-07,6367,ダイキン工業,add
2001-12-07,1886,青木建設,delete
2001-12-12,8308,大和銀ホールディングス,add
2002-02-25,8322,あさひ銀行,delete
2002-02-27,8331,千葉銀行,add
2002-03-04,1804,佐藤工業,delete
2002-03-06,1947,日本コムシス,add
2002-03-26,8751,東京海上火災保険,delete
2002-04-02,8766,ミレアホールディングス,add
2002-09-06,1806,フジタ,delete
2002-09-11,8309,三井トラスト・ホールディングス,add
2002-09-19,4704,トレンドマイクロ,add
2002-09-19,7733,オリンパス光学工業,add
2002-09-19,8238,伊勢丹,add
2002-09-19,5014,ジャパンエナジー,delete
2002-09-19,5403,川崎製鉄,delete
2002-09-19,5404,日本鋼管,delete
2002-09-25,6781,松下通信工業,delete
2002-09-25,9201,日本航空,delete
2002-09-27,5016,新日鉱ホールディングス,add
2002-09-27,5411,JFEホールディングス,add
2002-10-02,9737,CSK,add
2002-10-02,9205,日本航空システム,add
2002-10-02,1301,極洋,delete
2002-10-02,1805,飛鳥建設,delete
2002-11-26,8318,三井住友銀行,delete
2002-12-03,8316,三井住友フィナンシャルグループ,add
2003-03-06,8305,みずほホールディングス,delete
2003-03-13,8411,みずほフィナンシャルグループ,add
2003-03-26,8063,日商岩井,delete
2003-04-02,2768,ニチメン・日商岩井ホールディングス,add
2003-08-26,8231,三越,delete
2003-09-02,2779,三越,add
2003-09-22,1947,日本コムシス,delete
2003-09-25,1963,日揮,add
2003-09-25,1837,ハザマ,delete
2003-09-30,1721,コムシスホールディングス,add
2003-10-01,9766,コナミ,add
2003-10-01,1885,東亜建設工業,delete
2004-03-26,6933,ユアサコーポレーション,delete
2004-04-02,6674,ジーエス・ユアサコーポレーション,add
2004-10-01,2282,日本ハム,add
2004-10-01,4324,電通,add
2004-10-01,9984,ソフトバンク,add
2004-10-01,2536,メルシャン,delete
2004-10-01,6474,不二越,delete
2004-10-01,7102,日本車輌製造,delete
2005-03-28,4519,中外製薬,add
2005-03-28,4689,ヤフー,add
2005-03-28,4511,藤沢薬品,delete
2005-03-28,8232,東急百貨店,delete
2005-05-13,3102,カネボウ,delete
2005-05-17,4183,三井化学,add
2005-08-26,9983,ファーストリテイリング,add
2005-08-26,8183,セブン-イレブン・ジャパン,delete
2005-08-26,8264,イトーヨーカ堂,delete
2005-09-02,3382,セブン&アイ・ホールディングス,add
2005-09-21,4795,スカイパーフェクト・コミニュケーションズ,add
2005-09-21,8303,新生銀行,add
2005-09-21,4501,三共,delete
2005-09-21,4505,第一製薬,delete
2005-09-27,8795,T&Dホールディングス,add
2005-09-27,4010,三菱化学,delete
2005-09-27,8307,UFJホールディングス,delete
2005-09-29,4568,第一三共,add
2005-10-04,4188,三菱ケミカルホールディングス,add
2005-10-04,2201,森永製菓,delete
2006-03-28,8015,豊田通商,add
2006-03-28,1601,帝国石油,delete
2006-03-28,8003,トーメン,delete
2006-04-04,1605,国際石油開発帝石ホールディングス,add
2006-10-02,8815,東急不動産,add
2006-10-02,9602,東宝,add
2006-10-02,2001,日本製粉,delete
2006-10-02,9605,東映,delete
2007-03-27,4795,スカイパーフェクト・コミュニケーションズ,delete
2007-04-03,9412,スカパーJSAT,add
2007-10-01,3086,J・フロントリテイリング,add
2007-10-01,3436,SUMCO,add
2007-10-01,2602,日清オイリオグループ,delete
2007-10-01,7231,トピー工業,delete
2008-01-23,8603,日興コーディアルグループ,delete
2008-01-28,8354,ふくおかフィナンシャルグループ,add
2008-03-26,8270,ユニー,add
2008-03-26,2779,三越,delete
2008-03-26,8238,伊勢丹,delete
2008-03-26,8752,三井住友海上火災保険,delete
2008-04-02,3099,三越伊勢丹ホールディングス,add
2008-04-02,8725,三井住友海上グループホールディングス,add
2008-07-28,8628,松井証券,add
2008-07-28,8583,三菱UFJニコス,delete
2008-10-01,5541,大平洋金属,add
2008-10-01,6305,日立建機,add
2008-10-01,1861,熊谷組,delete
2008-10-01,4045,東亞合成,delete
2009-03-26,1334,マルハニチロホールディングス,add
2009-03-26,2202,明治製菓,delete
2009-03-26,2261,明治乳業,delete
2009-04-02,2269,明治ホールディングス,add
2010-01-20,9205,日本航空,delete
2010-01-22,9022,東海旅客鉄道,add
2010-03-29,5407,日新製鋼,add
2010-03-29,5001,新日本石油,delete
2010-03-29,5016,新日鉱ホールディングス,delete
2010-03-29,8755,損害保険ジャパン,delete
2010-04-02,5020,JXホールディングス,add
2010-04-02,8630,NKSJホールディングス,add
2010-09-28,5214,日本電気硝子,add
2010-09-28,3404,三菱レイヨン,delete
2010-10-01,8804,東京建物,add
2010-10-01,6796,クラリオン,delete
2011-03-29,6506,安川電機,add
2011-03-29,7735,大日本スクリーン製造,add
2011-03-29,8750,第一生命保険,add
2011-03-29,6764,三洋電機,delete
2011-03-29,6991,パナソニック電工,delete
2011-03-29,8403,住友信託銀行,delete
2011-08-29,8304,あおぞら銀行,add
2011-08-29,8729,ソニーフィナンシャルホールディングス,add
2011-08-29,8404,みずほ信託銀行,delete
2011-08-29,8606,みずほ証券,delete
2011-09-28,6113,アマダ,add
2011-09-28,9737,CSK,delete
2012-09-26,4043,トクヤマ,add
2012-09-26,5405,住友金属工業,delete
2012-09-26,5407,日新製鋼,delete
2012-09-26,5701,日本軽金属,delete
2012-10-02,5413,日新製鋼ホールディングス,add
2012-10-02,5703,日本軽金属ホールディングス,add
2013-03-27,3893,日本製紙グループ本社,delete
2013-04-02,3863,日本製紙,add
2013-09-26,6988,日東電工,add
2013-09-26,8815,東急不動産,delete
2013-10-02,3289,東急不動産ホールディングス,add
2013-10-02,3864,三菱製紙,delete
2014-03-27,1334,マルハニチロホールディングス,delete
2014-04-02,1333,マルハニチロ,add
2015-10-01,1808,長谷工コーポレーション,add
2015-10-01,2432,ディー・エヌ・エー,add
2015-10-01,3110,日東紡,delete
2015-10-01,8803,平和不動産,delete
2016-04-04,7186,コンコルディア・フィナンシャルグループ,add
2016-04-04,8332,横浜銀行,delete
2016-08-01,7272,ヤマハ発動機,add
2016-08-01,6753,シャープ,delete
2016-08-29,8028,ファミリーマート,add
2016-08-29,8270,ユニーグループ・ホールディングス,delete
2016-10-03,4755,楽天,add
2016-10-03,4041,日本曹達,delete
2017-01-24,4578,大塚ホールディングス,add
2017-01-24,6767,ミツミ電機,delete
2017-08-01,6724,セイコーエプソン,add
2017-08-01,6502,東芝,delete
2017-10-02,6098,リクルートホールディングス,add
2017-10-02,6178,日本郵政,add
2017-10-02,3865,北越紀州製紙,delete
2017-10-02,6508,明電舎,delete
2018-10-01,4751,サイバーエージェント,add
2018-10-01,5715,古河機械金属,delete
2018-12-26,4631,DIC,add
2018-12-26,5413,日新製鋼,delete
2019-03-18,6645,オムロン,add
2019-03-18,6773,パイオニア,delete
2019-03-27,5019,出光興産,add
2019-03-27,5002,昭和シェル石油,delete
2019-08-01,7832,バンダイナムコホールディングス,add
2019-08-01,6366,千代田化工建設,delete
2019-10-01,2413,エムスリー,add
2019-10-01,9681,東京ドーム,delete
2020-07-29,8697,日本取引所グループ,add
2020-07-29,8729,ソニーフィナンシャルホールディングス,delete
2020-10-01,9434,ソフトバンク,add
2020-10-01,4272,日本化薬,delete
2020-10-29,3659,ネクソン,add
2020-10-29,8028,ファミリーマート,delete
2020-12-02,6753,シャープ,add
2020-12-02,9437,NTTドコモ,delete
2021-10-01,6861,キーエンス,add
2021-10-01,6981,村田製作所,add
2021-10-01,7974,任天堂,add
2021-10-01,3105,日清紡ホールディングス,delete
2021-10-01,5901,東洋製罐グループホールディングス,delete
2021-10-01,9412,スカパーJSATホールディングス,delete
2021-12-29,9062,日本通運,delete
2022-01-05,9147,NIPPON EXPRESSホールディングス,add
2022-04-04,8591,オリックス,add
2022-04-04,8303,新生銀行,delete
2022-09-29,6594,日本電産,add
2022-09-29,8355,静岡銀行,delete
2022-10-03,6273,SMC,add
2022-10-03,7741,HOYA,add
2022-10-03,3103,ユニチカ,delete
2022-10-03,6703,OKI,delete
2022-10-04,5831,しずおかフィナンシャルグループ,add
2022-10-04,1333,マルハニチロ,delete
2023-04-03,4661,オリエンタルランド,add
2023-04-03,6723,ルネサスエレクトロニクス,add
2023-04-03,9201,日本航空,add
2023-04-03,3101,東洋紡,delete
2023-04-03,5703,日本軽金属ホールディングス,delete
2023-04-03,5707,東邦亜鉛,delete
2023-10-02,4385,メルカリ,add
2023-10-02,6920,レーザーテック,add
2023-10-02,9843,ニトリホールディングス,add
2023-10-02,5202,日本板硝子,delete
2023-10-02,7003,三井E&S,delete
2023-10-02,8628,松井証券,delete
2024-04-01,3092,ZOZO,add
2024-04-01,6146,ディスコ,add
2024-04-01,6526,ソシオネクスト,add
2024-04-01,2531,宝ホールディングス,delete
2024-04-01,5232,住友大阪セメント,delete
2024-04-01,5541,大平洋金属,delete
2024-10-01,4307,野村総合研究所,add
2024-10-01,7453,良品計画,add
2024-10-01,3863,日本製紙,delete
2024-10-01,4631,DIC,delete
2025-04-01,6532,ベイカレント,add
2025-04-01,9301,三菱倉庫,delete
2025-07-04,6963,ローム,add
2025-07-04,9613,NTTデータグループ,delete
2025-10-01,3697,SHIFT,add
2025-10-01,7762,シチズン時計,delete
2025-11-05,4062,イビデン,add
2025-11-05,6594,ニデック,delete
2026-04-01,285A,キオクシアホールディングス,add
2026-04-01,543A,ARCHION,add
2026-04-01,7532,パン・パシフィック・インターナショナルホールディングス,add
2026-04-01,6674,ジーエス・ユアサ コーポレーション,delete
2026-04-01,6952,カシオ計算機,delete
2026-04-01,7205,日野自動車,delete
