symbol,n_rows,first_date,last_date,status
1301.T,6397,2001-01-01,2026-09-04,ok
1331.T,0,,,no timestamps
1333.T,3060,2014-04-01,2026-09-04,ok
1334.T,0,,,no timestamps
1501.T,0,,,no timestamps
1503.T,0,,,no timestamps
1601.T,0,,,no timestamps
1605.T,6656,2000-01-04,2026-09-04,ok
1721.T,5682,2003-09-29,2026-09-04,ok
1804.T,0,,,no timestamps
1805.T,0,,,HTTP Error 404: Not Found
1806.T,0,,,no timestamps
1808.T,6397,2001-01-01,2026-09-04,ok
1815.T,6397,2001-01-01,2026-09-04,ok
1837.T,0,,,no timestamps
1861.T,6656,2000-01-04,2026-09-04,ok
1885.T,6397,2001-01-01,2026-09-04,ok
1886.T,0,,,no timestamps
1928.T,6656,2000-01-04,2026-09-04,ok
1947.T,0,,,no timestamps
1963.T,6656,2000-01-04,2026-09-04,ok
2001.T,6397,2001-01-01,2026-09-04,ok
2108.T,6397,2001-01-01,2026-09-04,ok
2201.T,6397,2001-01-01,2026-09-04,ok
2202.T,0,,,no timestamps
2261.T,0,,,no timestamps
2269.T,6656,2000-01-04,2026-09-04,ok
2282.T,6656,2000-01-04,2026-09-04,ok
2413.T,5429,2004-09-16,2026-09-04,ok
2432.T,5320,2005-02-16,2026-09-04,ok
2531.T,6656,2000-01-04,2026-09-04,ok
2536.T,0,,,no timestamps
2601.T,0,,,no timestamps
2602.T,6397,2001-01-01,2026-09-04,ok
2768.T,6656,2000-01-04,2026-09-04,ok
2779.T,0,,,no timestamps
285A.T,417,2024-12-18,2026-09-04,ok
2914.T,6656,2000-01-04,2026-09-04,ok
3086.T,6656,2000-01-04,2026-09-04,ok
3092.T,4600,2007-12-11,2026-09-04,ok
3099.T,6397,2001-01-01,2026-09-04,ok
3101.T,6656,2000-01-04,2026-09-04,ok
3102.T,0,,,no timestamps
3103.T,6656,2000-01-04,2026-09-04,ok
3104.T,6397,2001-01-01,2026-09-04,ok
3105.T,6656,2000-01-04,2026-09-04,ok
3110.T,6656,2000-01-04,2026-09-04,ok
3289.T,3177,2013-10-01,2026-09-04,ok
3382.T,6656,2000-01-04,2026-09-04,ok
3403.T,0,,,no timestamps
3404.T,0,,,no timestamps
3436.T,5713,2003-08-15,2026-09-04,ok
3659.T,3623,2011-12-14,2026-09-04,ok
3697.T,2905,2014-11-14,2026-09-04,ok
3863.T,3305,2013-04-01,2026-09-04,ok
3864.T,5159,2005-09-29,2026-09-04,ok
3865.T,6656,2000-01-04,2026-09-04,ok
3893.T,0,,,no timestamps
4010.T,0,,,no timestamps
4022.T,6397,2001-01-01,2026-09-04,ok
4041.T,6656,2000-01-04,2026-09-04,ok
4043.T,6397,2001-01-01,2026-09-04,ok
4045.T,6656,2000-01-04,2026-09-04,ok
4062.T,6397,2001-01-01,2026-09-04,ok
4064.T,6397,2001-01-01,2026-09-04,ok
4092.T,6397,2001-01-01,2026-09-04,ok
4183.T,6656,2000-01-04,2026-09-04,ok
4188.T,6656,2000-01-04,2026-09-04,ok
4201.T,0,,,no timestamps
4272.T,6656,2000-01-04,2026-09-04,ok
4307.T,6147,2001-12-17,2026-09-04,ok
4324.T,6158,2001-11-30,2026-09-04,ok
4385.T,2011,2018-06-19,2026-09-04,ok
4401.T,6397,2001-01-01,2026-09-04,ok
4403.T,6397,2001-01-01,2026-09-04,ok
4452.T,6656,2000-01-04,2026-09-04,ok
4501.T,0,,,no timestamps
4505.T,0,,,no timestamps
4511.T,0,,,no timestamps
4519.T,6656,2000-01-04,2026-09-04,ok
4523.T,6656,2000-01-04,2026-09-04,ok
4543.T,6656,2000-01-04,2026-09-04,ok
4568.T,6656,2000-01-04,2026-09-04,ok
4578.T,3867,2010-12-15,2026-09-04,ok
4631.T,6397,2001-01-01,2026-09-04,ok
4661.T,6397,2001-01-01,2026-09-04,ok
4689.T,5661,2003-10-28,2026-09-04,ok
4704.T,6494,2000-08-17,2026-09-04,ok
4751.T,6394,2001-01-04,2026-09-04,ok
4755.T,6580,2000-04-19,2026-09-04,ok
4795.T,0,,,no timestamps
4911.T,6656,2000-01-04,2026-09-04,ok
5001.T,0,,,no timestamps
5002.T,0,,,HTTP Error 404: Not Found
5005.T,0,,,HTTP Error 404: Not Found
5014.T,0,,,no timestamps
5016.T,359,2025-03-19,2026-09-04,ok
5019.T,4881,2006-10-24,2026-09-04,ok
5020.T,6397,2001-01-01,2026-09-04,ok
5105.T,6397,2001-01-01,2026-09-04,ok
5202.T,6656,2000-01-04,2026-09-04,ok
5214.T,6397,2001-01-01,2026-09-04,ok
5232.T,6656,2000-01-04,2026-09-04,ok
5302.T,6397,2001-01-01,2026-09-04,ok
5331.T,6397,2001-01-01,2026-09-04,ok
5351.T,6397,2001-01-01,2026-09-04,ok
5403.T,0,,,no timestamps
5404.T,0,,,no timestamps
5405.T,0,,,no timestamps
5407.T,0,,,no timestamps
5411.T,5944,2002-09-26,2026-09-04,ok
5413.T,0,,,no timestamps
543A.T,6656,2000-01-04,2026-09-04,ok
5479.T,0,,,no timestamps
5480.T,6397,2001-01-01,2026-09-04,ok
5541.T,6397,2001-01-01,2026-09-04,ok
5563.T,6397,2001-01-01,2026-09-04,ok
5632.T,6397,2001-01-01,2026-09-04,ok
5701.T,0,,,no timestamps
5703.T,6656,2000-01-04,2026-09-04,ok
5707.T,6656,2000-01-04,2026-09-04,ok
5715.T,6656,2000-01-04,2026-09-04,ok
5721.T,6560,2000-05-17,2026-09-04,ok
5805.T,6397,2001-01-01,2026-09-04,ok
5831.T,961,2022-10-03,2026-09-04,ok
5901.T,6656,2000-01-04,2026-09-04,ok
5981.T,6397,2001-01-01,2026-09-04,ok
6011.T,0,,,no timestamps
6098.T,2925,2014-10-16,2026-09-04,ok
6113.T,6397,2001-01-01,2026-09-04,ok
6146.T,6397,2001-01-01,2026-09-04,ok
6178.T,2669,2015-11-04,2026-09-04,ok
6273.T,6397,2001-01-01,2026-09-04,ok
6305.T,6397,2001-01-01,2026-09-04,ok
6310.T,6397,2001-01-01,2026-09-04,ok
6366.T,6656,2000-01-04,2026-09-04,ok
6367.T,6656,2000-01-04,2026-09-04,ok
6461.T,0,,,HTTP Error 404: Not Found
6474.T,6397,2001-01-01,2026-09-04,ok
6502.T,0,,,HTTP Error 404: Not Found
6506.T,6397,2001-01-01,2026-09-04,ok
6508.T,6656,2000-01-04,2026-09-04,ok
6526.T,955,2022-10-12,2026-09-04,ok
6532.T,2465,2016-09-02,2026-09-04,ok
6594.T,6394,2001-01-04,2026-09-04,ok
6645.T,6394,2001-01-04,2026-09-04,ok
6674.T,6656,2000-01-04,2026-09-04,ok
6703.T,6656,2000-01-04,2026-09-04,ok
6723.T,5729,2003-07-24,2026-09-04,ok
6724.T,6397,2001-01-01,2026-09-04,ok
6753.T,6656,2000-01-04,2026-09-04,ok
6762.T,6656,2000-01-04,2026-09-04,ok
6764.T,0,,,no timestamps
6767.T,0,,,no timestamps
6770.T,6656,2000-01-04,2026-09-04,ok
6773.T,0,,,HTTP Error 404: Not Found
6781.T,0,,,no timestamps
6796.T,0,,,HTTP Error 404: Not Found
6857.T,6656,2000-01-04,2026-09-04,ok
6861.T,6397,2001-01-01,2026-09-04,ok
6920.T,4066,2010-02-22,2026-09-04,ok
6933.T,0,,,no timestamps
6952.T,6656,2000-01-04,2026-09-04,ok
6954.T,6656,2000-01-04,2026-09-04,ok
6963.T,6394,2001-01-04,2026-09-04,ok
6971.T,6656,2000-01-04,2026-09-04,ok
6976.T,6656,2000-01-04,2026-09-04,ok
6981.T,6394,2001-01-04,2026-09-04,ok
6988.T,6397,2001-01-01,2026-09-04,ok
6991.T,0,,,no timestamps
7003.T,6656,2000-01-04,2026-09-04,ok
7102.T,6397,2001-01-01,2026-09-04,ok
7186.T,2569,2016-04-01,2026-09-04,ok
7205.T,0,,,HTTP Error 404: Not Found
7211.T,6656,2000-01-04,2026-09-04,ok
7231.T,6397,2001-01-01,2026-09-04,ok
7270.T,6656,2000-01-04,2026-09-04,ok
7272.T,6397,2001-01-01,2026-09-04,ok
7453.T,6397,2001-01-01,2026-09-04,ok
7532.T,6397,2001-01-01,2026-09-04,ok
7733.T,6656,2000-01-04,2026-09-04,ok
7735.T,6397,2001-01-01,2026-09-04,ok
7741.T,6397,2001-01-01,2026-09-04,ok
7762.T,6656,2000-01-04,2026-09-04,ok
7832.T,6397,2001-01-01,2026-09-04,ok
7974.T,6394,2001-01-04,2026-09-04,ok
8003.T,0,,,no timestamps
8015.T,6656,2000-01-04,2026-09-04,ok
8028.T,0,,,HTTP Error 404: Not Found
8035.T,6656,2000-01-04,2026-09-04,ok
8061.T,6397,2001-01-01,2026-09-04,ok
8063.T,0,,,no timestamps
8088.T,6397,2001-01-01,2026-09-04,ok
8183.T,0,,,no timestamps
8231.T,0,,,no timestamps
8232.T,0,,,no timestamps
8233.T,6656,2000-01-04,2026-09-04,ok
8236.T,0,,,no timestamps
8238.T,0,,,no timestamps
8253.T,6656,2000-01-04,2026-09-04,ok
8264.T,0,,,no timestamps
8267.T,6656,2000-01-04,2026-09-04,ok
8270.T,0,,,no timestamps
8302.T,0,,,HTTP Error 404: Not Found
8303.T,5047,2004-02-19,2026-09-04,ok
8304.T,4866,2006-11-14,2026-09-04,ok
8305.T,0,,,no timestamps
8306.T,5159,2005-09-29,2026-09-04,ok
8307.T,0,,,no timestamps
8308.T,6656,2000-01-04,2026-09-04,ok
8309.T,6397,2001-01-01,2026-09-04,ok
8311.T,0,,,HTTP Error 404: Not Found
8314.T,0,,,HTTP Error 404: Not Found
8315.T,0,,,HTTP Error 404: Not Found
8316.T,6656,2000-01-04,2026-09-04,ok
8317.T,0,,,HTTP Error 404: Not Found
8318.T,0,,,no timestamps
8319.T,0,,,HTTP Error 404: Not Found
8320.T,0,,,HTTP Error 404: Not Found
8321.T,0,,,HTTP Error 404: Not Found
8322.T,0,,,no timestamps
8331.T,6656,2000-01-04,2026-09-04,ok
8332.T,0,,,no timestamps
8354.T,6397,2001-01-01,2026-09-04,ok
8355.T,0,,,HTTP Error 404: Not Found
8401.T,0,,,HTTP Error 404: Not Found
8402.T,0,,,HTTP Error 404: Not Found
8403.T,0,,,no timestamps
8404.T,0,,,no timestamps
8407.T,0,,,HTTP Error 404: Not Found
8411.T,5825,2003-03-12,2026-09-04,ok
8511.T,6397,2001-01-01,2026-09-04,ok
8583.T,0,,,no timestamps
8591.T,6397,2001-01-01,2026-09-04,ok
8601.T,6656,2000-01-04,2026-09-04,ok
8603.T,0,,,no timestamps
8606.T,0,,,no timestamps
8628.T,6245,2001-08-01,2026-09-04,ok
8630.T,4039,2010-04-01,2026-09-04,ok
8697.T,4419,2008-09-05,2026-09-04,ok
8725.T,4528,2008-04-01,2026-09-04,ok
8729.T,229,2025-09-29,2026-09-04,ok
8750.T,4039,2010-04-01,2026-09-04,ok
8751.T,0,,,no timestamps
8752.T,0,,,no timestamps
8753.T,0,,,HTTP Error 404: Not Found
8755.T,0,,,no timestamps
8766.T,6656,2000-01-04,2026-09-04,ok
8795.T,5549,2004-04-01,2026-09-04,ok
8803.T,6656,2000-01-04,2026-09-04,ok
8804.T,6397,2001-01-01,2026-09-04,ok
8815.T,0,,,no timestamps
8830.T,6656,2000-01-04,2026-09-04,ok
9006.T,6397,2001-01-01,2026-09-04,ok
9020.T,6656,2000-01-04,2026-09-04,ok
9021.T,6656,2000-01-04,2026-09-04,ok
9022.T,6394,2001-01-04,2026-09-04,ok
9062.T,0,,,HTTP Error 404: Not Found
9064.T,6656,2000-01-04,2026-09-04,ok
9065.T,6397,2001-01-01,2026-09-04,ok
9147.T,1143,2022-01-04,2026-09-04,ok
9201.T,6656,2000-01-04,2026-09-04,ok
9205.T,0,,,no timestamps
9301.T,6656,2000-01-04,2026-09-04,ok
9302.T,6397,2001-01-01,2026-09-04,ok
9412.T,6502,2000-08-07,2026-09-04,ok
9431.T,0,,,HTTP Error 404: Not Found
9433.T,6656,2000-01-04,2026-09-04,ok
9434.T,1880,2018-12-19,2026-09-04,ok
9437.T,0,,,HTTP Error 404: Not Found
9602.T,6656,2000-01-04,2026-09-04,ok
9605.T,6397,2001-01-01,2026-09-04,ok
9613.T,0,,,HTTP Error 404: Not Found
9681.T,0,,,HTTP Error 404: Not Found
9735.T,6656,2000-01-04,2026-09-04,ok
9737.T,0,,,no timestamps
9766.T,6656,2000-01-04,2026-09-04,ok
9843.T,5921,2002-10-29,2026-09-04,ok
9983.T,6656,2000-01-04,2026-09-04,ok
9984.T,6656,2000-01-04,2026-09-04,ok
^N225,6534,2000-01-04,2026-09-04,ok
