code,name,market,perk_flag,kenri_month
1301,極洋,prime,1,3月
1332,ニッスイ,prime,1,3月
1333,Ｕｍｉｏｓ,prime,1,3月
1375,ユキグニファクトリー,prime,1,3月
1377,サカタのタネ,prime,1,5月
1379,ホクト,prime,1,3月
1380,秋川牧園,standard,1,3月
1381,アクシーズ,standard,1,6月
1383,ベルグアース,standard,1,4月
1384,ホクリヨウ,standard,1,3月
1417,ミライト・ワン,prime,1,3月
1419,タマホーム,prime,1,11月
1420,サンヨーホームズ,standard,1,3月
1430,ファーストコーポレーション,standard,1,11月
1433,ベステラ,prime,1,1月
1438,岐阜造園,standard,1,9月
1446,キャンディル,standard,1,3月
1515,日鉄鉱業,prime,1,3月
1518,三井松島ホールディングス,prime,1,3月・9月
1605,ＩＮＰＥＸ,prime,1,12月
160A,アズパートナーズ,standard,1,3月・9月
1663,Ｋ＆Ｏエナジーグループ,prime,1,12月
167A,リョーサン菱洋ホールディングス,prime,1,3月
1711,ＳＤＳホールディングス,standard,1,3月・9月
1762,高松コンストラクショングループ,prime,1,3月
1766,東建コーポレーション,prime,1,4月
1780,ヤマウラ,prime,1,3月
1783,ｆａｎｔａｓｉｓｔａ,standard,1,9月
1788,三東工業社,standard,1,6月
1793,大本組,standard,1,3月
1795,マサル,standard,1,3月・9月
1801,大成建設,prime,1,3月
1803,清水建設,prime,1,3月
1822,大豊建設,standard,1,3月・9月
1828,田辺工業,standard,1,3月・9月
1848,富士ピー・エス,standard,1,9月
1860,戸田建設,prime,1,3月
1867,植木組,standard,1,9月
1873,日本ハウスホールディングス,prime,1,4月
1879,新日本建設,prime,1,9月
1899,福田組,prime,1,12月
1904,大成温調,standard,1,3月・9月
1925,大和ハウス工業,prime,1,3月
1928,積水ハウス,prime,1,1月
1952,新日本空調,prime,1,3月・9月
1965,テクノ菱和,standard,1,3月
1967,ヤマト,standard,1,3月
1976,明星工業,prime,1,3月
1992,神田通信機,standard,1,3月
1997,暁飯島工業,standard,1,2月
2001,ニップン,prime,1,3月・9月
2002,日清製粉グループ本社,prime,1,3月
2004,昭和産業,prime,1,3月
2009,鳥越製粉,standard,1,6月・12月
2053,中部飼料,prime,1,3月・9月
2108,日本甜菜製糖,prime,1,3月
2109,ＤＭ三井製糖,prime,1,3月
2112,塩水港精糖,standard,1,3月
2114,フジ日本,standard,1,9月
2117,ウェルネオシュガー,prime,1,3月
2120,ＬＩＦＵＬＬ,prime,1,3月・9月
2122,インタースペース,standard,1,3月・9月
212A,フィットイージー,prime,1,10月
2139,中広,standard,1,3月
2157,コシダカホールディングス,prime,1,2月・8月
2164,地域新聞社,standard,1,2月・8月
2168,パソナグループ,prime,1,5月
2170,リンクアンドモチベーション,prime,1,6月・12月
2179,成学社,standard,1,3月
2185,シイエム・シイ,standard,1,9月
2186,ソーバル,standard,1,8月
2198,アイ・ケイ・ケイホールディングス,prime,1,4月
2201,森永製菓,prime,1,9月
2204,中村屋,standard,1,3月
2206,江崎グリコ,prime,1,6月
2207,ｍｅｉｔｏ,prime,1,3月・9月
2208,ブルボン,standard,1,9月
2209,井村屋グループ,prime,1,3月・9月
2211,不二家,prime,1,12月
2212,山崎製パン,prime,1,12月
2215,第一屋製パン,standard,1,12月
2216,カンロ,standard,1,12月
2217,モロゾフ,prime,1,7月
2220,亀田製菓,prime,1,9月
2221,岩塚製菓,standard,1,3月・9月
2222,寿スピリッツ,prime,1,3月
2224,コモ,standard,1,3月
2226,湖池屋,standard,1,9月
2229,カルビー,prime,1,3月
2264,森永乳業,prime,1,3月・9月
2266,六甲バター,prime,1,12月
2267,ヤクルト本社,prime,1,3月・9月
2268,Ｂ－Ｒ　サーティワン　アイスクリーム,standard,1,6月・12月
2269,明治ホールディングス,prime,1,3月
2281,プリマハム,prime,1,9月
2282,日本ハム,prime,1,3月・9月
2288,丸大食品,prime,1,9月
2292,Ｓ　Ｆｏｏｄｓ,prime,1,2月・8月
2293,滝沢ハム,standard,1,3月
2294,柿安本店,prime,1,4月
2296,伊藤ハム米久ホールディングス,prime,1,3月
2300,きょくとう,standard,1,2月
2301,学情,prime,1,10月
2305,スタジオアリス,standard,1,8月
2307,クロスキャット,prime,1,9月
2311,エプコ,standard,1,6月・12月
2325,ＮＪＳ,prime,1,6月・12月
2327,日鉄ソリューションズ,prime,1,3月
2330,フォーサイド,standard,1,12月
2335,キューブシステム,prime,1,9月
2337,いちご,prime,1,2月・8月
2340,極楽湯ホールディングス,standard,1,9月
2353,日本駐車場開発,prime,1,1月・7月
2359,コア,prime,1,3月
2375,ギグワークス,standard,1,10月
2376,サイネックス,standard,1,3月
2378,ルネサンス,prime,1,3月・9月
2379,ディップ,prime,1,2月・8月
2404,鉄人化ホールディングス,standard,1,8月
2410,キャリアデザインセンター,prime,1,3月
2418,ツカダ・グローバルホールディング,standard,1,6月・12月
2424,ブラス,standard,1,1月・7月
2425,ケアサービス,standard,1,3月
2428,ウェルネット,standard,1,6月
2432,ディー・エヌ・エー,prime,1,9月
2436,共同ピーアール,standard,1,6月
2437,Ｓｈｉｎｗａ　Ｗｉｓｅ　Ｈｏｌｄｉｎｇｓ,standard,1,5月
2454,オールアバウト,standard,1,3月・9月
2462,ライク,prime,1,5月
2464,Ａｏｂａ‐ＢＢＴ,standard,1,3月・9月
2469,ヒビノ,standard,1,3月
2480,システム・ロケーション,standard,1,3月・9月
2489,アドウェイズ,standard,1,12月
2493,イーサポートリンク,standard,1,5月
2498,オリエンタルコンサルタンツホールディングス,standard,1,6月
2501,サッポロビール,prime,1,12月
2503,キリンホールディングス,prime,1,12月
250A,シマダヤ,standard,1,3月
2531,宝ホールディングス,prime,1,3月
2533,オエノンホールディングス,prime,1,12月
253A,ＥＴＳグループ,standard,1,9月
254A,ＡＩフュージョンキャピタルグループ,standard,1,3月・7月・9月
2573,北海道コカ・コーラボトリング,standard,1,6月・12月
2579,コカ・コーラ　ボトラーズジャパンホールディングス,prime,1,6月・12月
2588,プレミアムウォーターホールディングス,standard,1,3月
2590,ダイドーグループホールディングス,prime,1,1月・7月
2593,伊藤園,prime,1,4月
2594,キーコーヒー,prime,1,3月・9月
2597,ユニカフェ,standard,1,12月
2602,日清オイリオグループ,prime,1,3月・9月
2607,不二製油,prime,1,3月
2612,かどや製油,standard,1,3月
2613,Ｊ－オイルミルズ,prime,1,3月
2652,まんだらけ,standard,1,3月・9月
2653,イオン九州,standard,1,2月・8月
2654,アスモ,standard,1,9月
2659,サンエー,prime,1,2月
2664,カワチ薬品,prime,1,3月
2668,タビオ,standard,1,2月
2669,カネ美食品,standard,1,2月・8月
2676,高千穂交易,prime,1,6月・12月
2678,アスクル,prime,1,5月・11月
2683,魚喜,standard,1,8月
2685,アンドエスティＨＤ,prime,1,2月・8月
2687,シー・ヴイ・エス・ベイエリア,standard,1,2月・8月
2689,オルバヘルスケアホールディングス,standard,1,6月
2694,焼肉坂井ホールディングス,standard,1,3月・9月
2695,くら寿司,prime,1,4月
2698,キャンドゥ,standard,1,2月・8月
2700,木徳神糧,standard,1,6月・12月
2702,日本マクドナルドホールディングス,standard,1,6月・12月
2705,大戸屋ホールディングス,standard,1,3月・9月
2708,久世,standard,1,3月
2722,ＩＫホールディングス,standard,1,5月
2726,パルグループホールディングス,prime,1,2月
2730,エディオン,prime,1,3月
2733,あらた,prime,1,3月・9月
2734,サーラコーポレーション,prime,1,11月
2735,ワッツ,standard,1,8月
2736,フェスタリアホールディングス,standard,1,8月
2737,トーメンデバイス,prime,1,9月
2742,ハローズ,prime,1,2月
2747,北雄ラッキー,standard,1,2月
2749,ＪＰホールディングス,prime,1,3月・9月
274A,ガーデン,standard,1,2月・8月
2750,石光商事,standard,1,3月・9月
2751,テンポスホールディングス,standard,1,4月・10月
2752,フジオフードグループ本社,prime,1,6月・12月
2753,あみやき亭,prime,1,3月
2762,ＳＡＮＫＯ　ＭＡＲＫＥＴＩＮＧ　ＦＯＯＤＳ,standard,1,6月・12月
2764,ひらまつ,standard,1,3月・9月
2769,ヴィレッジヴァンガードコーポレーション,standard,1,11月
2778,パレモ・ホールディングス,standard,1,2月
2789,カルラ,standard,1,2月
2790,ナフコ,standard,1,3月・9月
2791,大黒天物産,prime,1,5月
2792,ハニーズホールディングス,prime,1,5月
2796,ファーマライズホールディングス,standard,1,11月
2798,ワイズテーブルコーポレーション,standard,1,2月・8月
2801,キッコーマン,prime,1,3月
2802,味の素,prime,1,3月
2804,ブルドックソース,prime,1,3月
2805,ヱスビー食品,standard,1,3月・9月
2806,ユタカフーズ,standard,1,3月
2809,キユーピー,prime,1,11月
2810,ハウス食品グループ本社,prime,1,3月・9月
2811,カゴメ,prime,1,6月
2813,和弘食品,standard,1,3月
2814,佐藤食品工業,standard,1,3月・9月
2815,アリアケジャパン,prime,1,3月・9月
2816,ダイショー,standard,1,3月・9月
2818,ピエトロ,standard,1,3月・9月
2819,エバラ食品工業,standard,1,3月
2831,はごろもフーズ,standard,1,3月・9月
2871,ニチレイ,prime,1,12月
2872,セイヒョー,standard,1,8月
2874,横浜冷凍,prime,1,9月
2875,東洋水産,prime,1,3月
2877,日東ベスト,standard,1,3月
2882,イートアンドホールディングス,prime,1,2月・8月
2883,大冷,standard,1,9月
2884,ヨシムラ・フード・ホールディングス,prime,1,2月・5月・8月・11月
2894,石井食品,standard,1,3月
2897,日清食品ホールディングス,prime,1,3月・9月
2901,ウェルディッシュ,standard,1,2月・8月
2903,シノブフーズ,standard,1,3月
2904,一正蒲鉾,standard,1,6月
2907,あじかん,standard,1,3月・9月
2908,フジッコ,prime,1,3月
2910,ロック・フィールド,prime,1,4月・10月
2911,旭松食品,standard,1,3月・9月
2915,ケンコーマヨネーズ,prime,1,3月
2916,仙波糖化工業,standard,1,9月
2917,大森屋,standard,1,9月
2922,なとり,prime,1,3月
2923,サトウ食品,standard,1,10月
2927,ＡＦＣ－ＨＤアムスライフサイエンス,standard,1,2月・8月
2930,北の達人コーポレーション,prime,1,2月
2931,ユーグレナ,prime,1,12月
2932,ＳＴＩフードホールディングス,standard,1,12月
2933,紀文食品,prime,1,9月
2935,ピックルスホールディングス,prime,1,2月
2938,オカムラ食品工業,standard,1,6月
2970,ＧＬＣ　ＧＲＯＵＰ,standard,1,6月・12月
297A,アルピコホールディングス,standard,1,3月
2984,ヤマイチエステート,standard,1,3月
2999,ホームポジション,standard,1,8月
3001,片倉工業,standard,1,12月
3002,グンゼ,prime,1,3月・9月
3003,ヒューリック,prime,1,12月
300A,ＭＩＣ,standard,1,9月
3010,ポラリス・ホールディングス,standard,1,3月
3020,アプライド,standard,1,3月
3024,クリエイト,standard,1,3月
3028,アルペン,prime,1,6月・12月
3030,ハブ,standard,1,2月
3031,ラクーンホールディングス,prime,1,4月・10月
3034,クオールホールディングス,prime,1,3月
3035,ケイティケイ,standard,1,8月
3036,アルコニックス,prime,1,3月
3038,神戸物産,prime,1,10月
3041,ビューティカダンホールディングス,standard,1,6月
3045,カワサキ,standard,1,2月・8月
3046,ジンズホールディングス,prime,1,8月
3048,ビックカメラ,prime,1,2月・8月
3050,ＤＣＭホールディングス,prime,1,2月
3053,ペッパーフードサービス,standard,1,6月・12月
3054,ハイパー,standard,1,12月
3058,三洋堂ホールディングス,standard,1,3月
3059,ヒラキ,standard,1,3月
3065,ライフフーズ,standard,1,2月・8月
3067,東京一番フーズ,standard,1,3月・9月
3068,ＷＤＩ,standard,1,3月
3069,ＪＦＬＡホールディングス,standard,1,3月・9月
3071,ストリーム,standard,1,1月
3075,銚子丸,standard,1,2月・8月
3077,ホリイフードサービス,standard,1,11月
3080,ジェーソン,standard,1,2月
3082,きちりホールディングス,standard,1,6月・12月
3083,スターシーズ,standard,1,8月
3086,Ｊ．フロント　リテイリング,prime,1,2月・8月
3087,ドトール・日レスホールディングス,prime,1,2月
3088,マツキヨココカラ＆カンパニー,prime,1,3月・9月
3091,ブロンコビリー,prime,1,6月・12月
3093,トレジャー・ファクトリー,prime,1,2月
3096,オーシャンシステム,standard,1,3月・9月
3097,物語コーポレーション,prime,1,6月・12月
3099,三越伊勢丹ホールディングス,prime,1,3月・9月
3113,ＵＮＩＶＡ・Ｏａｋホールディングス,standard,1,3月
3121,マーチャント・バンカーズ,standard,1,10月
3134,Ｈａｍｅｅ,standard,1,4月・10月
3135,マーケットエンタープライズ,standard,1,6月・12月
3137,ファンデリー,standard,1,3月
3138,富士山マガジンサービス,standard,1,12月
3139,ラクト・ジャパン,prime,1,11月
3143,オーウイル,standard,1,9月
3148,クリエイトＳＤホールディングス,prime,1,5月
3151,バイタルケーエスケー・ホールディングス,prime,1,3月
3153,八洲電機,prime,1,9月
3154,メディアスホールディングス,prime,1,6月
3157,ジオリーブグループ,standard,1,3月
3159,丸善ＣＨＩホールディングス,standard,1,7月
3160,大光,standard,1,5月・11月
3166,ＯＣＨＩホールディングス,standard,1,3月
3167,ＴＯＫＡＩホールディングス,prime,1,3月・9月
3168,ＭＥＲＦ,standard,1,8月
3169,ミサワ,standard,1,1月
3172,ティーライフ,standard,1,1月・7月
3173,Ｃｏｍｉｎｉｘ,standard,1,3月
3174,ハピネス・アンド・ディ,standard,1,2月・8月
3175,エー・ピーホールディングス,standard,1,3月・9月
3176,三洋貿易,prime,1,9月
3178,チムニー,standard,1,3月・9月
3179,シュッピン,prime,1,3月
3180,ビューティガレージ,prime,1,4月
3181,買取王国,standard,1,2月
3183,ウイン・パートナーズ,prime,1,3月
3189,ＡＮＡＰホールディングス,standard,1,2月・8月
3190,ホットマン,standard,1,9月
3191,ジョイフル本田,prime,1,6月
3193,エターナルホスピタリティグループ,prime,1,1月・7月
3195,ジェネレーションパス,standard,1,10月
3196,ホットランドホールディングス,prime,1,6月・12月
3197,すかいらーくホールディングス,prime,1,6月・12月
3199,綿半ホールディングス,prime,1,9月
3201,日本毛織,prime,1,5月
3202,ダイトウボウ,standard,1,3月
3204,トーア紡コーポレーション,standard,1,12月
3205,ダイドーリミテッド,standard,1,3月
3221,ヨシックスホールディングス,prime,1,3月・9月
3222,ユナイテッド・スーパーマーケット・ホールディングス,standard,1,2月・8月
3223,エスエルディー,standard,1,2月
3232,三重交通グループホールディングス,prime,1,3月・9月
3242,アーバネットコーポレーション,standard,1,6月・12月
3246,コーセーアールイー,standard,1,1月
3286,トラストホールディングス,standard,1,6月
3289,東急不動産ホールディングス,prime,1,3月・9月
3291,飯田グループホールディングス,prime,1,3月
3297,東武住販,standard,1,5月
3302,帝国繊維,prime,1,12月
3306,日本製麻,standard,1,3月・9月
3317,フライングガーデン,standard,1,3月
3320,クロスプラス,standard,1,1月
3326,ランシステム,standard,1,3月
3329,東和フードサービス,standard,1,4月・10月
3350,メタプラネット,standard,1,3月・6月・9月・12月
3355,クリヤマホールディングス,standard,1,12月
3358,Ｔｒａｉｌｈｅａｄ　Ｇｌｏｂａｌ　Ｈｏｌｄｉｎｇｓ,standard,1,3月・9月
3361,トーエル,standard,1,4月・10月
3370,フジタコーポレーション,standard,1,3月
3371,ソフトクリエイトホールディングス,prime,1,3月・9月
3372,関門海,standard,1,3月・9月
3377,バイク王＆カンパニー,standard,1,11月
3382,セブン＆アイ・ホールディングス,prime,1,2月
3387,クリエイト・レストランツ・ホールディングス,prime,1,2月・8月
3391,ツルハホールディングス,prime,1,2月
3392,デリカフーズホールディングス,standard,1,9月
3395,サンマルクホールディングス,prime,1,3月
3396,フェリシモ,standard,1,8月
3397,トリドールホールディングス,prime,1,3月・9月
3399,丸千代山岡家,standard,1,1月・7月
3405,クラレ,prime,1,6月・12月
3415,ＴＯＫＹＯ　ＢＡＳＥ,prime,1,1月
3416,ピクスタ,standard,1,12月
3421,稲葉製作所,standard,1,1月・7月
3423,エスイー,standard,1,3月
3434,アルファＣｏ,standard,1,3月
3435,サンコーテクノ,standard,1,3月・9月
343A,ＩＡＣＥトラベル,standard,1,3月
3447,信和,standard,1,9月
3454,ファーストブラザーズ,standard,1,11月
3457,Ａｎｄ　Ｄｏホールディングス,prime,1,6月
3461,パルマ,standard,1,9月
3465,ケイアイスター不動産,prime,1,3月・9月
3467,アグレ都市デザイン,standard,1,3月
3469,デュアルタップ,standard,1,6月
3475,グッドコムアセット,prime,1,10月
3482,ロードスターキャピタル,prime,1,6月・12月
3484,イノベーションホールディングス,standard,1,3月
3490,アズ企画設計,standard,1,2月・8月
3494,マリオン,standard,1,9月
3498,霞ヶ関キャピタル,prime,1,8月
3501,ＳＵＭＩＮＯＥ,prime,1,5月
3512,日本フエルト,standard,1,3月
3521,テルマー湯ホールディングス,standard,1,3月
3529,アツギ,standard,1,3月・9月
3536,アクサスホールディングス,standard,1,8月
3537,昭栄薬品,standard,1,9月
3538,ウイルプラスホールディングス,standard,1,6月
3539,ＪＭホールディングス,prime,1,7月
3543,コメダホールディングス,prime,1,2月・8月
3547,ユニシアホールディングス,standard,1,5月・11月
3548,バロックジャパンリミテッド,prime,1,2月・8月
3549,クスリのアオキホールディングス,standard,1,5月
3560,ほぼ日,standard,1,8月
3561,力の源ホールディングス,prime,1,3月・9月
3563,ＦＯＯＤ　＆　ＬＩＦＥ　ＣＯＭＰＡＮＩＥＳ,prime,1,3月・9月
3569,セーレン,prime,1,3月・9月
3577,東海染工,standard,1,3月
3591,ワコールホールディングス,prime,1,3月・9月
3598,山喜,standard,1,3月・9月
3607,クラウディアホールディングス,standard,1,8月
3608,ＴＳＩホールディングス,prime,1,2月・8月
3612,ワールド,prime,1,2月・8月
3633,ＧＭＯペパボ,standard,1,6月・12月
3634,ソケッツ,standard,1,3月
3635,コーエーテクモホールディングス,prime,1,3月
3639,ボルテージ,standard,1,12月
3641,パピレス,standard,1,3月
3646,駅探,standard,1,3月・9月
3648,ＡＧＳ,standard,1,3月・9月
3660,アイスタイル,prime,1,6月
3662,エイチームホールディングス,prime,1,1月・7月
3663,セルシス,prime,1,6月・12月
3665,エニグモ,prime,1,7月
3667,ｅｎｉｓｈ,standard,1,12月
3670,協立情報通信,standard,1,3月
3676,デジタルハーツホールディングス,prime,1,3月
3679,じげん,prime,1,3月・9月
367A,プリモグローバルホールディングス,standard,1,8月
3690,イルグルム,standard,1,3月・9月
3694,オプティム,prime,1,3月
3696,セレス,prime,1,12月
3708,特種東海製紙,prime,1,3月
3710,ジョルダン,standard,1,3月・9月
3712,情報企画,standard,1,9月
3719,ＡＩストーム,standard,1,12月
3726,フォーシーズＨＤ,standard,1,9月
3744,サイオス,standard,1,12月
3750,ＡＤＲバイオメディカルホールディングス,standard,1,3月・9月
3758,アエリア,standard,1,12月
3760,ケイブ,standard,1,5月
3762,テクマトリックス,prime,1,9月
3763,プロシップ,prime,1,3月
3768,リスクモンスター,standard,1,9月
3769,ＧＭＯペイメントゲートウェイ,prime,1,3月・9月
3771,システムリサーチ,prime,1,9月
3772,ウェルス・マネジメント,standard,1,6月・9月・12月
3778,さくらインターネット,prime,1,3月・9月
3788,ＧＭＯグローバルサイン・ホールディングス,prime,1,6月・12月
3796,いい生活,standard,1,9月
3799,キーウェアソリューションズ,standard,1,3月・9月
3800,ユニリタ,standard,1,3月
3802,エコミック,standard,1,3月
3823,ＴＨＥ　ＷＨＹ　ＨＯＷ　ＤＯ　ＣＯＭＰＡＮＹ,standard,1,2月
3826,システムインテグレータ,standard,1,8月
3839,ＯＤＫソリューションズ,standard,1,3月・9月
3842,ネクストジェン,standard,1,3月
3843,フリービット,prime,1,4月
3844,コムチュア,prime,1,3月・9月
3848,データ・アプリケーション,standard,1,3月
3853,アステリア,prime,1,3月
3861,王子ホールディングス,prime,1,3月・9月
3863,日本製紙,prime,1,3月
3864,三菱製紙,prime,1,3月
386A,みのや,standard,1,6月
3880,大王製紙,prime,1,3月
3892,岡山製紙,standard,1,5月
3903,ｇｕｍｉ,prime,1,4月・10月
3908,コラボス,standard,1,3月
3912,モバイルファクトリー,standard,1,3月・9月
3922,ＰＲ　ＴＩＭＥＳ,prime,1,2月
3926,オープンドア,standard,1,3月
3927,フーバーブレイン,standard,1,3月
3934,ベネフィットジャパン,standard,1,3月
3935,エディア,standard,1,2月
3939,カナミックネットワーク,prime,1,9月
3943,大石産業,standard,1,3月
3946,トーモク,prime,1,3月・8月
3950,ザ・パック,prime,1,6月・12月
3954,昭和パックス,standard,1,3月
3958,笹徳印刷,standard,1,6月
3962,チェンジホールディングス,prime,1,6月・12月
3964,オークネット,prime,1,9月・12月
3965,キャピタル・アセット・プランニング,standard,1,9月
3968,セグエグループ,prime,1,12月
3969,エイトレッド,standard,1,3月・9月
3974,ＳＣＡＴ,standard,1,10月
3981,ビーグリー,standard,1,12月
3983,オロ,prime,1,12月
3984,ユーザーローカル,prime,1,6月
3985,テモナ,standard,1,3月・9月
3986,ビーブレイクシステムズ,standard,1,6月
3992,ニーズウェル,prime,1,3月
3994,マネーフォワード,prime,1,5月・11月
3997,トレードワークス,standard,1,12月
4008,住友精化,prime,1,3月・9月
4016,ＭＩＴホールディングス,standard,1,11月
4025,多木化学,prime,1,12月
4040,南海化学,standard,1,3月
4045,東亞合成,prime,1,12月
4051,ＧＭＯフィナンシャルゲート,prime,1,3月・9月
4053,Ｓｕｎ　Ａｓｔｅｒｉｓｋ,prime,1,12月
4061,デンカ,prime,1,3月・9月
4064,日本カーバイド工業,prime,1,3月・9月
4072,電算システムホールディングス,prime,1,12月
4088,エア・ウォーター,prime,1,3月
4094,日本化学産業,standard,1,3月・9月
409A,オリオンビール,prime,1,3月
4102,丸尾カルシウム,standard,1,3月
4124,大阪油化工業,standard,1,3月・9月
417A,ブルーゾーンホールディングス,prime,1,3月
4193,ファブリカホールディングス,standard,1,3月・9月
4196,ネオマーケティング,standard,1,9月
4197,アスマーク,standard,1,11月
4218,ニチバン,prime,1,9月
4220,リケンテクノス,prime,1,3月・9月
4221,大倉工業,prime,1,12月
4245,ダイキアクシス,standard,1,12月
4247,ポバール興業,standard,1,3月
4275,カーリット,prime,1,3月
4284,ソルクシーズ,standard,1,6月
4286,ＣＬホールディングス,standard,1,6月
428A,サイプレス・ホールディングス,standard,1,2月・8月
4290,プレステージ・インターナショナル,prime,1,3月・9月
4293,セプテーニ・ホールディングス,standard,1,12月
4299,ハイマックス,standard,1,3月
4301,アミューズ,prime,1,3月
4310,ドリームインキュベータ,prime,1,3月
4318,クイック,prime,1,3月
4323,日本システム技術,prime,1,3月・9月
4326,インテージホールディングス,prime,1,12月
4335,ＩＰＳホールディングス,standard,1,6月
4337,ぴあ,prime,1,3月
4343,イオンファンタジー,prime,1,2月・8月
4344,ソースネクスト,prime,1,12月
4351,山田再生系債権回収総合事務所,standard,1,6月・12月
4362,日本精化,prime,1,3月
4365,松本油脂製薬,standard,1,3月・9月
4366,ダイトーケミックス,standard,1,3月
4373,シンプレクス・ホールディングス,prime,1,9月
4382,ＨＥＲＯＺ,standard,1,4月・10月
4386,ＳＩＧグループ,standard,1,3月
4392,ＦＩＧ,prime,1,12月
4398,ブロードバンドセキュリティ,standard,1,6月・12月
4404,ミヨシ油脂,standard,1,12月
4409,東邦化学工業,standard,1,3月
4421,ディ・アイ・システム,standard,1,9月
4432,ウイングアーク１ｓｔ,prime,1,2月・8月
4433,ヒト・コミュニケーションズ・ホールディングス,prime,1,8月
4439,東名,standard,1,2月
4441,トビラシステムズ,standard,1,10月
4452,花王,prime,1,12月
4461,第一工業製薬,prime,1,3月
4462,石原ケミカル,prime,1,3月・9月
4463,日華化学,standard,1,12月
4465,ニイタカ,standard,1,5月・11月
4491,コンピューターマネージメント,standard,1,9月
4524,森下仁丹,standard,1,3月・9月
4526,理研ビタミン,prime,1,3月・9月
4527,ロート製薬,prime,1,3月
4538,扶桑薬品工業,prime,1,3月
4539,日本ケミファ,standard,1,3月・9月
4540,ツムラ,prime,1,9月
4543,テルモ,prime,1,3月・9月
4549,栄研化学,prime,1,3月
4559,ゼリア新薬工業,prime,1,3月・9月
4577,ダイト,prime,1,5月・11月
4578,大塚ホールディングス,prime,1,12月
4611,大日本塗料,prime,1,3月
4616,川上塗料,standard,1,11月
4624,イサム塗料,standard,1,3月
4625,アトミクス,standard,1,3月
4628,エスケー化研,standard,1,3月
4633,サカタインクス,prime,1,12月
4634,ａｒｔｉｅｎｃｅ,prime,1,6月
4635,東京インキ,standard,1,3月
4642,オリジナル設計,standard,1,6月
4645,市進ホールディングス,standard,1,2月
4650,ＳＤエンターテイメント,standard,1,3月
4658,日本空調サービス,prime,1,9月
4661,オリエンタルランド,prime,1,3月・9月
4665,ダスキン,prime,1,3月・9月
4666,パーク２４,prime,1,10月
4667,アイサンテクノロジー,standard,1,3月
4668,明光ネットワークジャパン,prime,1,8月
4676,フジ・メディア・ホールディングス,prime,1,3月・9月
4678,秀英予備校,standard,1,3月
4679,田谷,standard,1,3月
4680,ラウンドワン,prime,1,3月・6月・9月・12月
4681,リゾートトラスト,prime,1,3月
4691,ワシントンホテル,standard,1,3月
4694,ビー・エム・エル,prime,1,3月
4707,キタック,standard,1,10月
4712,ＫｅｙＨｏｌｄｅｒ,standard,1,6月
4718,早稲田アカデミー,prime,1,3月・9月
4719,アルファシステムズ,prime,1,9月
4720,城南進学研究社,standard,1,3月
4725,ＣＡＣ　Ｈｏｌｄｉｎｇｓ,prime,1,12月
4732,ユー・エス・エス,prime,1,3月・9月
4733,オービックビジネスコンサルタント,prime,1,3月
4746,東計電算,standard,1,12月
4751,サイバーエージェント,prime,1,9月
4754,トスネット,standard,1,3月
4755,楽天グループ,prime,1,6月・12月
4762,エックスネット,standard,1,3月・9月
4763,クリーク・アンド・リバー社,prime,1,2月
4765,ＳＢＩグローバルアセットマネジメント,prime,1,3月
4766,ピーエイ,standard,1,12月
4767,テー・オー・ダブリュー,standard,1,6月
3640,電算,standard,0,
8604,野村ホールディングス,prime,0,
6977,日本抵抗器製作所,standard,0,
9028,ゼロ,standard,0,
5943,ノーリツ,prime,0,
7847,グラファイトデザイン,standard,0,
9514,エフオン,standard,0,
9743,丹青社,prime,0,
1852,淺沼組,prime,0,
6459,だいわ,prime,0,
6787,メイコー,prime,0,
3156,レスター,prime,0,
5857,ＡＲＥホールディングス,prime,0,
6055,ジャパンマテリアル,prime,0,
4569,杏林製薬,prime,0,
7247,ミクニ,standard,0,
6098,リクルートホールディングス,prime,0,
6268,ナブテスコ,prime,0,
6165,パンチ工業,standard,0,
6929,日本セラミック,prime,0,
4512,わかもと製薬,standard,0,
4914,高砂香料工業,prime,0,
6626,ＳＥＭＩＴＥＣ,standard,0,
3947,ダイナパック,standard,0,
4231,タイガースポリマー,standard,0,
2345,ＨＯＤＬ１,standard,0,
4627,ナトコ,standard,0,
5233,太平洋セメント,prime,0,
8871,ゴールドクレスト,standard,0,
5133,テリロジーホールディングス,standard,0,
3386,コスモ・バイオ,standard,0,
6149,小田原エンジニアリング,standard,0,
6125,岡本工作機械製作所,standard,0,
6496,中北製作所,standard,0,
7544,スリーエフ,standard,0,
1407,ウエストホールディングス,standard,0,
5101,横浜ゴム,prime,0,
7898,ウッドワン,standard,0,
4202,ダイセル,prime,0,
1939,四電工,prime,0,
1811,錢高組,standard,0,
2270,雪印メグミルク,prime,0,
7991,マミヤ・オーピー,standard,0,
255A,ジーエルテクノホールディングス,standard,0,
5423,東京製鐵,prime,0,
1787,ナカボーテック,standard,0,
6391,加地テック,standard,0,
7368,表示灯,standard,0,
7673,ダイコー通産,standard,0,
4736,日本ラッド,standard,0,
6741,日本信号,prime,0,
9502,中部電力,prime,0,
6677,エスケーエレクトロニクス,standard,0,
8144,デンキョーグループホールディングス,standard,0,
7399,ナンシン,standard,0,
5464,モリ工業,standard,0,
2146,ＵＴグループ,prime,0,
6022,赤阪鐵工所,standard,0,
7283,愛三工業,prime,0,
6118,アイダエンジニアリング,prime,0,
5013,ユシロ,standard,0,
268A,リガク・ホールディングス,prime,0,
8103,明和産業,prime,0,
9716,乃村工藝社,prime,0,
6138,ダイジェット工業,standard,0,
5901,東洋製罐グループホールディングス,prime,0,
6099,エラン,prime,0,
6349,小森コーポレーション,prime,0,
3918,ＰＣＩホールディングス,standard,0,
4536,参天製薬,prime,0,
6254,野村マイクロ・サイエンス,prime,0,
5742,エヌアイシ・オートテック,standard,0,
6539,ＭＳ－Ｊａｐａｎ,prime,0,
4243,ニックス,standard,0,
4046,大阪ソーダ,prime,0,
5951,ダイニチ工業,standard,0,
8595,ジャフコ　グループ,prime,0,
5380,新東,standard,0,
9087,タカセ,standard,0,
9220,エフビー介護サービス,standard,0,
9932,杉本商事,prime,0,
5542,新報国マテリアル,standard,0,
1981,協和日成,standard,0,
6965,浜松ホトニクス,prime,0,
2485,ティア,standard,0,
6334,明治機械,standard,0,
5851,リョービ,prime,0,
1893,五洋建設,prime,0,
6994,指月電機製作所,standard,0,
2429,ワールドホールディングス,prime,0,
1429,日本アクア,prime,0,
1975,朝日工業社,prime,0,
1799,第一建設工業,standard,0,
9075,福山通運,prime,0,
7115,アルファパーチェス,standard,0,
6986,双葉電子工業,prime,0,
7183,あんしん保証,standard,0,
6445,ジャノメ,prime,0,
5189,櫻護謨,standard,0,
5831,しずおかフィナンシャルグループ,prime,0,
6857,アドバンテスト,prime,0,
5802,住友電気工業,prime,0,
4673,川崎地質,standard,0,
3920,アイビーシー,standard,0,
3480,ジェイ・エス・ビー,prime,0,
7477,ムラキ,standard,0,
8345,岩手銀行,prime,0,
3104,富士紡ホールディングス,prime,0,
4212,積水樹脂,prime,0,
3417,大木ヘルスケアホールディングス,standard,0,
5391,エーアンドエーマテリアル,standard,0,
8416,高知銀行,standard,0,
9845,パーカーコーポレーション,standard,0,
6703,沖電気工業,prime,0,
5726,大阪チタニウムテクノロジーズ,prime,0,
6999,ＫＯＡ,prime,0,
4752,昭和システムエンジニアリング,standard,0,
7366,ＬＩＴＡＬＩＣＯ,prime,0,
6744,能美防災,prime,0,
6266,タツモ,prime,0,
6633,ＣＧＳホールディングス,standard,0,
7224,新明和工業,prime,0,
2332,クエスト,standard,0,
4334,ユークス,standard,0,
6834,精工技研,standard,0,
6566,要興業,standard,0,
6497,ハマイ,standard,0,
4464,ソフト９９コーポレーション,standard,0,
7807,幸和製作所,standard,0,
6982,リード,standard,0,
7749,メディキット,standard,0,
5201,ＡＧＣ,prime,0,
9812,テーオーホールディングス,standard,0,
5268,旭コンクリート工業,standard,0,
3878,巴川コーポレーション,standard,0,
7161,じもとホールディングス,standard,0,
2440,ぐるなび,standard,0,
8944,ランドビジネス,standard,0,
2929,ファーマフーズ,prime,0,
9034,南総通運,standard,0,
9984,ソフトバンクグループ,prime,0,
8014,蝶理,prime,0,
6317,北川鉄工所,standard,0,
4595,ミズホメディー,standard,0,
7760,ＩＭＶ,standard,0,
7367,セルム,standard,0,
6875,メガチップス,prime,0,
4183,三井化学,prime,0,
9365,トレーディア,standard,0,
7060,ギークス,standard,0,
4705,クリップコーポレーション,standard,0,
7270,ＳＵＢＡＲＵ,prime,0,
5482,愛知製鋼,prime,0,
6768,タムラ製作所,prime,0,
7220,武蔵精密工業,prime,0,
2180,サニーサイドアップグループ,standard,0,
7222,日産車体,standard,0,
9715,トランス・コスモス,prime,0,
5194,相模ゴム工業,standard,0,
6357,三精テクノロジーズ,standard,0,
6464,ツバキ・ナカシマ,prime,0,
7943,ニチハ,prime,0,
4552,ＪＣＲファーマ,prime,0,
6035,アイ・アールジャパンホールディングス,standard,0,
9896,ＪＫホールディングス,standard,0,
3321,ミタチ産業,standard,0,
5962,浅香工業,standard,0,
5966,京都機械工具,standard,0,
3933,チエル,standard,0,
5388,クニミネ工業,standard,0,
8699,ＨＳホールディングス,standard,0,
3524,日東製網,standard,0,
8999,グランディハウス,prime,0,
94345,ソフトバンク第１回社債型種類株式,prime,0,
7461,キムラ,standard,0,
7414,小野建,prime,0,
5942,日本フイルコン,standard,0,
1926,ライト工業,prime,0,
1942,関電工,prime,0,
4186,東京応化工業,prime,0,
7164,全国保証,prime,0,
6776,天昇電気工業,standard,0,
2587,サントリービバレッジ＆フード,prime,0,
5819,カナレ電気,standard,0,
6635,大日光・エンジニアリング,standard,0,
8056,ＢＩＰＲＯＧＹ,prime,0,
8591,オリックス,prime,0,
6257,藤商事,standard,0,
4886,あすか製薬ホールディングス,prime,0,
3496,アズーム,prime,0,
7931,未来工業,prime,0,
3854,アイル,prime,0,
2153,Ｅ・Ｊホールディングス,prime,0,
8002,丸紅,prime,0,
6340,澁谷工業,prime,0,
1929,日特建設,prime,0,
5602,栗本鐵工所,prime,0,
6526,ソシオネクスト,prime,0,
2435,シダー,standard,0,
3627,テクミラホールディングス,standard,0,
8050,セイコーグループ,prime,0,
6699,ダイヤモンドエレクトリックホールディングス,standard,0,
6005,三浦工業,prime,0,
4502,武田薬品工業,prime,0,
5817,ＪＭＡＣＳ,standard,0,
7949,小松ウオール工業,prime,0,
9361,伏木海陸運送,standard,0,
6627,テラプローブ,standard,0,
7508,Ｇ‐７ホールディングス,prime,0,
6284,日精エー・エス・ビー機械,prime,0,
7821,前田工繊,prime,0,
6200,インソース,prime,0,
3611,マツオカコーポレーション,standard,0,
4109,ステラ　ケミファ,prime,0,
1968,太平電業,prime,0,
6718,アイホン,prime,0,
8078,阪和興業,prime,0,
6454,マックス,prime,0,
7575,日本ライフライン,prime,0,
6384,昭和真空,standard,0,
3571,ソトー,standard,0,
4776,サイボウズ,prime,0,
1951,エクシオグループ,prime,0,
4612,日本ペイントホールディングス,prime,0,
8585,オリエントコーポレーション,prime,0,
5958,三洋工業,standard,0,
7181,かんぽ生命保険,prime,0,
8141,新光商事,prime,0,
7795,ＫＹＯＲＩＴＳＵ,standard,0,
4063,信越化学工業,prime,0,
5406,神戸製鋼所,prime,0,
4887,サワイグループホールディングス,prime,0,
4644,イマジニア,standard,0,
6436,アマノ,prime,0,
6763,帝国通信工業,prime,0,
4503,アステラス製薬,prime,0,
6145,ＮＩＴＴＯＫＵ,standard,0,
8630,ＳＯＭＰＯホールディングス,prime,0,
1994,高橋カーテンウォール工業,standard,0,
5284,ヤマウホールディングス,standard,0,
1718,美樹工業,standard,0,
4685,菱友システムズ,standard,0,
4125,三和油化工業,standard,0,
3023,ラサ商事,standard,0,
4099,四国化成ホールディングス,prime,0,
6837,京写,standard,0,
5282,ジオスター,standard,0,
7509,アイエーグループ,standard,0,
5987,オーネックス,standard,0,
6753,シャープ,prime,0,
6894,パルステック工業,standard,0,
6874,協立電機,standard,0,
2585,ライフドリンク　カンパニー,prime,0,
1850,南海辰村建設,standard,0,
6269,三井海洋開発,prime,0,
4548,生化学工業,prime,0,
4996,クミアイ化学工業,prime,0,
6964,サンコー,standard,0,
7199,プレミアグループ,prime,0,
1662,石油資源開発,prime,0,
7256,河西工業,standard,0,
7775,大研医器,standard,0,
6927,ヘリオス　テクノ　ホールディング,standard,0,
4819,デジタルガレージ,prime,0,
6307,サンセイ,standard,0,
3825,リミックスポイント,standard,0,
6859,エスペック,prime,0,
6246,テクノスマート,standard,0,
7447,ナガイレーベン,prime,0,
6508,明電舎,prime,0,
5713,住友金属鉱山,prime,0,
6800,ヨコオ,prime,0,
3443,川田テクノロジーズ,prime,0,
6777,ｓａｎｔｅｃ　Ｈｏｌｄｉｎｇｓ,standard,0,
6248,横田製作所,standard,0,
3791,ＩＧポート,standard,0,
6809,ＴＯＡ,prime,0,
2914,日本たばこ産業,prime,0,
7733,オリンパス,prime,0,
4172,Ｈｉクラテス,standard,0,
8572,アコム,standard,0,
8066,三谷商事,standard,0,
5333,ＮＧＫ,prime,0,
3925,ダブルスタンダード,prime,0,
3440,日創グループ,standard,0,
6178,日本郵政,prime,0,
8708,アイザワ証券グループ,prime,0,
3865,北越コーポレーション,prime,0,
4248,竹本容器,standard,0,
9928,ミロク情報サービス,prime,0,
3252,地主,prime,0,
6209,リケンＮＰＲ,prime,0,
8130,サンゲツ,prime,0,
5408,中山製鋼所,prime,0,
9753,アイエックス・ナレッジ,standard,0,
7781,平山ホールディングス,standard,0,
6912,菊水ホールディングス,standard,0,
6770,アルプスアルパイン,prime,0,
3393,スターティアホールディングス,prime,0,
4966,上村工業,standard,0,
