date,premium_close
2020-01-01,-0.00029039
2020-01-02,-0.000206
2020-01-03,-0.00055505
2020-01-04,-0.00049217
2020-01-05,-0.00022675
2020-01-06,-0.00025396
2020-01-07,0.00031285
2020-01-08,0.00060858
2020-01-09,2.1e-07
2020-01-10,0.00177218
2020-01-11,9.372e-05
2020-01-12,0.00036002
2020-01-13,1.519e-05
2020-01-14,0.0009549
2020-01-15,0.00039117
2020-01-16,0.00031301
2020-01-17,0.00046221
2020-01-18,0.0010635
2020-01-19,0.00046264
2020-01-20,0.00056379
2020-01-21,0.0006457
2020-01-22,0.00026165
2020-01-23,0.00062928
2020-01-24,4.318e-05
2020-01-25,0.00017352
2020-01-26,-0.00035399
2020-01-27,0.00052951
2020-01-28,0.00226643
2020-01-29,0.00050642
2020-01-30,0.00111006
2020-01-31,0.00122396
2020-02-01,0.00064954
2020-02-02,0.00044974
2020-02-03,0.0008269
2020-02-04,7.417e-05
2020-02-05,0.00204468
2020-02-06,0.00061626
2020-02-07,0.00026467
2020-02-08,0.00136026
2020-02-09,0.0018322
2020-02-10,0.00147705
2020-02-11,0.00071656
2020-02-12,0.00119232
2020-02-13,0.00094803
2020-02-14,0.0011823
2020-02-15,0.00091393
2020-02-16,0.00073018
2020-02-17,0.00071357
2020-02-18,0.00092612
2020-02-19,8.5e-07
2020-02-20,0.00031021
2020-02-21,0.00027069
2020-02-22,0.00076655
2020-02-23,0.00054292
2020-02-24,0.00046888
2020-02-25,0.0010182
2020-02-26,0.00067449
2020-02-27,0.00037435
2020-02-28,0.00160995
2020-02-29,0.00087345
2020-03-01,0.00058889
2020-03-02,0.0003811
2020-03-03,0.00057096
2020-03-04,0.00074156
2020-03-05,0.00058123
2020-03-06,0.0006126
2020-03-07,0.00088507
2020-03-08,0.0003785
2020-03-09,0.00021404
2020-03-10,0.00049093
2020-03-11,0.00030624
2020-03-12,-3.2e-07
2020-03-13,-0.00178963
2020-03-14,-0.00144942
2020-03-15,-0.00101004
2020-03-16,-0.00028635
2020-03-17,-0.00111428
2020-03-18,-0.00066742
2020-03-19,-0.00072228
2020-03-20,-0.00098301
2020-03-21,0.00014622
2020-03-22,-0.0010797
2020-03-23,0.00040208
2020-03-24,-0.00014892
2020-03-25,-0.00062697
2020-03-26,-0.00012192
2020-03-27,-0.00086694
2020-03-28,-0.00102837
2020-03-29,-0.00064834
2020-03-30,-0.00109865
2020-03-31,-0.00076601
2020-04-01,-0.0006159
2020-04-02,2e-07
2020-04-03,-0.00059538
2020-04-04,-0.00065637
2020-04-05,-0.00048079
2020-04-06,-1.8e-07
2020-04-07,-0.0005344
2020-04-08,-0.00039862
2020-04-09,-0.0008179
2020-04-10,2.1e-07
2020-04-11,-8.53e-05
2020-04-12,1.8e-07
2020-04-13,-0.00030864
2020-04-14,-0.00063213
2020-04-15,-0.0004495
2020-04-16,1.3e-07
2020-04-17,-0.00091113
2020-04-18,-0.00072276
2020-04-19,-0.0003262
2020-04-20,-0.00049241
2020-04-21,-0.00078383
2020-04-22,-0.00083398
2020-04-23,2.1e-07
2020-04-24,3.914e-05
2020-04-25,-0.00049033
2020-04-26,-5.597e-05
2020-04-27,0.00022998
2020-04-28,-0.00064273
2020-04-29,0.00048016
2020-04-30,0.00060903
2020-05-01,0.0005305
2020-05-02,0.00032173
2020-05-03,0.00069708
2020-05-04,0.00017616
2020-05-05,0.0005737
2020-05-06,0.00015
2020-05-07,0.00073634
2020-05-08,0.00107262
2020-05-09,0.00173825
2020-05-10,-0.00023119
2020-05-11,1.183e-05
2020-05-12,-0.00014905
2020-05-13,-0.00027435
2020-05-14,-0.00032317
2020-05-15,-0.00044792
2020-05-16,-0.00024334
2020-05-17,-0.00043503
2020-05-18,-0.00023866
2020-05-19,-0.00028498
2020-05-20,-0.00044006
2020-05-21,-0.00057923
2020-05-22,-0.00035985
2020-05-23,-0.0003018
2020-05-24,-0.0007621
2020-05-25,-0.0003871
2020-05-26,-0.00042504
2020-05-27,-0.00042273
2020-05-28,-0.00047929
2020-05-29,-0.00049409
2020-05-30,-0.00040231
2020-05-31,-0.00075092
2020-06-01,0.00324793
2020-06-02,-0.00048247
2020-06-03,-0.00016595
2020-06-04,2.1e-07
2020-06-05,-0.00039622
2020-06-06,-0.00037834
2020-06-07,-0.00031427
2020-06-08,-0.00018362
2020-06-09,-6.007e-05
2020-06-10,0.00027135
2020-06-11,-0.00048436
2020-06-12,-0.00058886
2020-06-13,-0.00046378
2020-06-14,-0.0003122
2020-06-15,-0.00047016
2020-06-16,-0.00056663
2020-06-17,-0.00044179
2020-06-18,-0.00066913
2020-06-19,-0.00032325
2020-06-20,-0.00063946
2020-06-21,-0.00017155
2020-06-22,2.488e-05
2020-06-23,0.00084696
2020-06-24,0.00026205
2020-06-25,-9.708e-05
2020-06-26,-0.00015406
2020-06-27,-0.00015122
2020-06-28,-0.00043852
2020-06-29,-7.639e-05
2020-06-30,3.031e-05
2020-07-01,4.667e-05
2020-07-02,0.00012323
2020-07-03,-0.00012627
2020-07-04,7.039e-05
2020-07-05,-9.253e-05
2020-07-06,-0.00035044
2020-07-07,3.29e-05
2020-07-08,9.898e-05
2020-07-09,0.00014928
2020-07-10,-8.98e-06
2020-07-11,-0.00014464
2020-07-12,-0.00019555
2020-07-13,-3.808e-05
2020-07-14,-0.00011103
2020-07-15,-0.00015217
2020-07-16,-0.00028165
2020-07-17,-0.00029888
2020-07-18,0.00023033
2020-07-19,0.00017421
2020-07-20,2.1e-07
2020-07-21,-0.00044188
2020-07-22,0.0001036
2020-07-23,2.1e-07
2020-07-24,4.003e-05
2020-07-25,1.183e-05
2020-07-26,0.00081582
2020-07-27,0.00167842
2020-07-28,0.00117211
2020-07-29,0.00108048
2020-07-30,0.00097802
2020-07-31,0.00066727
2020-08-01,0.00062199
2020-08-02,0.00048927
2020-08-03,0.00053596
2020-08-04,0.00057349
2020-08-05,0.00089681
2020-08-06,0.00074649
2020-08-07,0.00036849
2020-08-08,0.00056046
2020-08-09,0.00022289
2020-08-10,0.00047914
2020-08-11,7.12e-05
2020-08-12,4.879e-05
2020-08-13,0.00130868
2020-08-14,0.00058447
2020-08-15,0.00034005
2020-08-16,0.0008255
2020-08-17,0.00137078
2020-08-18,0.00146933
2020-08-19,0.00060642
2020-08-20,0.0002682
2020-08-21,0.00063177
2020-08-22,0.00046831
2020-08-23,0.00038229
2020-08-24,7.355e-05
2020-08-25,0.00039367
2020-08-26,0.00041709
2020-08-27,0.00046135
2020-08-28,0.00028022
2020-08-29,-0.00015119
2020-08-30,0.00044471
2020-08-31,0.00054387
2020-09-01,0.00112711
2020-09-02,0.00082414
2020-09-03,-0.00037121
2020-09-04,-0.00026916
2020-09-05,0.0
2020-09-06,0.00028451
2020-09-07,0.00060203
2020-09-08,0.00037849
2020-09-09,4.564e-05
2020-09-10,-0.00010266
2020-09-11,-0.00019141
2020-09-12,-0.00022685
2020-09-13,-0.00047423
2020-09-14,-0.00042638
2020-09-15,-0.00068197
2020-09-16,-0.00059655
2020-09-17,-0.00043897
2020-09-18,-0.00049276
2020-09-19,-0.00056413
2020-09-20,-0.00025821
2020-09-21,-0.00051632
2020-09-22,-0.00032993
2020-09-23,-0.00042977
2020-09-24,-0.00078755
2020-09-25,-0.00035023
2020-09-26,-0.00027745
2020-09-27,-0.00069136
2020-09-28,-0.00023352
2020-09-29,-0.0002006
2020-09-30,-0.00054434
2020-10-01,-0.00050204
2020-10-02,-0.00024836
2020-10-03,-0.00046565
2020-10-04,-0.00047513
2020-10-05,-0.00060846
2020-10-06,-0.00045195
2020-10-07,-0.0006057
2020-10-08,-0.00050375
2020-10-09,0.0
2020-10-10,0.00012973
2020-10-11,0.00015251
2020-10-12,0.0
2020-10-13,-0.00024189
2020-10-14,-0.00023082
2020-10-15,-6.97e-05
2020-10-16,0.00011977
2020-10-17,-0.00038194
2020-10-18,-0.00021836
2020-10-19,-0.0003931
2020-10-20,-0.00058712
2020-10-21,0.00078608
2020-10-22,0.0
2020-10-23,0.00030018
2020-10-24,-0.00019465
2020-10-25,-0.00038267
2020-10-26,-0.00060718
2020-10-27,-0.00078959
2020-10-28,-0.00075213
2020-10-29,-0.00064248
2020-10-30,-0.00076759
2020-10-31,-0.00046253
2020-11-01,-0.00030852
2020-11-02,-0.00075865
2020-11-03,-0.00032194
2020-11-04,-0.00066764
2020-11-05,0.00054633
2020-11-06,0.00084876
2020-11-07,0.0001402
2020-11-08,-7.035e-05
2020-11-09,7.423e-05
2020-11-10,-0.00015744
2020-11-11,0.00031275
2020-11-12,0.0
2020-11-13,0.0
2020-11-14,-0.00037321
2020-11-15,-0.0003183
2020-11-16,-0.00028996
2020-11-17,0.00076167
2020-11-18,0.00012754
2020-11-19,0.00057167
2020-11-20,0.00015751
2020-11-21,0.00112417
2020-11-22,0.00141228
2020-11-23,0.00080774
2020-11-24,0.0011767
2020-11-25,0.00108714
2020-11-26,0.00053588
2020-11-27,0.00016788
2020-11-28,3.284e-05
2020-11-29,-0.00027722
2020-11-30,0.00119976
2020-12-01,0.00040757
2020-12-02,0.0
2020-12-03,0.00047418
2020-12-04,0.00072845
2020-12-05,-0.00020031
2020-12-06,0.0004643
2020-12-07,0.00019552
2020-12-08,-6.986e-05
2020-12-09,-0.0002407
2020-12-10,-4.368e-05
2020-12-11,8.51e-05
2020-12-12,3.937e-05
2020-12-13,-0.00022568
2020-12-14,-4.468e-05
2020-12-15,-7.304e-05
2020-12-16,0.00029913
2020-12-17,0.00073427
2020-12-18,0.00052642
2020-12-19,0.00062131
2020-12-20,0.00041755
2020-12-21,0.00091167
2020-12-22,0.00058095
2020-12-23,-0.00013892
2020-12-24,0.00066924
2020-12-25,0.00050009
2020-12-26,0.00031142
2020-12-27,0.00075559
2020-12-28,0.00072562
2020-12-29,0.0009699
2020-12-30,0.00093998
2020-12-31,0.00082526
2021-01-01,0.00030875
2021-01-02,0.00022777
2021-01-03,0.0016545
2021-01-04,0.00107243
2021-01-05,0.00137275
2021-01-06,0.00217334
2021-01-07,0.00149744
2021-01-08,0.00140299
2021-01-09,0.00093779
2021-01-10,0.00129827
2021-01-11,0.00022493
2021-01-12,0.00017379
2021-01-13,0.00127384
2021-01-14,0.0005705
2021-01-15,-0.00018846
2021-01-16,0.00052984
2021-01-17,0.00130561
2021-01-18,0.00165549
2021-01-19,-0.00044815
2021-01-20,0.00096412
2021-01-21,0.0017035
2021-01-22,0.00083194
2021-01-23,0.0004377
2021-01-24,0.00056492
2021-01-25,0.00016724
2021-01-26,6.317e-05
2021-01-27,-0.00012188
2021-01-28,0.00095857
2021-01-29,0.00020252
2021-01-30,0.00083499
2021-01-31,0.00095623
2021-02-01,0.00081635
2021-02-02,0.00125935
2021-02-03,0.0006317
2021-02-04,0.00063274
2021-02-05,0.0017225
2021-02-06,0.00152448
2021-02-07,0.0010917
2021-02-08,0.0011172
2021-02-09,0.00186391
2021-02-10,0.00105279
2021-02-11,0.00200401
2021-02-12,0.00170573
2021-02-13,0.00125333
2021-02-14,0.00132738
2021-02-15,0.00168538
2021-02-16,0.0011386
2021-02-17,0.00150487
2021-02-18,0.00062978
2021-02-19,0.00181396
2021-02-20,0.0009889
2021-02-21,0.00112504
2021-02-22,0.0008566
2021-02-23,0.00050379
2021-02-24,0.00091177
2021-02-25,-0.00094936
2021-02-26,0.00025406
2021-02-27,-2.022e-05
2021-02-28,0.00098378
2021-03-01,2.418e-05
2021-03-02,0.00039076
2021-03-03,0.00032745
2021-03-04,0.00032163
2021-03-05,0.00053199
2021-03-06,0.00037184
2021-03-07,-0.00016953
2021-03-08,0.00092612
2021-03-09,0.00066952
2021-03-10,0.00198627
2021-03-11,0.00128054
2021-03-12,0.00079758
2021-03-13,0.00099317
2021-03-14,0.00047198
2021-03-15,0.00099851
2021-03-16,0.00089786
2021-03-17,0.00065526
2021-03-18,0.00091404
2021-03-19,0.00093409
2021-03-20,0.00084438
2021-03-21,0.00135479
2021-03-22,0.00056186
2021-03-23,0.00095873
2021-03-24,5.152e-05
2021-03-25,0.00039677
2021-03-26,3.537e-05
2021-03-27,0.00015471
2021-03-28,0.00033955
2021-03-29,0.00093353
2021-03-30,0.00087273
2021-03-31,0.00123609
2021-04-01,0.00112664
2021-04-02,0.00123531
2021-04-03,0.00147024
2021-04-04,0.00067396
2021-04-05,0.00191959
2021-04-06,0.00120206
2021-04-07,0.00118356
2021-04-08,0.00069899
2021-04-09,0.00051782
2021-04-10,0.00106139
2021-04-11,0.00136709
2021-04-12,0.0008327
2021-04-13,0.00087602
2021-04-14,0.00098419
2021-04-15,0.0011189
2021-04-16,0.00105641
2021-04-17,0.00150115
2021-04-18,-1.947e-05
2021-04-19,-4.49e-05
2021-04-20,-0.00011598
2021-04-21,-3.289e-05
2021-04-22,0.00031897
2021-04-23,-5.139e-05
2021-04-24,0.0007952
2021-04-25,0.0
2021-04-26,-0.00028316
2021-04-27,-0.00028735
2021-04-28,0.00022939
2021-04-29,8.285e-05
2021-04-30,-0.00021725
2021-05-01,0.00057366
2021-05-02,0.00083926
2021-05-03,0.00054286
2021-05-04,0.00135827
2021-05-05,0.0010164
2021-05-06,0.00079135
2021-05-07,0.00059813
2021-05-08,0.00109375
2021-05-09,0.00080391
2021-05-10,0.00091986
2021-05-11,0.00089432
2021-05-12,0.00177297
2021-05-13,0.00048289
2021-05-14,0.0005469
2021-05-15,0.00135134
2021-05-16,0.00036443
2021-05-17,0.00031654
2021-05-18,-5.33e-06
2021-05-19,0.00097517
2021-05-20,0.0
2021-05-21,-0.00089867
2021-05-22,-0.00060391
2021-05-23,-0.00105364
2021-05-24,-7.454e-05
2021-05-25,0.0
2021-05-26,-0.00046935
2021-05-27,0.00061374
2021-05-28,-0.0001332
2021-05-29,0.0
2021-05-30,0.00023059
2021-05-31,-0.00033705
2021-06-01,6.651e-05
2021-06-02,-1.799e-05
2021-06-03,0.000123
2021-06-04,-0.00037695
2021-06-05,-0.00042047
2021-06-06,8.39e-05
2021-06-07,-0.00029227
2021-06-08,-0.0002184
2021-06-09,-0.00025733
2021-06-10,-0.00015489
2021-06-11,-0.00078861
2021-06-12,3.852e-05
2021-06-13,-0.00056843
2021-06-14,-0.00075346
2021-06-15,-0.00035433
2021-06-16,-0.00026446
2021-06-17,-0.00065491
2021-06-18,-4.15e-06
2021-06-19,-0.00013119
2021-06-20,-0.00034055
2021-06-21,-0.0005779
2021-06-22,-0.00028781
2021-06-23,-0.00074608
2021-06-24,-0.00036216
2021-06-25,-0.00054886
2021-06-26,-0.00063277
2021-06-27,-0.00015583
2021-06-28,-0.00024109
2021-06-29,0.00010239
2021-06-30,-0.00039424
2021-07-02,-0.00083127
2021-07-03,-0.00051484
2021-07-04,-0.00033076
2021-07-05,-0.00060081
2021-07-06,-0.00038137
2021-07-07,-0.00037594
2021-07-08,-0.00081835
2021-07-09,-0.00025179
2021-07-10,-0.00037851
2021-07-11,-2.029e-05
2021-07-12,-0.0004428
2021-07-13,-0.00063472
2021-07-14,-0.00056082
2021-07-15,-0.0004667
2021-07-16,-0.00019332
2021-07-17,-0.00081708
2021-07-18,-0.00063142
2021-07-19,-0.00046972
2021-07-20,-0.00067009
2021-07-21,-0.00086365
2021-07-22,-0.0006173
2021-07-23,0.00062533
2021-07-28,-0.00027564
2021-07-29,-0.00028976
2021-07-30,-9e-06
2021-07-31,0.00020967
2021-08-01,-0.00050081
2021-08-02,-0.00011043
2021-08-03,5.886e-05
2021-08-04,0.00021103
2021-08-05,0.00040924
2021-08-06,-6.227e-05
2021-08-07,0.0003001
2021-08-08,0.00014596
2021-08-09,0.00013103
2021-08-10,0.0
2021-08-11,0.00015898
2021-08-12,-0.00012074
2021-08-13,-0.00015831
2021-08-14,0.00020348
2021-08-15,0.00058902
2021-08-16,0.00080423
2021-08-17,0.00025519
2021-08-18,0.00014274
2021-08-19,0.00023845
2021-08-20,-8.624e-05
2021-08-21,0.00034003
2021-08-22,0.00066993
2021-08-23,0.0005568
2021-08-24,0.00096676
2021-08-25,0.00034111
2021-08-26,9.882e-05
2021-08-27,0.00041377
2021-08-28,0.00059175
2021-08-29,0.00052711
2021-08-30,0.00100381
2021-08-31,0.00092605
2021-09-01,0.00054605
2021-09-02,0.00090711
2021-09-03,0.00063536
2021-09-04,0.00046807
2021-09-05,0.00079343
2021-09-06,0.00039211
2021-09-07,0.00063226
2021-09-08,0.00027513
2021-09-09,0.00046072
2021-09-10,0.00016193
2021-09-11,0.0004332
2021-09-12,0.00038494
2021-09-13,0.00075822
2021-09-14,-4.696e-05
2021-09-15,-0.00035508
2021-09-16,8.849e-05
2021-09-17,0.00023386
2021-09-18,-0.00040801
2021-09-19,8.727e-05
2021-09-20,0.00013766
2021-09-21,0.0006614
2021-09-22,-0.00041184
2021-09-23,-0.00079366
2021-09-24,-0.00028384
2021-09-25,-0.00063454
2021-09-26,-0.00028658
2021-09-27,-0.00042311
2021-09-28,-0.00047184
2021-09-29,-0.00075338
2021-09-30,-0.00053634
2021-10-01,-0.00050272
2021-10-02,-0.00048169
2021-10-03,-0.00019393
2021-10-04,-0.00034144
2021-10-05,-0.0002837
2021-10-06,0.00025043
2021-10-07,0.00064861
2021-10-08,0.00032131
2021-10-09,0.00036866
2021-10-10,0.00074549
2021-10-11,0.00027802
2021-10-12,0.0
2021-10-13,0.00042155
2021-10-14,0.00054827
2021-10-15,8.733e-05
2021-10-16,0.00081612
2021-10-17,0.00055148
2021-10-18,0.0002669
2021-10-19,0.00057271
2021-10-20,0.00103638
2021-10-21,0.00121254
2021-10-22,0.00077414
2021-10-23,0.00067146
2021-10-24,0.00070521
2021-10-25,0.00086237
2021-10-26,0.00040384
2021-10-27,0.00052542
2021-10-28,0.00080891
2021-10-29,0.00078275
2021-10-30,0.0003991
2021-10-31,0.00083938
2021-11-01,0.00077972
2021-11-02,0.00088427
2021-11-03,0.00061033
2021-11-04,0.00069
2021-11-05,0.00092719
2021-11-06,0.00066474
2021-11-07,0.00069938
2021-11-08,0.00135801
2021-11-09,0.00107195
2021-11-10,0.00065098
2021-11-11,0.00092491
2021-11-12,0.00048959
2021-11-13,0.00058972
2021-11-14,0.00086793
2021-11-15,0.00070214
2021-11-16,0.00031512
2021-11-17,0.00024062
2021-11-18,0.00082152
2021-11-19,0.00024901
2021-11-20,9.582e-05
2021-11-21,-8.54e-05
2021-11-22,0.0002964
2021-11-23,0.00041777
2021-11-24,0.00033505
2021-11-25,0.00058386
2021-11-26,0.00117993
2021-11-27,0.00014183
2021-11-28,0.00076554
2021-11-29,0.0009109
2021-11-30,0.00045249
2021-12-01,0.00023752
2021-12-02,0.0003996
2021-12-03,-0.00048089
2021-12-04,-0.00027451
2021-12-05,-0.00063223
2021-12-06,-0.00105988
2021-12-07,-0.00024431
2021-12-08,-0.00026487
2021-12-09,-1.526e-05
2021-12-10,0.0005668
2021-12-11,-0.00013378
2021-12-12,7.91e-06
2021-12-13,-0.00049278
2021-12-14,-0.00051942
2021-12-15,6.646e-05
2021-12-16,-0.00017408
2021-12-17,-0.00029433
2021-12-18,-0.00058807
2021-12-19,-0.00033631
2021-12-20,-0.00022297
2021-12-21,-0.00019037
2021-12-22,-0.0003511
2021-12-23,-0.00035064
2021-12-24,0.0
2021-12-25,-0.00016769
2021-12-26,-0.0001943
2021-12-27,0.00040217
2021-12-28,-0.00057811
2021-12-29,-0.00071536
2021-12-30,-0.00074994
2021-12-31,-5.897e-05
2022-01-01,-0.00035039
2022-01-02,-0.00010695
2022-01-03,6.042e-05
2022-01-04,-3.679e-05
2022-01-05,-0.00083185
2022-01-06,-0.00019985
2022-01-07,-5.095e-05
2022-01-08,0.00021071
2022-01-09,-0.00034144
2022-01-10,-0.00058662
2022-01-11,-0.00040635
2022-01-12,-0.00032464
2022-01-13,-0.00012128
2022-01-14,-0.00042723
2022-01-15,-0.00024431
2022-01-16,-0.00032213
2022-01-17,-0.00072227
2022-01-18,-0.00035017
2022-01-19,-0.00015117
2022-01-20,-0.00046879
2022-01-21,-0.00055371
2022-01-22,-0.00053814
2022-01-23,-0.00040486
2022-01-24,-0.00057974
2022-01-25,-0.00063247
2022-01-26,-0.00078715
2022-01-27,-0.00081418
2022-01-28,-0.00068299
2022-01-29,-0.00055329
2022-01-30,-0.00058347
2022-01-31,-0.00062281
2022-02-01,-0.00042612
2022-02-02,-0.00047672
2022-02-03,-0.00058183
2022-02-04,-0.00047287
2022-02-05,-0.0003062
2022-02-06,-0.00042815
2022-02-07,-0.000325
2022-02-08,-0.00038449
2022-02-09,-0.0003793
2022-02-10,-0.00093004
2022-02-11,-0.00021469
2022-02-12,-0.0004032
2022-02-13,-0.00042385
2022-02-14,-0.00031903
2022-02-15,-0.00012489
2022-02-16,-0.00028701
2022-02-17,-0.00065374
2022-02-18,-0.00034935
2022-02-19,-0.00052452
2022-02-20,-0.00031441
2022-02-21,-0.00071279
2022-02-22,-0.00049206
2022-02-23,-0.00038854
2022-02-24,-0.00024719
2022-02-25,-0.00037176
2022-02-26,-0.0003522
2022-02-27,-0.00074573
2022-02-28,-0.00024409
2022-03-01,-0.00034648
2022-03-02,-0.00021631
2022-03-03,-5.681e-05
2022-03-04,-0.00036081
2022-03-05,-0.00039302
2022-03-06,-0.00049313
2022-03-07,-0.00067976
2022-03-08,-0.00065719
2022-03-09,3.007e-05
2022-03-10,-0.00031434
2022-03-11,-0.00043486
2022-03-12,-0.00017734
2022-03-13,-0.00058693
2022-03-14,-0.00051385
2022-03-15,-0.00041325
2022-03-16,-0.00019265
2022-03-17,-0.00029696
2022-03-18,-0.00027769
2022-03-19,-0.00035647
2022-03-20,-0.00013319
2022-03-21,-0.00058414
2022-03-22,-0.00026712
2022-03-23,-0.00050592
2022-03-24,-0.00052809
2022-03-25,-0.00051359
2022-03-26,-0.00052623
2022-03-27,0.0
2022-03-28,0.00010554
2022-03-29,-0.00015837
2022-03-30,-0.00028865
2022-03-31,-0.00033456
2022-04-01,-0.00043223
2022-04-02,-0.00044394
2022-04-03,-0.00022212
2022-04-04,-0.00012701
2022-04-05,-0.00055028
2022-04-06,-0.00012541
2022-04-07,-0.00041429
2022-04-08,-0.00059932
2022-04-09,-0.00032929
2022-04-10,-0.00051174
2022-04-11,-0.00050463
2022-04-12,-0.00049837
2022-04-13,-0.00016769
2022-04-14,-0.00056966
2022-04-15,-0.0007384
2022-04-16,-0.00041895
2022-04-17,-0.00093854
2022-04-18,-0.00015218
2022-04-19,-0.00045281
2022-04-20,-0.00056549
2022-04-21,-0.00069331
2022-04-22,-0.0007539
2022-04-23,-0.00060123
2022-04-24,-0.0005219
2022-04-25,-0.00049677
2022-04-26,-0.00075525
2022-04-27,-0.0006585
2022-04-28,-0.00021836
2022-04-29,-0.00057408
2022-04-30,-0.00093204
2022-05-01,-0.00055995
2022-05-02,4.076e-05
2022-05-03,-0.00035144
2022-05-04,-0.00018034
2022-05-05,-0.00036622
2022-05-06,-0.00054107
2022-05-07,-0.00043725
2022-05-08,-0.00031315
2022-05-09,-0.0006577
2022-05-10,-0.00056659
2022-05-11,4.428e-05
2022-05-12,-0.00053385
2022-05-13,-0.00033894
2022-05-14,-0.00030896
2022-05-15,-0.00010512
2022-05-16,-0.00017044
2022-05-17,-0.00029684
2022-05-18,-0.00057777
2022-05-19,8.082e-05
2022-05-20,-0.00036034
2022-05-21,-0.00069894
2022-05-22,-0.00043032
2022-05-23,-0.00048228
2022-05-24,-0.00039076
2022-05-25,-0.00029255
2022-05-26,-0.00021476
2022-05-27,-9.336e-05
2022-05-28,-0.00041955
2022-05-29,-0.00057567
2022-05-30,-0.00011745
2022-05-31,-9.38e-06
2022-06-01,-0.00037168
2022-06-02,-0.00057398
2022-06-03,-0.00075686
2022-06-04,-0.00047366
2022-06-05,-0.00025318
2022-06-06,-0.00032869
2022-06-07,-0.0001896
2022-06-08,-0.00038198
2022-06-09,-0.0003689
2022-06-10,-0.0003523
2022-06-11,-0.00016248
2022-06-12,-0.00057315
2022-06-13,-6.962e-05
2022-06-14,-0.00067264
2022-06-15,-0.00072988
2022-06-16,-0.00064919
2022-06-17,-0.00035982
2022-06-18,-0.00081201
2022-06-19,-0.00082122
2022-06-20,-0.00038642
2022-06-21,-0.00039821
2022-06-22,-0.00029176
2022-06-23,-0.00048626
2022-06-24,-5.455e-05
2022-06-25,-0.00050881
2022-06-26,-0.00037406
2022-06-27,-0.00025066
2022-06-28,-0.00025882
2022-06-29,-0.00048125
2022-06-30,-0.00060736
2022-07-01,-0.00031095
2022-07-02,-0.00046865
2022-07-03,-0.00034339
2022-07-04,-0.00060548
2022-07-05,-0.00032299
2022-07-06,-0.00042244
2022-07-07,-0.00061015
2022-07-08,-0.00052127
2022-07-09,-0.00045872
2022-07-10,-0.00049033
2022-07-11,-0.0004463
2022-07-12,-0.00055391
2022-07-13,-0.00079672
2022-07-14,-0.00052847
2022-07-15,-0.00026075
2022-07-16,-0.00077263
2022-07-17,-7.823e-05
2022-07-18,-0.00053068
2022-07-19,-0.00051529
2022-07-20,1.013e-05
2022-07-21,-0.00027492
2022-07-22,-0.00047122
2022-07-23,-0.00042527
2022-07-24,-0.00031946
2022-07-25,-0.00055241
2022-07-26,-0.00069593
2022-07-27,-0.00041882
2022-07-28,-0.00035314
2022-07-29,0.00020511
2022-07-30,-0.00051391
2022-07-31,-0.00042652
2022-08-01,-0.00045955
2022-08-02,-0.00066085
2022-08-03,-0.00073643
2022-08-04,-0.00054695
2022-08-05,-0.00026318
2022-08-06,-0.00042088
2022-08-07,-0.00021737
2022-08-08,-0.00041619
2022-08-09,-0.00043192
2022-08-10,-0.00046343
2022-08-11,-0.00066256
2022-08-12,-0.00054312
2022-08-13,-0.00048244
2022-08-14,-0.00047595
2022-08-15,-0.00062183
2022-08-16,-0.00048893
2022-08-17,-0.00038374
2022-08-18,-0.00011504
2022-08-19,-0.00029278
2022-08-20,-0.00054744
2022-08-21,-0.00047642
2022-08-22,-0.00081866
2022-08-23,-0.00049704
2022-08-24,-0.0006061
2022-08-25,-0.00065165
2022-08-26,-0.00089052
2022-08-27,-0.00057562
2022-08-28,-0.00042737
2022-08-29,-0.0004812
2022-08-30,-0.00024439
2022-08-31,-0.00038791
2022-09-01,-0.00068001
2022-09-02,-0.00062868
2022-09-03,-0.00056919
2022-09-04,-0.00041049
2022-09-05,-0.00050934
2022-09-06,-0.00032326
2022-09-07,-0.00022068
2022-09-08,-0.00044265
2022-09-09,-0.00043555
2022-09-10,-0.00037005
2022-09-11,-0.00037391
2022-09-12,-0.0003814
2022-09-13,-0.00043595
2022-09-14,-3.468e-05
2022-09-15,-0.00042093
2022-09-16,-0.00049493
2022-09-17,-0.0005748
2022-09-18,-0.00058768
2022-09-19,-0.0003704
2022-09-20,-0.00050085
2022-09-21,-0.00080665
2022-09-22,-0.0004931
2022-09-23,-0.00042427
2022-09-24,-0.00062344
2022-09-25,-0.0003141
2022-09-26,-0.00050855
2022-09-27,-0.00050132
2022-09-28,-0.00023356
2022-09-29,-0.0003684
2022-09-30,-0.00054384
2022-10-01,-0.00039401
2022-10-03,-0.00027194
2022-10-04,-0.00030651
2022-10-05,-0.00042337
2022-10-06,-0.00025976
2022-10-07,-0.00049099
2022-10-08,-0.00051666
2022-10-09,-0.0004891
2022-10-10,-0.00036837
2022-10-11,-0.00027062
2022-10-12,-0.00038066
2022-10-13,-0.00036243
2022-10-14,-0.00050506
2022-10-15,-0.00042314
2022-10-16,-0.00054039
2022-10-17,-0.00037323
2022-10-18,-0.0003878
2022-10-19,-0.00044282
2022-10-20,-0.00050426
2022-10-21,-0.00059721
2022-10-22,-0.0004245
2022-10-23,-0.0004578
2022-10-24,-0.00064553
2022-10-25,-0.00052014
2022-10-26,-0.00038125
2022-10-27,-0.00047042
2022-10-28,-0.00037337
2022-10-29,-0.00058059
2022-10-30,-0.00062147
2022-10-31,-0.00056721
2022-11-01,-0.00056963
2022-11-02,-0.00051455
2022-11-03,-0.000382
2022-11-04,-0.00039572
2022-11-05,-0.00038265
2022-11-06,-0.0003888
2022-11-07,-0.00059017
2022-11-08,-0.00030239
2022-11-09,-0.00067651
2022-11-10,-0.0002494
2022-11-11,-0.00042277
2022-11-12,-0.00046295
2022-11-13,-0.00081474
2022-11-14,-0.00079506
2022-11-15,-0.0004314
2022-11-16,-0.00066703
2022-11-17,-0.00055422
2022-11-18,-0.00060993
2022-11-19,-0.00045849
2022-11-20,-0.00044845
2022-11-21,-0.00051467
2022-11-22,-0.00029679
2022-11-23,-0.00055138
2022-11-24,-0.00040123
2022-11-25,-0.00027807
2022-11-26,-0.00051706
2022-11-27,-0.00035953
2022-11-28,-0.00055768
2022-11-29,-0.00057084
2022-11-30,-0.00063524
2022-12-01,-0.00035168
2022-12-02,-0.0005233
2022-12-03,-0.00040984
2022-12-04,-0.00044175
2022-12-05,-0.00044234
2022-12-06,-0.00056847
2022-12-07,-0.00044508
2022-12-08,-0.0005067
2022-12-09,-0.00047191
2022-12-10,-0.00036594
2022-12-11,-0.00044058
2022-12-12,-0.00048731
2022-12-13,-3.41e-05
2022-12-14,-0.00025102
2022-12-15,-0.00038385
2022-12-16,-0.00044189
2022-12-17,-0.00046202
2022-12-18,-0.00051896
2022-12-19,-0.00058281
2022-12-20,-0.00054871
2022-12-21,-0.00029199
2022-12-22,-0.00033902
2022-12-23,-0.00023447
2022-12-24,-0.00042082
2022-12-25,-0.00047503
2022-12-26,-0.00046238
2022-12-27,-0.00050383
2022-12-28,-0.00052774
2022-12-29,-0.00026125
2022-12-30,-0.0005541
2022-12-31,-0.00038472
2023-01-01,-0.00046526
2023-01-02,-0.00045851
2023-01-03,-0.0003826
2023-01-04,-0.00044398
2023-01-05,-0.00038014
2023-01-06,-0.00041878
2023-01-07,-0.00046924
2023-01-08,-0.00016362
2023-01-09,-0.00052768
2023-01-10,-0.00060616
2023-01-11,-0.00037396
2023-01-12,-0.00042504
2023-01-13,-0.00032311
2023-01-14,0.00050018
2023-01-15,0.0004321
2023-01-16,0.00018024
2023-01-17,-9.632e-05
2023-01-18,0.00024066
2023-01-19,-0.00015372
2023-01-20,-0.00018123
2023-01-21,1.66e-06
2023-01-22,-0.00015162
2023-01-23,-0.00013301
2023-01-24,-0.00020021
2023-01-25,3.066e-05
2023-01-26,-0.0004
2023-01-27,-0.00021821
2023-01-28,-0.00037403
2023-01-29,-6.088e-05
2023-01-30,-0.00028543
2023-01-31,-0.00027042
2023-02-01,7.461e-05
2023-02-02,0.00015031
2023-02-03,-0.00021268
2023-02-04,-0.0001923
2023-02-05,-0.00022097
2023-02-06,-0.00017885
2023-02-07,-0.00041994
2023-02-08,-0.00028118
2023-02-09,-0.00011797
2023-02-10,-0.00045775
2023-02-11,-0.00042445
2023-02-12,-0.00040827
2023-02-13,-0.00042496
2023-02-14,-0.00053889
2023-02-15,0.00041635
2023-02-16,0.00059728
2023-02-17,0.00041883
2023-02-18,0.00015971
2023-02-19,-0.00026592
2023-02-20,0.00033844
2023-02-21,-0.00012302
2023-02-22,-0.00048081
2023-02-23,-0.00044382
2023-02-25,-0.00050283
2023-02-26,-0.00037447
2023-02-27,-0.00075102
2023-02-28,-0.00053433
2023-03-01,-0.00046108
2023-03-02,-0.00033942
2023-03-03,-0.00053038
2023-03-04,-0.00055131
2023-03-05,-0.00052206
2023-03-06,-0.00051644
2023-03-07,-0.00058104
2023-03-08,-0.00035969
2023-03-09,-0.00081252
2023-03-10,-0.00062372
2023-03-11,-0.00044241
2023-03-12,-0.00062442
2023-03-13,0.00043613
2023-03-14,0.00028894
2023-03-15,0.00031011
2023-03-16,-0.00041136
2023-03-17,-0.00038128
2023-03-18,-0.00011116
2023-03-19,-0.00046502
2023-03-20,-0.00046038
2023-03-21,-0.00055852
2023-03-22,-0.00054251
2023-03-23,-0.00041285
2023-03-24,-0.00048309
2023-03-25,-0.00062326
2023-03-26,-0.00051384
2023-03-27,-0.00056114
2023-03-28,-0.00050853
2023-03-29,-0.00036519
2023-03-30,-0.00046562
2023-03-31,-0.00042966
2023-04-01,-0.00034836
2023-04-02,-0.00031088
2023-04-03,-0.00044949
2023-04-04,-0.00022014
2023-04-05,-0.00048842
2023-04-06,-0.00033901
2023-04-07,-0.00054958
2023-04-08,-0.00050468
2023-04-09,-0.00044944
2023-04-10,-0.00049188
2023-04-11,-0.00051816
2023-04-12,-0.00038293
2023-04-13,-0.00060378
2023-04-14,-0.00040021
2023-04-15,-0.00049598
2023-04-16,-0.00049296
2023-04-17,-0.00034438
2023-04-18,-0.00046375
2023-04-19,-0.00010592
2023-04-20,-0.00044528
2023-04-21,-0.00035862
2023-04-22,-0.00027679
2023-04-23,-0.00050555
2023-04-24,-0.00041041
2023-04-25,-0.00045459
2023-04-26,-0.00072651
2023-04-27,-0.00052106
2023-04-28,-0.00052042
2023-04-29,-0.00059041
2023-04-30,-0.00064548
2023-05-01,-0.00055136
2023-05-02,-0.0004302
2023-05-03,-0.00021193
2023-05-04,-0.00044673
2023-05-05,-0.00048551
2023-05-06,-0.00034271
2023-05-07,-0.00039852
2023-05-08,-0.00028797
2023-05-09,-0.00072389
2023-05-10,-0.00060868
2023-05-11,-0.00059098
2023-05-12,-0.00044306
2023-05-13,-0.00035329
2023-05-14,-0.00050489
2023-05-15,-0.00038181
2023-05-16,-0.00033141
2023-05-17,-0.00033406
2023-05-18,-0.00064221
2023-05-19,-0.00044256
2023-05-20,-0.00056923
2023-05-21,-0.00053361
2023-05-22,-0.00030524
2023-05-23,-0.00038854
2023-05-24,-0.00051711
2023-05-25,-0.00045863
2023-05-26,-0.00059669
2023-05-27,-0.00043303
2023-05-28,-0.00036915
2023-05-29,-0.00052072
2023-05-30,-0.00050733
2023-05-31,-0.00035913
2023-06-01,-0.00039678
2023-06-02,-0.00049396
2023-06-03,-0.00053932
2023-06-04,-0.00049699
2023-06-05,-0.00043876
2023-06-06,-0.00037066
2023-06-07,-0.00057054
2023-06-08,-0.00051923
2023-06-09,-0.00042456
2023-06-10,-0.00054982
2023-06-11,-0.00062475
2023-06-12,-0.00039432
2023-06-13,-0.00048551
2023-06-14,-0.00055313
2023-06-15,-0.00039738
2023-06-16,-0.00037812
2023-06-17,-0.00029701
2023-06-18,-0.00043774
2023-06-19,-0.00059167
2023-06-20,-0.00046825
2023-06-21,-0.00019054
2023-06-22,-0.00030044
2023-06-23,-0.0003322
2023-06-24,-0.00015928
2023-06-25,-0.00028897
2023-06-26,-0.00017393
2023-06-27,-0.0001594
2023-06-28,-0.00031602
2023-06-29,-0.00029485
2023-06-30,-0.00038468
2023-07-01,-0.00043431
2023-07-02,-2.827e-05
2023-07-03,-0.00031259
2023-07-04,-0.00031551
2023-07-05,-0.0004655
2023-07-06,-0.00065396
2023-07-07,-0.00054083
2023-07-08,-0.0005578
2023-07-09,-0.0005212
2023-07-10,-0.00051561
2023-07-11,-0.00036273
2023-07-12,-0.00051917
2023-07-13,-0.00048436
2023-07-14,-0.0006069
2023-07-15,-0.0004359
2023-07-16,-0.00047808
2023-07-17,-0.00043494
2023-07-18,-0.00045911
2023-07-19,-0.00044681
2023-07-20,-0.00041913
2023-07-21,-0.00032373
2023-07-22,-0.00013434
2023-07-23,-0.00041292
2023-07-24,-0.00046642
2023-07-25,-0.00040826
2023-07-26,-0.00052432
2023-07-27,-0.00043669
2023-07-28,-0.00046859
2023-07-29,-0.00047387
2023-07-30,-0.0003198
2023-07-31,-0.00041968
2023-08-01,-0.00033158
2023-08-02,-0.0004725
2023-08-03,-0.00046276
2023-08-04,-0.00043205
2023-08-05,-0.00051729
2023-08-06,-0.00043098
2023-08-07,-0.00035949
2023-08-08,-0.00044201
2023-08-09,-0.00029428
2023-08-10,-0.00039721
2023-08-11,-0.00038061
2023-08-12,-0.00033089
2023-08-13,-0.00036366
2023-08-14,-0.00039777
2023-08-15,-0.00042735
2023-08-16,-0.00057799
2023-08-17,-0.00059823
2023-08-18,-0.00039756
2023-08-19,-0.00043027
2023-08-20,-0.00053817
2023-08-21,-0.00039917
2023-08-22,-0.00032651
2023-08-23,-0.00055796
2023-08-24,-0.00058302
2023-08-25,-0.00032257
2023-08-26,-0.00056832
2023-08-27,-0.00054781
2023-08-28,-0.00047465
2023-08-29,-0.00065997
2023-08-30,-0.00032123
2023-08-31,-0.00039117
2023-09-01,-0.00040426
2023-09-02,-0.00055922
2023-09-03,-0.00033963
2023-09-04,-0.00047401
2023-09-05,-0.00049426
2023-09-06,-0.00058764
2023-09-07,-0.00056596
2023-09-08,-0.00043463
2023-09-09,-0.00038712
2023-09-10,-0.0005335
2023-09-11,-0.00058479
2023-09-12,-0.00059824
2023-09-13,-0.00044356
2023-09-14,-0.0004934
2023-09-15,-0.00028839
2023-09-16,-0.00053351
2023-09-17,-0.00039006
2023-09-18,-0.00049837
2023-09-19,-0.00046636
2023-09-20,-0.00062621
2023-09-21,-0.00055629
2023-09-22,-0.00049796
2023-09-23,-0.00048056
2023-09-24,-0.00059667
2023-09-25,-0.00050562
2023-09-26,-0.000466
2023-09-27,-0.00046662
2023-09-28,-0.00034376
2023-09-29,-0.00066077
2023-09-30,-0.00045002
2023-10-01,0.00044271
2023-10-02,-0.0006077
2023-10-03,-0.00050307
2023-10-04,-0.0007563
2023-10-05,-0.00055535
2023-10-06,-0.00060963
2023-10-07,-0.00045665
2023-10-08,-0.00064606
2023-10-09,-0.00019867
2023-10-10,-0.00029786
2023-10-11,-0.00047658
2023-10-12,-0.00061969
2023-10-13,-0.00046731
2023-10-14,-0.00065155
2023-10-15,-0.00058603
2023-10-16,-0.00055068
2023-10-17,-0.00052548
2023-10-18,-0.0004751
2023-10-19,-0.00079709
2023-10-20,-0.00053447
2023-10-21,-0.00049721
2023-10-22,-0.00025717
2023-10-23,0.0
2023-10-24,-3.714e-05
2023-10-25,-0.00020853
2023-10-26,4.809e-05
2023-10-27,-5.83e-06
2023-10-28,0.00016194
2023-10-29,3.701e-05
2023-10-30,0.00021292
2023-10-31,0.00039253
2023-11-01,0.00042066
2023-11-02,-1.795e-05
2023-11-03,-0.00042721
2023-11-04,0.00026784
2023-11-05,0.00045722
2023-11-06,0.00045743
2023-11-07,0.00017463
2023-11-08,0.00012288
2023-11-09,0.00062107
2023-11-10,0.00078381
2023-11-11,0.00079434
2023-11-12,0.00060242
2023-11-13,0.00049216
2023-11-14,0.00033634
2023-11-15,0.00078402
2023-11-16,0.0003233
2023-11-17,0.00032379
2023-11-18,0.00036149
2023-11-19,0.00029839
2023-11-20,0.00047309
2023-11-21,-0.00035505
2023-11-22,0.0001908
2023-11-23,8.845e-05
2023-11-24,-0.00010743
2023-11-25,-0.00021847
2023-11-26,-0.00016154
2023-11-27,-0.00022073
2023-11-28,-0.00014282
2023-11-29,-0.00047173
2023-11-30,-0.00020983
2023-12-01,-0.0005524
2023-12-02,-0.00032808
2023-12-03,0.00019703
2023-12-04,-1e-07
2023-12-05,0.00025384
2023-12-06,0.00013093
2023-12-07,0.00043823
2023-12-08,0.00083403
2023-12-09,0.00057942
2023-12-10,0.0004908
2023-12-11,0.00046121
2023-12-12,0.0006792
2023-12-13,0.0001234
2023-12-14,0.00020624
2023-12-15,0.00069755
2023-12-16,0.00024686
2023-12-17,0.00035408
2023-12-18,0.00044378
2023-12-19,0.0005756
2023-12-20,0.00119579
2023-12-21,0.00076683
2023-12-22,0.0006909
2023-12-23,0.00047296
2023-12-24,0.00035307
2023-12-25,0.00087237
2023-12-26,0.00062187
2023-12-27,0.00053202
2023-12-28,0.0007839
2023-12-29,0.00066351
2023-12-30,0.00076548
2023-12-31,0.00072872
2024-01-01,0.00120254
2024-01-02,0.00070818
2024-01-03,0.00021733
2024-01-04,-9.097e-05
2024-01-05,-2.368e-05
2024-01-06,-0.00013743
2024-01-07,-0.00032283
2024-01-08,0.00044125
2024-01-09,0.00016305
2024-01-10,7.996e-05
2024-01-11,-7.7e-07
2024-01-12,-0.00017871
2024-01-13,-1.097e-05
2024-01-14,-2.334e-05
2024-01-15,0.00018896
2024-01-16,-0.00020927
2024-01-17,4.557e-05
2024-01-18,6.904e-05
2024-01-19,6.887e-05
2024-01-20,-9.22e-06
2024-01-21,2.843e-05
2024-01-22,-9.2e-06
2024-01-23,-0.00013758
2024-01-24,-0.00024331
2024-01-25,-0.00013515
2024-01-26,-0.00037939
2024-01-27,-0.00041326
2024-01-28,-0.00043924
2024-01-29,-0.00025496
2024-01-30,-0.00060271
2024-01-31,-0.00044652
2024-02-01,-0.00025266
2024-02-02,-0.00041169
2024-02-03,-0.00046646
2024-02-04,-0.00040418
2024-02-05,-0.00032017
2024-02-06,-0.00037613
2024-02-07,-0.00031757
2024-02-08,-0.00043855
2024-02-09,-0.00020514
2024-02-10,-0.00036476
2024-02-11,0.00019455
2024-02-12,0.00035064
2024-02-13,-6.926e-05
2024-02-14,0.00046945
2024-02-15,0.00033397
2024-02-16,0.00047728
2024-02-17,0.00069385
2024-02-18,0.00084996
2024-02-19,0.00066164
2024-02-20,0.00068918
2024-02-21,0.00053802
2024-02-22,0.00052442
2024-02-23,0.00046868
2024-02-24,0.00066887
2024-02-25,0.000681
2024-02-26,0.00062357
2024-02-27,0.00063949
2024-02-28,0.00086536
2024-02-29,0.00100611
2024-03-01,0.00074378
2024-03-02,0.00078301
2024-03-03,0.00092052
2024-03-04,0.00080413
2024-03-05,0.00038866
2024-03-06,0.00079029
2024-03-07,0.00064776
2024-03-08,0.00074405
2024-03-09,0.00059383
2024-03-10,0.00076847
2024-03-11,0.00090303
2024-03-12,0.00076121
2024-03-13,0.00076866
2024-03-14,0.00082366
2024-03-15,0.00072838
2024-03-16,0.00054113
2024-03-17,0.00072879
2024-03-18,0.00084664
2024-03-19,0.00054574
2024-03-20,0.00042718
2024-03-21,0.00063757
2024-03-22,0.0007742
2024-03-23,0.00033383
2024-03-24,0.00064831
2024-03-25,0.00061781
2024-03-26,0.00064821
2024-03-27,0.00096315
2024-03-28,0.00067491
2024-03-29,0.00072519
2024-03-30,0.00076149
2024-03-31,0.00117217
2024-04-01,0.00055517
2024-04-02,0.00054875
2024-04-03,0.00012666
2024-04-04,1.689e-05
2024-04-05,3.913e-05
2024-04-06,5.723e-05
2024-04-07,9.373e-05
2024-04-08,0.00061503
2024-04-09,0.00069537
2024-04-10,0.00068603
2024-04-11,0.00059197
2024-04-12,0.00029366
2024-04-13,0.00033944
2024-04-14,-0.00078525
2024-04-15,-0.00037551
2024-04-16,-0.00053041
2024-04-17,-0.00037677
2024-04-18,-0.00033166
2024-04-19,-0.00043229
2024-04-20,-0.00073931
2024-04-21,-0.0003702
2024-04-22,-0.00048679
2024-04-23,-0.00043131
2024-04-24,-0.0005405
2024-04-25,-0.00032701
2024-04-26,-0.00035186
2024-04-27,-0.00062239
2024-04-28,-0.00046622
2024-04-29,-0.00032218
2024-04-30,-0.00039293
2024-05-01,-0.00085346
2024-05-02,-0.000789
2024-05-03,-0.00043919
2024-05-04,-0.00053148
2024-05-05,-0.00033754
2024-05-06,-0.00038884
2024-05-07,-0.00031935
2024-05-08,-0.0006119
2024-05-09,-0.00036296
2024-05-10,-0.00034525
2024-05-11,-0.00035789
2024-05-12,-0.00048574
2024-05-13,-0.00033104
2024-05-14,-0.00042667
2024-05-15,-0.00049091
2024-05-16,-0.00028019
2024-05-17,-0.00068077
2024-05-18,-0.00043482
2024-05-19,-0.00050796
2024-05-20,0.00034205
2024-05-21,0.00033992
2024-05-22,0.00076867
2024-05-23,0.00041891
2024-05-24,0.00044485
2024-05-25,0.00024267
2024-05-26,0.00019652
2024-05-27,0.00037927
2024-05-28,0.00063532
2024-05-29,0.00047511
2024-05-30,0.00066365
2024-05-31,0.00040965
2024-06-01,0.00050468
2024-06-02,0.00050346
2024-06-03,0.00062231
2024-06-04,0.00058153
2024-06-05,0.00059585
2024-06-06,0.000444
2024-06-07,0.00027076
2024-06-08,0.00052649
2024-06-09,0.00028636
2024-06-10,0.00038309
2024-06-11,6.022e-05
2024-06-12,8.294e-05
2024-06-13,0.00016994
2024-06-14,-5.56e-05
2024-06-15,-0.00019052
2024-06-16,-0.00041052
2024-06-17,-0.000451
2024-06-18,-0.00050889
2024-06-19,-0.00063749
2024-06-20,-0.00024975
2024-06-21,-0.00028376
2024-06-22,-0.00039062
2024-06-23,-0.00025106
2024-06-24,-0.0004223
2024-06-25,-0.00050826
2024-06-26,0.0
2024-06-27,-0.00033711
2024-06-28,-1.225e-05
2024-06-29,-2.391e-05
2024-06-30,-0.00012959
2024-07-01,-0.00030565
2024-07-02,-0.00018352
2024-07-03,-7.241e-05
2024-07-04,-5.67e-05
2024-07-05,-0.0004534
2024-07-06,-0.00042743
2024-07-07,-0.00040925
2024-07-08,-0.00058517
2024-07-09,-0.00026233
2024-07-10,-0.00042696
2024-07-11,-0.00046906
2024-07-12,-0.0003063
2024-07-13,-0.00026292
2024-07-14,-0.00045247
2024-07-15,-0.00084832
2024-07-16,-0.00064647
2024-07-17,-0.00046884
2024-07-18,-0.00041673
2024-07-19,-0.00048396
2024-07-20,-0.00050097
2024-07-21,-0.00038744
2024-07-22,-0.00050141
2024-07-23,-0.00025142
2024-07-24,-0.00040951
2024-07-25,-0.00038395
2024-07-26,-0.00026734
2024-07-27,-0.00061595
2024-07-28,-0.00061063
2024-07-29,-0.00060277
2024-07-30,-0.00048615
2024-07-31,-0.00034374
2024-08-01,-0.00061628
2024-08-02,-0.00021053
2024-08-03,-0.00026004
2024-08-04,-0.00032791
2024-08-05,-0.00029455
2024-08-06,-0.0006858
2024-08-07,-0.00047271
2024-08-08,-0.00039636
2024-08-09,-0.00049886
2024-08-10,-0.00053281
2024-08-11,-0.00037848
2024-08-12,-0.0004583
2024-08-13,-0.00059481
2024-08-14,-0.00046178
2024-08-15,-0.00064161
2024-08-16,-0.00025202
2024-08-17,-0.0003366
2024-08-18,-0.00072641
2024-08-19,-0.00082107
2024-08-20,-0.00055445
2024-08-21,-0.0005553
2024-08-22,-0.00042175
2024-08-23,-0.00022352
2024-08-24,-0.00056012
2024-08-25,-0.00057673
2024-08-26,-0.00049489
2024-08-27,-0.00073617
2024-08-28,-0.00045868
2024-08-29,-0.00058947
2024-08-30,-0.0004787
2024-08-31,-0.00045512
2024-09-01,-0.00051522
2024-09-02,-0.0004408
2024-09-03,-0.00034602
2024-09-04,-0.00045997
2024-09-05,-0.00054511
2024-09-06,-0.00056806
2024-09-07,-0.00057572
2024-09-08,-0.00030821
2024-09-09,-0.00049278
2024-09-10,-0.00043096
2024-09-11,-0.0004675
2024-09-12,-0.00056705
2024-09-13,-0.00061934
2024-09-14,-0.00048479
2024-09-15,-0.0005255
2024-09-16,-0.0003126
2024-09-17,-0.00052612
2024-09-18,-0.00075786
2024-09-19,-0.00033188
2024-09-20,-0.00043159
2024-09-21,-0.0005173
2024-09-22,-0.0005436
2024-09-23,-0.00051132
2024-09-24,-0.00034436
2024-09-25,-0.00048057
2024-09-26,-0.00042469
2024-09-27,-0.00033555
2024-09-28,-0.00053405
2024-09-29,-0.0005837
2024-09-30,-0.00038868
2024-10-01,-0.00048864
2024-10-02,-0.00041755
2024-10-03,-0.00042471
2024-10-04,-0.00048935
2024-10-05,-0.00064391
2024-10-06,-0.00045502
2024-10-07,-0.00041392
2024-10-08,-0.00050344
2024-10-09,-0.00049096
2024-10-10,-0.00051758
2024-10-11,-0.00032949
2024-10-12,-0.00044973
2024-10-13,-0.00054537
2024-10-14,-0.00029477
2024-10-15,-0.00044399
2024-10-16,-0.00043741
2024-10-17,-0.00031952
2024-10-18,-0.00038647
2024-10-19,-0.00028028
2024-10-20,-0.000127
2024-10-21,-0.00018103
2024-10-22,-0.00024481
2024-10-23,-0.00036372
2024-10-24,-0.00032034
2024-10-25,-0.00069261
2024-10-26,-0.0003294
2024-10-27,-0.0003364
2024-10-28,-0.00027325
2024-10-29,2.158e-05
2024-10-30,-3.76e-05
2024-10-31,0.00029791
2024-11-01,-3.46e-05
2024-11-02,9.123e-05
2024-11-03,-0.00010953
2024-11-04,-0.00021769
2024-11-05,-0.0003099
2024-11-06,7.089e-05
2024-11-07,0.00010293
2024-11-08,-0.00031299
2024-11-09,-7.567e-05
2024-11-10,0.00051259
2024-11-11,0.00093673
2024-11-12,0.00033703
2024-11-13,0.00034065
2024-11-14,0.00074692
2024-11-15,0.00062262
2024-11-16,0.00060986
2024-11-17,0.00059094
2024-11-18,0.00042956
2024-11-19,0.00037721
2024-11-20,-5.247e-05
2024-11-21,0.00035084
2024-11-22,0.00025819
2024-11-23,0.00048893
2024-11-24,0.00041538
2024-11-25,0.00037915
2024-11-26,0.00051314
2024-11-27,0.0004728
2024-11-28,0.00052399
2024-11-29,0.00056581
2024-11-30,0.00075935
2024-12-01,0.00075653
2024-12-02,0.00058799
2024-12-03,0.00059361
2024-12-04,0.00091453
2024-12-05,0.00053406
2024-12-06,0.00054431
2024-12-07,0.00064788
2024-12-08,0.00088598
2024-12-09,0.00051318
2024-12-10,7.503e-05
2024-12-11,-0.00019168
2024-12-12,-0.00025032
2024-12-13,-0.00038427
2024-12-14,-0.00034466
2024-12-15,-5.988e-05
2024-12-16,-0.0004199
2024-12-17,-0.00042738
2024-12-18,-0.00036165
2024-12-19,-0.00040508
2024-12-20,-0.00039938
2024-12-21,-0.00018759
2024-12-22,-0.00034256
2024-12-23,-0.00014038
2024-12-24,-0.00040804
2024-12-25,-0.00041727
2024-12-26,-0.00041842
2024-12-27,-0.00040286
2024-12-28,-0.00040529
2024-12-29,-0.00032558
2024-12-30,-0.00040261
2024-12-31,-0.00028574
2025-01-01,-0.00012452
2025-01-02,-0.00021953
2025-01-03,-0.00028711
2025-01-04,-0.00048143
2025-01-05,-0.00019369
2025-01-06,-0.00040057
2025-01-07,-0.00034997
2025-01-08,-0.00033713
2025-01-09,-0.00039578
2025-01-10,-0.0004944
2025-01-11,-0.00042061
2025-01-12,-0.00047004
2025-01-13,-0.00053194
2025-01-14,-0.00038329
2025-01-15,-0.00034752
2025-01-16,-0.00052832
2025-01-17,-0.00032365
2025-01-18,-0.00026848
2025-01-19,-0.00047559
2025-01-20,-0.00020316
2025-01-21,-0.00029909
2025-01-22,-0.00035775
2025-01-23,-0.00049582
2025-01-24,-0.00046288
2025-01-25,-0.0004311
2025-01-26,-0.00063889
2025-01-27,-0.00062789
2025-01-28,-0.00065542
2025-01-29,-0.00030239
2025-01-30,-0.00043185
2025-01-31,-0.00046413
2025-02-01,-0.00038738
2025-02-02,-0.00037283
2025-02-03,-0.00037468
2025-02-04,-0.00081719
2025-02-05,-0.00047708
2025-02-06,-0.00057768
2025-02-07,-0.00052634
2025-02-08,-0.00040553
2025-02-09,-0.0004382
2025-02-10,-0.00052981
2025-02-11,-0.00047126
2025-02-12,-0.00044914
2025-02-13,-0.00051533
2025-02-14,-0.00056434
2025-02-15,-0.0003341
2025-02-16,-0.0005298
2025-02-17,-0.00042315
2025-02-18,-0.00030757
2025-02-19,-0.00048207
2025-02-20,-0.00052574
2025-02-21,-0.00045103
2025-02-22,-0.00048408
2025-02-23,-0.00042614
2025-02-24,-0.00029016
2025-02-25,-0.00065531
2025-02-26,-0.00053567
2025-02-27,-0.0006137
2025-02-28,-0.00081932
2025-03-01,-0.00068615
2025-03-02,-0.00041279
2025-03-03,-0.00045115
2025-03-04,-0.00034744
2025-03-05,-0.00046038
2025-03-06,-0.00054233
2025-03-07,-0.00047404
2025-03-08,-0.00039204
2025-03-09,-0.00040206
2025-03-10,-0.00011327
2025-03-11,-0.00031864
2025-03-12,-0.00039562
2025-03-13,-0.00039996
2025-03-14,-0.00049298
2025-03-15,-0.00045405
2025-03-16,-0.00049274
2025-03-17,-0.00061112
2025-03-18,-0.00058423
2025-03-19,-0.00043616
2025-03-20,-0.0004409
2025-03-21,-0.00044625
2025-03-22,-0.00045283
2025-03-23,-0.00034945
2025-03-24,-0.00029915
2025-03-25,-0.0003125
2025-03-26,-0.00035191
2025-03-27,-0.00046947
2025-03-28,-0.00044161
2025-03-29,-0.00049887
2025-03-30,-0.00040032
2025-03-31,-0.0004008
2025-04-01,-0.00043941
2025-04-02,-0.00043084
2025-04-03,-0.00038338
2025-04-04,-0.00028788
2025-04-05,-0.00038854
2025-04-06,-0.00044929
2025-04-07,-0.00031329
2025-04-08,-0.00040698
2025-04-09,-0.00028604
2025-04-10,-0.00063037
2025-04-11,-0.00043886
2025-04-12,-0.00048437
2025-04-13,-0.00040996
2025-04-14,-0.00034492
2025-04-15,-0.00045384
2025-04-16,-0.00050228
2025-04-17,-0.00037136
2025-04-18,-0.00060296
2025-04-19,-0.00042062
2025-04-20,-0.00048137
2025-04-21,-0.00040307
2025-04-22,-0.00021546
2025-04-23,-0.00063737
2025-04-24,-0.00042413
2025-04-25,-0.00067656
2025-04-26,-0.00057413
2025-04-27,-0.00044249
2025-04-28,-0.00043536
2025-04-29,-0.00054982
2025-04-30,-0.00057131
2025-05-01,-0.00054472
2025-05-02,-0.00057773
2025-05-03,-0.000597
2025-05-04,-0.00063675
2025-05-05,-0.00042364
2025-05-06,-0.00018914
2025-05-07,-0.00038447
2025-05-08,-0.00024015
2025-05-09,-0.00030989
2025-05-10,-8.155e-05
2025-05-11,-0.00049566
2025-05-12,-0.00054876
2025-05-13,-0.00037676
2025-05-14,-0.00046863
2025-05-15,-0.00032289
2025-05-16,-0.00050582
2025-05-17,-0.00041821
2025-05-18,-0.0005086
2025-05-19,-0.00041983
2025-05-20,-0.00037055
2025-05-21,-0.00020357
2025-05-22,-0.00033272
2025-05-23,-0.00032723
2025-05-24,-0.00054727
2025-05-25,-0.00049864
2025-05-26,-0.00043036
2025-05-27,-0.00052771
2025-05-28,-0.00056469
2025-05-29,-0.00045288
2025-05-30,-0.00026481
2025-05-31,-0.00048591
2025-06-01,-0.00052419
2025-06-02,-0.00038182
2025-06-03,-0.00047872
2025-06-04,-0.00053584
2025-06-05,-0.00051719
2025-06-06,-0.00053024
2025-06-07,-0.0004482
2025-06-08,-0.00053125
2025-06-09,-0.00036271
2025-06-10,-0.00022593
2025-06-11,-0.00041966
2025-06-12,-0.00056998
2025-06-13,-0.00035704
2025-06-14,-0.0005356
2025-06-15,-0.00046401
2025-06-16,-9.279e-05
2025-06-17,-0.00048319
2025-06-18,-0.00051278
2025-06-19,-0.00048241
2025-06-20,-0.00046175
2025-06-21,-0.0004472
2025-06-22,-0.00060628
2025-06-23,-0.00064121
2025-06-24,-0.00030676
2025-06-25,-0.00055091
2025-06-26,-0.00041302
2025-06-27,-0.00039481
2025-06-28,-0.0005072
2025-06-29,-0.00043412
2025-06-30,-0.000545
2025-07-01,-0.00042744
2025-07-02,-0.00033337
2025-07-03,-0.00043392
2025-07-04,-0.0004821
2025-07-05,-0.00042074
2025-07-06,-0.000539
2025-07-07,-0.00058802
2025-07-08,-0.00047656
2025-07-09,-0.00034139
2025-07-10,-0.0002605
2025-07-11,-0.00026537
2025-07-12,-0.00029702
2025-07-13,-0.00038965
2025-07-14,-0.00028142
2025-07-15,-0.00012753
2025-07-16,-0.00044946
2025-07-17,-8.15e-06
2025-07-18,-0.0002505
2025-07-19,-0.00024779
2025-07-20,-0.00037458
2025-07-21,-0.00042097
2025-07-22,0.00035011
2025-07-23,-0.00030738
2025-07-24,-0.00023809
2025-07-25,-0.00025987
2025-07-26,-0.00026186
2025-07-27,0.00015479
2025-07-28,-0.0001001
2025-07-29,-0.00034042
2025-07-30,-0.00056694
2025-07-31,-0.00049392
2025-08-01,-0.00054026
2025-08-02,-0.00038855
2025-08-03,-0.0004929
2025-08-04,-0.00045949
2025-08-05,-0.00058246
2025-08-06,-0.00046226
2025-08-07,-0.00045046
2025-08-08,-0.00038168
2025-08-09,-0.00037196
2025-08-10,-0.00030004
2025-08-11,-0.00042775
2025-08-12,-0.0004873
2025-08-13,0.00011878
2025-08-14,-0.0004574
2025-08-15,-0.00051393
2025-08-16,-0.00048732
2025-08-17,-0.00047518
2025-08-18,-0.00039743
2025-08-19,-0.00046759
2025-08-20,-0.00040736
2025-08-21,-0.00027003
2025-08-22,-0.00030792
2025-08-23,-0.00047679
2025-08-24,-0.00033632
2025-08-25,-0.00046243
2025-08-26,-0.00050182
2025-08-27,-0.00049216
2025-08-28,-0.00050202
2025-08-29,-0.00040143
2025-08-30,-0.0004814
2025-08-31,-0.00033748
2025-09-01,-0.00049949
2025-09-02,-0.00039737
2025-09-03,-0.0004013
2025-09-04,-0.00039156
2025-09-05,-0.00042879
2025-09-06,-0.00045622
2025-09-07,-0.00052204
2025-09-08,-0.0004982
2025-09-09,-0.00040106
2025-09-10,-0.00046356
2025-09-11,-0.00045763
2025-09-12,-0.00044636
2025-09-13,-0.00044925
2025-09-14,-0.00060583
2025-09-15,-0.00044572
2025-09-16,-0.00034132
2025-09-17,-0.00021129
2025-09-18,-0.00058337
2025-09-19,-0.00053381
2025-09-20,-0.000517
2025-09-21,-0.00047322
2025-09-22,-0.00044795
2025-09-23,-0.00044985
2025-09-24,-0.00038212
2025-09-25,-0.00053246
2025-09-26,-0.00054385
2025-09-27,-0.00049365
2025-09-28,-0.00041413
2025-09-29,-0.00050295
2025-09-30,-0.00051297
2025-10-01,-0.00034578
2025-10-02,-0.0002915
2025-10-03,-0.0003798
2025-10-04,-0.00043976
2025-10-05,-0.00038908
2025-10-06,-0.00030968
2025-10-07,-0.00047419
2025-10-08,-0.00056147
2025-10-09,-0.00061324
2025-10-10,-0.00080779
2025-10-11,-0.00059266
2025-10-12,-0.00068551
2025-10-13,-0.00048336
2025-10-14,-0.00035976
2025-10-15,-0.0005209
2025-10-16,-0.00055128
2025-10-17,-0.00051883
2025-10-18,-0.00062809
2025-10-19,-0.0005025
2025-10-20,-0.00060643
2025-10-21,-0.00074468
2025-10-22,-0.00040148
2025-10-23,-0.00042743
2025-10-24,-0.00037364
2025-10-25,-0.00052797
2025-10-26,-0.00041004
2025-10-27,-0.00037744
2025-10-28,-0.00053659
2025-10-29,-0.00032758
2025-10-30,-0.00043839
2025-10-31,-0.000439
2025-11-01,-0.00053192
2025-11-02,-0.00059818
2025-11-03,-0.00030884
2025-11-04,-0.00062727
2025-11-05,-0.0004324
2025-11-06,-0.00033014
2025-11-07,-0.0003114
2025-11-08,-0.00047508
2025-11-09,-0.00050953
2025-11-10,-0.0004243
2025-11-11,-0.00062058
2025-11-12,-0.00049518
2025-11-13,-0.0005001
2025-11-14,-0.00033912
2025-11-15,-0.00046218
2025-11-16,-0.00039646
2025-11-17,-0.00050324
2025-11-18,-0.00050225
2025-11-19,-0.00048473
2025-11-20,-0.00033036
2025-11-21,-0.00054053
2025-11-22,-0.00053204
2025-11-23,-0.00027241
2025-11-24,-0.00055604
2025-11-25,-0.00053421
2025-11-26,-0.00063228
2025-11-27,-0.0004342
2025-11-28,-0.00051362
2025-11-29,-0.00042169
2025-11-30,-0.00038468
2025-12-01,-0.0004576
2025-12-02,-0.00045028
2025-12-03,-0.00058958
2025-12-04,-0.00052467
2025-12-05,-0.00054571
2025-12-06,-0.00042851
2025-12-07,-0.00058695
2025-12-08,-0.00036088
2025-12-09,-0.00046441
2025-12-10,-0.00034481
2025-12-11,-0.00027802
2025-12-12,-0.00046264
2025-12-13,-0.0005835
2025-12-14,-0.00059651
2025-12-15,-0.00047478
2025-12-16,-0.00037238
2025-12-17,-0.00046377
2025-12-18,-0.00048293
2025-12-19,-0.00045661
2025-12-20,-0.00046458
2025-12-21,-0.00038982
2025-12-22,-0.00040453
2025-12-23,-0.00036047
2025-12-24,-0.00047537
2025-12-25,-0.0007896
2025-12-26,-0.00042775
2025-12-27,-0.0004262
2025-12-28,-0.00022882
2025-12-29,-0.00034646
2025-12-30,-0.0005676
2025-12-31,-0.00043904
2026-01-01,-0.00043273
2026-01-02,-0.00043157
2026-01-03,-0.00038004
2026-01-04,-0.00047404
2026-01-05,-0.0004495
2026-01-06,-0.00044399
2026-01-07,-0.0004383
2026-01-08,-0.00041545
2026-01-09,-0.00039471
2026-01-10,-0.00036883
2026-01-11,-0.00024878
2026-01-12,-0.00049827
2026-01-13,-0.0002774
2026-01-14,-0.00038269
2026-01-15,-0.00044548
2026-01-16,-0.00050377
2026-01-17,-0.00042551
2026-01-18,-0.00057375
2026-01-19,-0.00040787
2026-01-20,-0.00047812
2026-01-21,-0.00046511
2026-01-22,-0.00031277
2026-01-23,-0.00051898
2026-01-24,-0.00058388
2026-01-25,-0.0004119
2026-01-26,-0.00052552
2026-01-27,-0.00054576
2026-01-28,-0.00038737
2026-01-29,-0.00058548
2026-01-30,-0.00055107
2026-01-31,-0.00053848
2026-02-01,-0.00067066
2026-02-02,-0.00046443
2026-02-03,-0.00047968
2026-02-04,-0.00051407
2026-02-05,-0.00036557
2026-02-06,-0.00047994
2026-02-07,-0.00057303
2026-02-08,-0.00055279
2026-02-09,-0.00054551
2026-02-10,-0.00051994
2026-02-11,-0.00042229
2026-02-12,-0.0003806
2026-02-13,-0.00041132
2026-02-14,-0.00054889
2026-02-15,-0.00057037
2026-02-16,-0.00047973
2026-02-17,-0.00043081
2026-02-18,-0.00052788
2026-02-19,-0.00050723
2026-02-20,-0.00063739
2026-02-21,-0.00056246
2026-02-22,-0.00048031
2026-02-23,-0.0005297
2026-02-24,-0.00042296
2026-02-25,-0.00040898
2026-02-26,-0.000554
2026-02-27,-0.00058778
2026-02-28,-0.00037551
2026-03-01,-0.00035428
2026-03-02,-0.00040608
2026-03-03,-0.00052013
2026-03-04,-0.0006274
2026-03-05,-0.00032089
2026-03-06,-0.00046251
2026-03-07,-0.0004793
2026-03-08,-0.00061961
2026-03-09,-0.00044232
2026-03-10,-0.00064431
2026-03-11,-0.0006471
2026-03-12,-0.00033557
2026-03-13,-0.00060177
2026-03-14,-0.00057084
2026-03-15,-0.00044045
2026-03-16,-0.00033891
2026-03-17,-0.00048565
2026-03-18,-0.0005418
2026-03-19,-0.0004882
2026-03-20,-0.00068697
2026-03-21,-0.00015098
2026-03-22,-0.00057985
2026-03-23,-0.00059105
2026-03-24,-0.00044234
2026-03-25,-0.00054162
2026-03-26,-0.00053747
2026-03-27,-0.0006103
2026-03-28,-0.00054624
2026-03-29,-0.00050485
2026-03-30,-0.00024007
2026-03-31,-0.00062557
2026-04-01,-0.00028757
2026-04-02,-0.00044796
2026-04-03,-0.00045304
2026-04-04,-0.00046435
2026-04-05,-0.00044577
2026-04-06,-0.00045952
2026-04-07,-0.00043372
2026-04-08,-0.00054851
2026-04-09,-0.00052233
2026-04-10,-0.00049871
2026-04-11,-0.0004859
2026-04-12,-0.0003339
2026-04-13,-0.00094829
2026-04-14,-0.00058209
2026-04-15,-0.00036136
2026-04-16,-0.000643
2026-04-17,-0.00118799
2026-04-18,-0.00062603
2026-04-19,-0.00072642
2026-04-20,-0.00071383
2026-04-21,-0.00051597
2026-04-22,-0.00051267
2026-04-23,-0.00042744
2026-04-24,-0.00048844
2026-04-25,-0.00043148
2026-04-26,-0.00045324
2026-04-27,-0.00048838
2026-04-28,-0.0005928
2026-04-29,-0.00048788
2026-04-30,-0.00038648
2026-05-01,-0.00055478
2026-05-02,-0.000425
2026-05-03,-0.0005523
2026-05-04,-0.00033015
2026-05-05,-0.00065178
2026-05-06,-0.00067697
2026-05-07,-0.00076661
2026-05-08,-0.00046566
2026-05-09,-0.00056586
2026-05-10,-0.0003359
2026-05-11,-0.0005586
2026-05-12,-0.00051465
2026-05-13,-0.00035922
2026-05-14,-0.00048636
2026-05-15,-0.00051404
2026-05-16,-0.0005753
2026-05-17,-0.00043961
2026-05-18,-0.00052865
2026-05-19,-0.00040983
2026-05-20,-0.00045158
2026-05-21,-0.00048529
2026-05-22,-0.00046473
2026-05-23,-0.00043751
2026-05-24,-0.00056927
2026-05-25,-0.00059701
2026-05-26,-0.00037604
2026-05-27,-0.00040304
2026-05-28,-0.0004631
2026-05-29,-0.00056927
2026-05-30,-0.00043643
2026-05-31,-0.00029208
2026-06-01,-0.00030453
2026-06-02,-0.00044032
2026-06-03,-0.00010202
2026-06-04,-0.00040929
2026-06-05,-0.00059421
2026-06-06,-0.00066559
2026-06-07,-0.00052331
2026-06-08,-0.00045509
2026-06-09,-0.00047609
2026-06-10,-0.00049622
2026-06-11,-0.00040042
2026-06-12,-0.00051166
2026-06-13,-0.0007719
2026-06-14,-0.00061736
2026-06-15,-0.00070204
2026-06-16,-0.0004032
2026-06-17,-0.00039549
2026-06-18,-0.00055151
2026-06-19,-0.000674
2026-06-20,-0.00071731
2026-06-21,-0.0004461
2026-06-22,-0.00048128
2026-06-23,-0.00063027
2026-06-24,-0.00048547
2026-06-25,-0.00047695
2026-06-26,-0.00047456
2026-06-27,-0.00047348
2026-06-28,-0.00052137
2026-06-30,-0.00032729
2026-07-01,-0.00062338
2026-07-02,-0.00031125
2026-07-03,-0.00024117
2026-07-04,-0.00062095
2026-07-05,-0.00038749
2026-07-06,-0.00021694
2026-07-07,-0.00021398
2026-07-08,-0.00053138
2026-07-09,-0.00050761
2026-07-10,-0.00047323
2026-07-11,-0.00059317
2026-07-12,-0.00050343
2026-07-13,-0.00037521
2026-07-14,-0.0003902
2026-07-15,-0.00056244
2026-07-16,-0.0005369
2026-07-17,-0.00044088
2026-07-18,-0.00038531
2026-07-19,-0.00049624
2026-07-20,-0.00050754
2026-07-21,-0.0004919
2026-07-22,-0.00049699
2026-07-23,-0.00035814
2026-07-24,-0.0003919
2026-07-25,-0.0004738
2026-07-26,-0.00030892
2026-07-27,-0.00055678
2026-07-28,-0.00030271
2026-07-29,-0.00036392
2026-07-30,-0.00048191
2026-07-31,-0.00043078
2026-08-01,-0.0004627
2026-08-02,-0.00029052
2026-08-03,-0.00038503
2026-08-04,-0.00043227
2026-08-05,-0.00048791
2026-08-06,-0.00032474
2026-08-07,-0.0005421
2026-08-08,-0.0005076
2026-08-09,-0.00051103
2026-08-10,-0.00048789
2026-08-11,-0.00042009
2026-08-12,-0.00038288
2026-08-13,-0.00036081
2026-08-14,-0.000467
2026-08-15,-0.00051742
2026-08-16,-0.00033775
2026-08-17,-0.000502
2026-08-18,-0.00055394
2026-08-19,-0.00029772
2026-08-20,-0.00030265
2026-08-21,-0.00028169
2026-08-22,9.997e-05
2026-08-23,-0.00019568
2026-08-24,-0.00040558
2026-08-25,-0.00051515
2026-08-26,-0.00045344
2026-08-27,-0.00048096
2026-08-28,-0.00047659
2026-08-29,-0.00043524
2026-08-30,-0.00062279
2026-08-31,-0.00035402
