date,funding_rate,n
2020-01-01,-0.00011468666666666667,3
2020-01-02,4.588666666666667e-05,3
2020-01-03,2.2610000000000002e-05,3
2020-01-04,5.823666666666667e-05,3
2020-01-05,0.0001,3
2020-01-06,0.0001,3
2020-01-07,0.0001,3
2020-01-08,0.00010838,3
2020-01-09,0.0001,3
2020-01-10,0.0001,3
2020-01-11,0.00012615333333333334,3
2020-01-12,0.0001,3
2020-01-13,0.0001,3
2020-01-14,0.000153,3
2020-01-15,0.0002629633333333334,3
2020-01-16,0.00027552333333333333,3
2020-01-17,0.0002725866666666667,3
2020-01-18,0.0002375433333333333,3
2020-01-19,0.0005061233333333333,3
2020-01-20,0.00016828,3
2020-01-21,0.00014407333333333334,3
2020-01-22,0.00013797333333333335,3
2020-01-23,0.00024101333333333334,3
2020-01-24,0.0003826366666666667,3
2020-01-25,0.0001,3
2020-01-26,0.0001,3
2020-01-27,0.0001,3
2020-01-28,0.00044361000000000004,3
2020-01-29,0.0007473699999999999,3
2020-01-30,0.0002777633333333333,3
2020-01-31,0.0005685433333333334,3
2020-02-01,0.0006323666666666667,3
2020-02-02,0.00042901,3
2020-02-03,0.00035513,3
2020-02-04,0.0006397466666666667,3
2020-02-05,0.00024210333333333332,3
2020-02-06,0.0009932933333333333,3
2020-02-07,0.0002998666666666667,3
2020-02-08,0.0006736266666666667,3
2020-02-09,0.0007942366666666667,3
2020-02-10,0.00109891,3
2020-02-11,0.0005296866666666667,3
2020-02-12,0.0017064633333333335,3
2020-02-13,0.0008279,3
2020-02-14,0.00064575,3
2020-02-15,0.00081114,3
2020-02-16,0.00049674,3
2020-02-17,0.0006507166666666666,3
2020-02-18,0.00023527000000000002,3
2020-02-19,0.0004188,3
2020-02-20,0.0001,3
2020-02-21,0.0001,3
2020-02-22,0.00010747666666666667,3
2020-02-23,0.00044660333333333327,3
2020-02-24,0.0002445366666666667,3
2020-02-25,0.00035567,3
2020-02-26,0.00041820000000000003,3
2020-02-27,0.00012454333333333334,3
2020-02-28,0.00015087666666666665,3
2020-02-29,0.0006134900000000001,3
2020-03-01,0.0003609433333333333,3
2020-03-02,0.00012906666666666667,3
2020-03-03,0.0001,3
2020-03-04,0.00014776,3
2020-03-05,0.00017667333333333331,3
2020-03-06,0.00025946,3
2020-03-07,0.0003475866666666667,3
2020-03-08,0.0004911766666666667,3
2020-03-09,0.0001,3
2020-03-10,0.0001,3
2020-03-11,0.00014299333333333335,3
2020-03-12,1.8076666666666666e-05,3
2020-03-13,-0.0012715033333333334,3
2020-03-14,-0.0004389733333333334,3
2020-03-15,-0.00050297,3
2020-03-16,-0.0005183766666666667,3
2020-03-17,-0.00012694666666666668,3
2020-03-18,-0.0002786933333333333,3
2020-03-19,-0.00021378333333333332,3
2020-03-20,-2.2133333333333334e-05,3
2020-03-21,-1.3816666666666673e-05,3
2020-03-22,2.460666666666667e-05,3
2020-03-23,-7.697e-05,3
2020-03-24,0.0001,3
2020-03-25,9.923666666666668e-05,3
2020-03-26,3.326333333333334e-05,3
2020-03-27,4.4030000000000004e-05,3
2020-03-28,-0.00025038666666666665,3
2020-03-29,-0.00026005,3
2020-03-30,-0.00035036333333333334,3
2020-03-31,-0.00012285333333333332,3
2020-04-01,-0.0003096666666666667,3
2020-04-02,-2.211e-05,3
2020-04-03,6.375333333333333e-05,3
2020-04-04,1.3563333333333334e-05,3
2020-04-05,1.1873333333333334e-05,3
2020-04-06,-1.8176666666666665e-05,3
2020-04-07,-4.889e-05,3
2020-04-08,4.638e-05,3
2020-04-09,-2.953e-05,3
2020-04-10,4.999e-05,3
2020-04-11,0.0001,3
2020-04-12,9.484333333333333e-05,3
2020-04-13,-5.066333333333332e-05,3
2020-04-14,-5.272666666666667e-05,3
2020-04-15,-4.836e-05,3
2020-04-16,-0.00015551333333333332,3
2020-04-17,8.333333333333332e-06,3
2020-04-18,-0.00013306333333333334,3
2020-04-19,-5.531333333333333e-05,3
2020-04-20,-2.982e-05,3
2020-04-21,-2.2396666666666665e-05,3
2020-04-22,-0.00015103,3
2020-04-23,-9.277e-05,3
2020-04-24,0.0001,3
2020-04-25,0.0001,3
2020-04-26,9.164333333333334e-05,3
2020-04-27,0.0001,3
2020-04-28,0.0001,3
2020-04-29,0.0001,3
2020-04-30,0.00040241666666666665,3
2020-05-01,0.00017495,3
2020-05-02,0.00010048000000000001,3
2020-05-03,0.00014990666666666667,3
2020-05-04,0.00010641666666666666,3
2020-05-05,0.0001,3
2020-05-06,0.00018660333333333332,3
2020-05-07,0.0001,3
2020-05-08,0.00034433333333333337,3
2020-05-09,0.0005862366666666667,3
2020-05-10,0.00020775333333333335,3
2020-05-11,0.0001,3
2020-05-12,0.0001,3
2020-05-13,0.0001,3
2020-05-14,0.0001,3
2020-05-15,8.133333333333334e-05,3
2020-05-16,0.0001,3
2020-05-17,4.338e-05,3
2020-05-18,4.453333333333333e-05,3
2020-05-19,9.297333333333333e-05,3
2020-05-20,0.0001,3
2020-05-21,2.594e-05,3
2020-05-22,-2.2633333333333313e-06,3
2020-05-23,1.2833333333333333e-05,3
2020-05-24,8.213666666666667e-05,3
2020-05-25,-5.759999999999999e-06,3
2020-05-26,4.854666666666667e-05,3
2020-05-27,-6.403333333333329e-06,3
2020-05-28,-6.471666666666666e-05,3
2020-05-29,1.2970000000000001e-05,3
2020-05-30,0.0001,3
2020-05-31,0.0001,3
2020-06-01,2.6756666666666667e-05,3
2020-06-02,0.00040930000000000003,3
2020-06-03,9.548666666666667e-05,3
2020-06-04,0.0001,3
2020-06-05,0.0001,3
2020-06-06,0.0001,3
2020-06-07,0.0001,3
2020-06-08,0.0001,3
2020-06-09,0.0001,3
2020-06-10,0.0001,3
2020-06-11,0.0001,3
2020-06-12,5.299333333333333e-05,3
2020-06-13,5.0916666666666666e-05,3
2020-06-14,9.034e-05,3
2020-06-15,-4.120666666666666e-05,3
2020-06-16,1.5949999999999998e-05,3
2020-06-17,2.3179999999999995e-05,3
2020-06-18,-4.6566666666666676e-05,3
2020-06-19,3.927666666666667e-05,3
2020-06-20,7.062000000000001e-05,3
2020-06-21,1.8843333333333333e-05,3
2020-06-22,8.928e-05,3
2020-06-23,0.00010738333333333333,3
2020-06-24,0.00010428666666666667,3
2020-06-25,0.0001,3
2020-06-26,9.800333333333332e-05,3
2020-06-27,0.0001,3
2020-06-28,8.289e-05,3
2020-06-29,0.0001,3
2020-06-30,0.0001,3
2020-07-01,0.0001,3
2020-07-02,0.0001,3
2020-07-03,0.0001,3
2020-07-04,0.0001,3
2020-07-05,0.0001,3
2020-07-06,0.0001,3
2020-07-07,0.0001,3
2020-07-08,0.0001,3
2020-07-09,0.0001,3
2020-07-10,0.0001,3
2020-07-11,0.0001,3
2020-07-12,0.0001,3
2020-07-13,0.0001,3
2020-07-14,0.0001,3
2020-07-15,0.0001,3
2020-07-16,0.0001,3
2020-07-17,0.0001,3
2020-07-18,0.0001,3
2020-07-19,0.0001,3
2020-07-20,0.0001,3
2020-07-21,0.0001,3
2020-07-22,0.0001,3
2020-07-23,0.0001,3
2020-07-24,0.0001,3
2020-07-25,0.0001,3
2020-07-26,0.00028479,3
2020-07-27,0.0006200633333333334,3
2020-07-28,0.00119704,3
2020-07-29,0.0007122833333333333,3
2020-07-30,0.00067754,3
2020-07-31,0.0005323933333333334,3
2020-08-01,0.00035896999999999996,3
2020-08-02,0.0005424966666666667,3
2020-08-03,0.00038503333333333333,3
2020-08-04,0.00033459000000000006,3
2020-08-05,0.00017518333333333335,3
2020-08-06,0.0003788733333333334,3
2020-08-07,0.00025614,3
2020-08-08,0.0001,3
2020-08-09,0.00015213333333333334,3
2020-08-10,0.00057372,3
2020-08-11,0.0003197466666666667,3
2020-08-12,0.0001,3
2020-08-13,0.0001,3
2020-08-14,0.00029689666666666664,3
2020-08-15,0.00022851333333333333,3
2020-08-16,0.00031980333333333333,3
2020-08-17,0.00050636,3
2020-08-18,0.0009942233333333332,3
2020-08-19,0.0005208933333333334,3
2020-08-20,0.00018020000000000002,3
2020-08-21,0.0001,3
2020-08-22,0.0001,3
2020-08-23,0.0001,3
2020-08-24,0.0001,3
2020-08-25,0.0002086,3
2020-08-26,0.00015451333333333335,3
2020-08-27,0.0001,3
2020-08-28,0.0001,3
2020-08-29,0.0001,3
2020-08-30,0.0001,3
2020-08-31,0.00011820333333333333,3
2020-09-01,0.00026607,3
2020-09-02,0.00037669,3
2020-09-03,0.00020977,3
2020-09-04,0.0001,3
2020-09-05,0.0001,3
2020-09-06,0.0001,3
2020-09-07,0.0001,3
2020-09-08,0.0001,3
2020-09-09,0.0001,3
2020-09-10,0.0001,3
2020-09-11,0.0001,3
2020-09-12,0.0001,3
2020-09-13,0.0001,3
2020-09-14,6.956e-05,3
2020-09-15,-0.00010073999999999999,3
2020-09-16,-5.289e-05,3
2020-09-17,8.306666666666666e-06,3
2020-09-18,6.657e-05,3
2020-09-19,-9.426333333333334e-05,3
2020-09-20,-8.099666666666666e-05,3
2020-09-21,-3.192333333333333e-05,3
2020-09-22,0.0001,3
2020-09-23,-1.263e-05,3
2020-09-24,3.996666666666667e-05,3
2020-09-25,-3.5589999999999996e-05,3
2020-09-26,0.0001,3
2020-09-27,0.0001,3
2020-09-28,0.0001,3
2020-09-29,0.0001,3
2020-09-30,0.0001,3
2020-10-01,9.137333333333333e-05,3
2020-10-02,2.695e-05,3
2020-10-03,9.916333333333335e-05,3
2020-10-04,7.129999999999999e-06,3
2020-10-05,-6.478666666666665e-05,3
2020-10-06,-5.006666666666667e-06,3
2020-10-07,4.02e-06,3
2020-10-08,4.9323333333333336e-05,3
2020-10-09,8.709333333333334e-05,3
2020-10-10,0.0001,3
2020-10-11,0.0001,3
2020-10-12,0.0001,3
2020-10-13,0.0001,3
2020-10-14,0.0001,3
2020-10-15,0.0001,3
2020-10-16,0.0001,3
2020-10-17,0.0001,3
2020-10-18,0.0001,3
2020-10-19,0.0001,3
2020-10-20,7.914e-05,3
2020-10-21,6.592666666666666e-05,3
2020-10-22,0.0001,3
2020-10-23,0.0001,3
2020-10-24,0.0001,3
2020-10-25,0.0001,3
2020-10-26,0.0001,3
2020-10-27,8.467e-05,3
2020-10-28,7.908333333333334e-05,3
2020-10-29,-0.00012415666666666666,3
2020-10-30,-9.883333333333333e-05,3
2020-10-31,-0.00010785,3
2020-11-01,-5.1750000000000004e-05,3
2020-11-02,4.441e-05,3
2020-11-03,-8.704e-05,3
2020-11-04,-0.00011418333333333334,3
2020-11-05,0.0001,3
2020-11-06,0.00022535,3
2020-11-07,0.0003291733333333333,3
2020-11-08,0.0001,3
2020-11-09,0.0001,3
2020-11-10,0.0001,3
2020-11-11,0.0001,3
2020-11-12,0.0001,3
2020-11-13,0.0001,3
2020-11-14,8.092333333333333e-05,3
2020-11-15,0.0001,3
2020-11-16,0.0001,3
2020-11-17,0.0001,3
2020-11-18,0.0003339866666666667,3
2020-11-19,0.00029074,3
2020-11-20,0.00038304666666666665,3
2020-11-21,0.00026479333333333336,3
2020-11-22,0.0007796166666666667,3
2020-11-23,0.0009524966666666666,3
2020-11-24,0.0006411433333333333,3
2020-11-25,0.0006586866666666667,3
2020-11-26,0.00025780000000000003,3
2020-11-27,0.00010257666666666666,3
2020-11-28,0.0001,3
2020-11-29,0.0001,3
2020-11-30,0.0001649366666666667,3
2020-12-01,0.00033587333333333336,3
2020-12-02,0.0001,3
2020-12-03,0.00015151666666666665,3
2020-12-04,0.00010901,3
2020-12-05,0.0001,3
2020-12-06,0.0001,3
2020-12-07,0.0001,3
2020-12-08,0.0001,3
2020-12-09,0.0001,3
2020-12-10,0.0001,3
2020-12-11,0.0001,3
2020-12-12,4.0596666666666664e-05,3
2020-12-13,0.0001,3
2020-12-14,0.0001,3
2020-12-15,0.0001,3
2020-12-16,0.00022018000000000002,3
2020-12-17,0.00028657666666666667,3
2020-12-18,0.0004237066666666666,3
2020-12-19,0.00039525333333333335,3
2020-12-20,0.0005153666666666667,3
2020-12-21,0.0003192833333333333,3
2020-12-22,0.00013318666666666665,3
2020-12-23,0.00010508,3
2020-12-24,0.00015738666666666667,3
2020-12-25,0.00021144333333333334,3
2020-12-26,0.00012321666666666666,3
2020-12-27,0.00038857333333333334,3
2020-12-28,0.0005029133333333333,3
2020-12-29,0.00042179,3
2020-12-30,0.0006289833333333333,3
2020-12-31,0.00050127,3
2021-01-01,0.0002784866666666667,3
2021-01-02,0.00048540666666666666,3
2021-01-03,0.0013126933333333334,3
2021-01-04,0.0015224833333333336,3
2021-01-05,0.00066136,3
2021-01-06,0.0016215133333333331,3
2021-01-07,0.0011430033333333332,3
2021-01-08,0.0014581766666666666,3
2021-01-09,0.0009227133333333334,3
2021-01-10,0.00106408,3
2021-01-11,0.0007382766666666667,3
2021-01-12,0.00046441999999999995,3
2021-01-13,0.00035962666666666663,3
2021-01-14,0.0007315366666666667,3
2021-01-15,0.0007943199999999999,3
2021-01-16,0.00037023,3
2021-01-17,0.0002446166666666667,3
2021-01-18,0.0006941533333333334,3
2021-01-19,0.0012007566666666668,3
2021-01-20,0.00040875666666666667,3
2021-01-21,0.00039007999999999995,3
2021-01-22,0.0001,3
2021-01-23,0.00010727333333333334,3
2021-01-24,0.00021918666666666665,3
2021-01-25,0.00034889,3
2021-01-26,0.00011168666666666666,3
2021-01-27,0.0001,3
2021-01-28,0.00014087333333333334,3
2021-01-29,0.0008053066666666667,3
2021-01-30,0.00041612,3
2021-01-31,0.00048431666666666663,3
2021-02-01,0.00039447000000000006,3
2021-02-02,0.0006774866666666666,3
2021-02-03,0.0007779633333333333,3
2021-02-04,0.00055095,3
2021-02-05,0.0007687566666666666,3
2021-02-06,0.0006899333333333334,3
2021-02-07,0.0010895766666666666,3
2021-02-08,0.00122049,3
2021-02-09,0.00159619,3
2021-02-10,0.0013735333333333335,3
2021-02-11,0.0011130733333333334,3
2021-02-12,0.0011997833333333334,3
2021-02-13,0.0011918466666666668,3
2021-02-14,0.0012690733333333333,3
2021-02-15,0.0007553666666666667,3
2021-02-16,0.0012165466666666667,3
2021-02-17,0.0011487133333333334,3
2021-02-18,0.0013746466666666665,3
2021-02-19,0.00101524,3
2021-02-20,0.0013177266666666665,3
2021-02-21,0.0010839966666666666,3
2021-02-22,0.00095565,3
2021-02-23,0.00022616000000000002,3
2021-02-24,0.00033026666666666665,3
2021-02-25,0.00023335333333333332,3
2021-02-26,0.0001,3
2021-02-27,0.0002825733333333333,3
2021-02-28,0.00019235333333333333,3
2021-03-01,0.00012307,3
2021-03-02,0.0001,3
2021-03-03,0.00021692666666666666,3
2021-03-04,0.0001,3
2021-03-05,0.0001,3
2021-03-06,0.0001,3
2021-03-07,0.00012535333333333332,3
2021-03-08,0.00014919,3
2021-03-09,0.0005714433333333333,3
2021-03-10,0.0004328166666666667,3
2021-03-11,0.0009355833333333334,3
2021-03-12,0.0007344933333333333,3
2021-03-13,0.0005517166666666667,3
2021-03-14,0.0009383,3
2021-03-15,0.0006766533333333333,3
2021-03-16,0.00033036000000000003,3
2021-03-17,0.00026392,3
2021-03-18,0.00030690333333333335,3
2021-03-19,0.00026051,3
2021-03-20,0.00047556000000000003,3
2021-03-21,0.0002791366666666667,3
2021-03-22,0.00048819333333333337,3
2021-03-23,0.00031024666666666667,3
2021-03-24,0.0003214766666666667,3
2021-03-25,0.00010609333333333334,3
2021-03-26,0.00012,3
2021-03-27,0.0001,3
2021-03-28,0.0001,3
2021-03-29,0.00012723666666666667,3
2021-03-30,0.00047595,3
2021-03-31,0.00070019,3
2021-04-01,0.0008548533333333335,3
2021-04-02,0.00093083,3
2021-04-03,0.0009080766666666667,3
2021-04-04,0.0004236866666666667,3
2021-04-05,0.00040029999999999997,3
2021-04-06,0.0007956700000000001,3
2021-04-07,0.0005500599999999999,3
2021-04-08,0.00030650666666666665,3
2021-04-09,0.0002256566666666667,3
2021-04-10,0.0009374499999999999,3
2021-04-11,0.0009738666666666666,3
2021-04-12,0.0009816466666666666,3
2021-04-13,0.0009889,3
2021-04-14,0.00101287,3
2021-04-15,0.0008958033333333333,3
2021-04-16,0.0011506266666666666,3
2021-04-17,0.00065495,3
2021-04-18,0.00050024,3
2021-04-19,0.0001,3
2021-04-20,0.0001,3
2021-04-21,0.0001,3
2021-04-22,0.0001,3
2021-04-23,0.00022539333333333335,3
2021-04-24,0.00018144000000000002,3
2021-04-25,0.00023419333333333335,3
2021-04-26,0.0001,3
2021-04-27,0.0001,3
2021-04-28,0.0001,3
2021-04-29,0.0001,3
2021-04-30,0.0001,3
2021-05-01,0.0001790166666666667,3
2021-05-02,0.0003546233333333333,3
2021-05-03,0.00047936,3
2021-05-04,0.0004319033333333333,3
2021-05-05,0.00032964333333333334,3
2021-05-06,0.0007653633333333333,3
2021-05-07,0.00038367333333333333,3
2021-05-08,0.0005069166666666667,3
2021-05-09,0.00052217,3
2021-05-10,0.0007414733333333335,3
2021-05-11,0.0003868533333333333,3
2021-05-12,0.00030052000000000003,3
2021-05-13,0.00014833666666666667,3
2021-05-14,0.0003010933333333333,3
2021-05-15,0.00013425333333333332,3
2021-05-16,0.00031042,3
2021-05-17,0.0004442766666666667,3
2021-05-18,0.0003039166666666667,3
2021-05-19,-0.00014628,3
2021-05-20,0.0001,3
2021-05-21,5.514999999999999e-05,3
2021-05-22,-1.4826666666666665e-05,3
2021-05-23,-4.58e-06,3
2021-05-24,-5.4499999999999997e-05,3
2021-05-25,0.0001,3
2021-05-26,0.0001,3
2021-05-27,0.0001,3
2021-05-28,0.0001,3
2021-05-29,0.00010125,3
2021-05-30,0.0001,3
2021-05-31,0.0001,3
2021-06-01,0.0001,3
2021-06-02,0.0001,3
2021-06-03,0.0001,3
2021-06-04,0.00013522,3
2021-06-05,0.0001,3
2021-06-06,0.0001,3
2021-06-07,0.0001,3
2021-06-08,7.005000000000001e-05,3
2021-06-09,-3.4129999999999993e-05,3
2021-06-10,-2.553333333333335e-06,3
2021-06-11,5.796e-05,3
2021-06-12,4.68666666666667e-06,3
2021-06-13,1.9776666666666663e-05,3
2021-06-14,5.618666666666667e-05,3
2021-06-15,9.334000000000001e-05,3
2021-06-16,0.0001,3
2021-06-17,0.0001,3
2021-06-18,5.229e-05,3
2021-06-19,-2.3903333333333335e-05,3
2021-06-20,5.2100000000000035e-06,3
2021-06-21,-3.8236666666666666e-05,3
2021-06-22,-4.9530000000000015e-05,3
2021-06-23,-0.00011173666666666667,3
2021-06-24,-5.549333333333333e-05,3
2021-06-25,7.457333333333334e-05,3
2021-06-26,-0.00011507,3
2021-06-27,-0.00034195,3
2021-06-28,3.4660000000000004e-05,3
2021-06-29,7.409666666666667e-05,3
2021-06-30,0.0001,3
2021-07-01,0.0001,3
2021-07-02,2.0390000000000003e-05,3
2021-07-03,-4.962e-05,3
2021-07-04,-2.5356666666666664e-05,3
2021-07-05,3.186666666666667e-05,3
2021-07-06,-6.678e-05,3
2021-07-07,2.2126666666666666e-05,3
2021-07-08,-0.00011033666666666665,3
2021-07-09,-0.00015698,3
2021-07-10,2.612666666666667e-05,3
2021-07-11,4.804000000000001e-05,3
2021-07-12,7.437999999999999e-05,3
2021-07-13,6.684e-05,3
2021-07-14,-1.4533333333333308e-06,3
2021-07-15,2.2310000000000005e-05,3
2021-07-16,-1.4503333333333332e-05,3
2021-07-17,2.674e-05,3
2021-07-18,5.188666666666667e-05,3
2021-07-19,-1.8523333333333333e-05,3
2021-07-20,-0.00015731666666666668,3
2021-07-21,-0.0003144066666666667,3
2021-07-22,-4.5083333333333336e-05,3
2021-07-23,-5.877e-05,3
2021-07-24,-0.00010409333333333334,3
2021-07-25,-0.00017530333333333332,3
2021-07-26,-0.00011613666666666668,3
2021-07-27,5.917333333333334e-05,3
2021-07-28,5.987666666666667e-05,3
2021-07-29,6.589666666666666e-05,3
2021-07-30,5.874333333333334e-05,3
2021-07-31,0.0001,3
2021-08-01,0.0001,3
2021-08-02,0.0001,3
2021-08-03,0.0001,3
2021-08-04,7.090666666666667e-05,3
2021-08-05,0.0001,3
2021-08-06,0.0001,3
2021-08-07,0.0001,3
2021-08-08,0.0001,3
2021-08-09,0.0001,3
2021-08-10,0.0001,3
2021-08-11,0.0001,3
2021-08-12,0.0001,3
2021-08-13,0.0001,3
2021-08-14,0.0001,3
2021-08-15,0.0001,3
2021-08-16,0.00011308,3
2021-08-17,0.0001,3
2021-08-18,0.0001,3
2021-08-19,0.0001,3
2021-08-20,0.00011920333333333334,3
2021-08-21,0.00015569,3
2021-08-22,0.00011604333333333333,3
2021-08-23,0.0002438766666666667,3
2021-08-24,0.0002688266666666667,3
2021-08-25,0.00013189333333333333,3
2021-08-26,0.00013955,3
2021-08-27,0.0001,3
2021-08-28,0.00021792333333333331,3
2021-08-29,0.0001,3
2021-08-30,0.00014183333333333333,3
2021-08-31,0.00029103666666666664,3
2021-09-01,0.0003528033333333334,3
2021-09-02,0.0004887166666666667,3
2021-09-03,0.00035202,3
2021-09-04,0.00024982,3
2021-09-05,0.0001,3
2021-09-06,0.00015594333333333331,3
2021-09-07,0.00014325666666666667,3
2021-09-08,0.0001,3
2021-09-09,0.0001,3
2021-09-10,0.00010371666666666666,3
2021-09-11,0.0001,3
2021-09-12,0.0001,3
2021-09-13,0.0001,3
2021-09-14,0.0001,3
2021-09-15,0.0001,3
2021-09-16,0.0001,3
2021-09-17,0.0001,3
2021-09-18,0.0001,3
2021-09-19,0.0001,3
2021-09-20,0.0001,3
2021-09-21,0.0001,3
2021-09-22,0.0001,3
2021-09-23,7.526333333333333e-05,3
2021-09-24,-4.1379999999999993e-05,3
2021-09-25,8.543e-05,3
2021-09-26,3.590333333333334e-05,3
2021-09-27,0.0001,3
2021-09-28,5.207666666666666e-05,3
2021-09-29,4.622e-05,3
2021-09-30,9.745000000000001e-05,3
2021-10-01,3.1696666666666664e-05,3
2021-10-02,4.911333333333333e-05,3
2021-10-03,0.0001,3
2021-10-04,0.0001,3
2021-10-05,2.5780000000000004e-05,3
2021-10-06,0.0001,3
2021-10-07,0.00023949666666666668,3
2021-10-08,0.00023383666666666663,3
2021-10-09,0.00011905666666666666,3
2021-10-10,0.00013635333333333332,3
2021-10-11,0.0001,3
2021-10-12,0.0001,3
2021-10-13,0.0001,3
2021-10-14,0.00016693,3
2021-10-15,0.00018895,3
2021-10-16,0.00039754333333333336,3
2021-10-17,0.00038553999999999997,3
2021-10-18,0.00023547333333333333,3
2021-10-19,0.00011658000000000001,3
2021-10-20,0.0002774566666666667,3
2021-10-21,0.0006274466666666666,3
2021-10-22,0.00030406000000000004,3
2021-10-23,0.00019475666666666667,3
2021-10-24,0.00033478333333333333,3
2021-10-25,0.00028888666666666667,3
2021-10-26,0.0005254166666666667,3
2021-10-27,0.0002883366666666667,3
2021-10-28,0.00013118666666666668,3
2021-10-29,0.00021869999999999998,3
2021-10-30,0.00026212,3
2021-10-31,0.00037292333333333337,3
2021-11-01,0.00040267666666666673,3
2021-11-02,0.00032179,3
2021-11-03,0.00052478,3
2021-11-04,0.0004770166666666667,3
2021-11-05,0.0002603566666666667,3
2021-11-06,0.00045389333333333335,3
2021-11-07,0.00030319666666666663,3
2021-11-08,0.00041316333333333335,3
2021-11-09,0.00048591,3
2021-11-10,0.0005447533333333334,3
2021-11-11,0.00018340999999999998,3
2021-11-12,0.0003013933333333333,3
2021-11-13,0.00023005333333333332,3
2021-11-14,0.00012340333333333336,3
2021-11-15,0.0002595333333333333,3
2021-11-16,0.00018665999999999998,3
2021-11-17,0.00011051666666666667,3
2021-11-18,0.00010411666666666666,3
2021-11-19,0.0001,3
2021-11-20,0.0001,3
2021-11-21,0.0001,3
2021-11-22,0.0001,3
2021-11-23,0.00010965666666666666,3
2021-11-24,0.0001067,3
2021-11-25,0.00014404,3
2021-11-26,0.00019201333333333334,3
2021-11-27,0.00010274666666666666,3
2021-11-28,0.0001,3
2021-11-29,0.00013591333333333333,3
2021-11-30,0.00015936666666666665,3
2021-12-01,0.00017278333333333332,3
2021-12-02,0.00011983666666666666,3
2021-12-03,0.0001629466666666667,3
2021-12-04,6.392666666666667e-05,3
2021-12-05,9.091e-05,3
2021-12-06,0.0001,3
2021-12-07,7.992333333333333e-05,3
2021-12-08,0.0001,3
2021-12-09,0.0001,3
2021-12-10,0.0001,3
2021-12-11,0.0001,3
2021-12-12,0.0001,3
2021-12-13,0.0001,3
2021-12-14,6.115000000000001e-05,3
2021-12-15,0.0001,3
2021-12-16,0.0001,3
2021-12-17,8.226e-05,3
2021-12-18,8.913999999999999e-05,3
2021-12-19,9.026666666666667e-05,3
2021-12-20,0.0001,3
2021-12-21,9.728e-05,3
2021-12-22,0.0001,3
2021-12-23,7.912666666666668e-05,3
2021-12-24,0.0001,3
2021-12-25,0.0001,3
2021-12-26,0.0001,3
2021-12-27,0.0001,3
2021-12-28,0.0001,3
2021-12-29,0.0001,3
2021-12-30,0.0001,3
2021-12-31,5.6326666666666664e-05,3
2022-01-01,0.0001,3
2022-01-02,0.0001,3
2022-01-03,0.0001,3
2022-01-04,0.0001,3
2022-01-05,0.0001,3
2022-01-06,0.0001,3
2022-01-07,0.0001,3
2022-01-08,0.0001,3
2022-01-09,0.0001,3
2022-01-10,8.174e-05,3
2022-01-11,9.131333333333335e-05,3
2022-01-12,-1.6300000000000007e-06,3
2022-01-13,-1.1956666666666667e-05,3
2022-01-14,-5.0776666666666664e-05,3
2022-01-15,4.980999999999999e-05,3
2022-01-16,3.453333333333333e-05,3
2022-01-17,6.132666666666667e-05,3
2022-01-18,9.999333333333332e-05,3
2022-01-19,8.324333333333332e-05,3
2022-01-20,0.0001,3
2022-01-21,7.583e-05,3
2022-01-22,4.357e-05,3
2022-01-23,2.3903333333333335e-05,3
2022-01-24,4.6979999999999994e-05,3
2022-01-25,2.7060000000000002e-05,3
2022-01-26,-1.7863333333333332e-05,3
2022-01-27,-7.536333333333334e-05,3
2022-01-28,3.184e-05,3
2022-01-29,3.7233333333333334e-06,3
2022-01-30,8.392000000000001e-05,3
2022-01-31,-1.363333333333333e-05,3
2022-02-01,-1.3809999999999998e-05,3
2022-02-02,3.216e-05,3
2022-02-03,-2.693666666666667e-05,3
2022-02-04,9.636666666666669e-06,3
2022-02-05,9.152333333333335e-05,3
2022-02-06,0.0001,3
2022-02-07,-9.586666666666667e-06,3
2022-02-08,0.0001,3
2022-02-09,6.387333333333332e-05,3
2022-02-10,6.067000000000001e-05,3
2022-02-11,-2.9953333333333337e-05,3
2022-02-12,0.0001,3
2022-02-13,7.599333333333332e-05,3
2022-02-14,6.343e-05,3
2022-02-15,2.5673333333333334e-05,3
2022-02-16,0.0001,3
2022-02-17,0.0001,3
2022-02-18,-1.4323333333333332e-05,3
2022-02-19,6.223666666666667e-05,3
2022-02-20,6.956666666666665e-06,3
2022-02-21,-4.903333333333335e-06,3
2022-02-22,-1.9883333333333333e-05,3
2022-02-23,-6.186000000000001e-05,3
2022-02-24,-6.26e-05,3
2022-02-25,5.739333333333333e-05,3
2022-02-26,8.982e-05,3
2022-02-27,2.2496666666666664e-05,3
2022-02-28,-0.00011846333333333334,3
2022-03-01,8.123e-05,3
2022-03-02,6.497666666666666e-05,3
2022-03-03,0.0001,3
2022-03-04,0.0001,3
2022-03-05,7.218666666666667e-05,3
2022-03-06,1.704e-05,3
2022-03-07,-3.9473333333333334e-05,3
2022-03-08,7.792666666666667e-05,3
2022-03-09,8.925333333333334e-05,3
2022-03-10,3.120333333333333e-05,3
2022-03-11,-4.4239999999999997e-05,3
2022-03-12,-2.3466666666666657e-06,3
2022-03-13,-3.661e-05,3
2022-03-14,-4e-05,3
2022-03-15,6.421e-05,3
2022-03-16,8.623666666666666e-05,3
2022-03-17,0.0001,3
2022-03-18,7.220666666666666e-05,3
2022-03-19,0.0001,3
2022-03-20,0.0001,3
2022-03-21,2.984333333333333e-05,3
2022-03-22,0.0001,3
2022-03-23,9.004666666666667e-05,3
2022-03-24,5.19e-06,3
2022-03-25,5.143000000000001e-05,3
2022-03-26,4.209333333333333e-05,3
2022-03-27,1.0176666666666669e-05,3
2022-03-28,0.0001,3
2022-03-29,9.864666666666667e-05,3
2022-03-30,0.0001,3
2022-03-31,0.0001,3
2022-04-01,8.939666666666668e-05,3
2022-04-02,0.0001,3
2022-04-03,0.0001,3
2022-04-04,0.0001,3
2022-04-05,0.0001,3
2022-04-06,9.966e-05,3
2022-04-07,7.473666666666668e-05,3
2022-04-08,8.102000000000001e-05,3
2022-04-09,9.759666666666667e-05,3
2022-04-10,6.317333333333333e-05,3
2022-04-11,6.747666666666667e-05,3
2022-04-12,-7.936e-05,3
2022-04-13,-8.079999999999999e-06,3
2022-04-14,4.324666666666666e-05,3
2022-04-15,-4.113666666666667e-05,3
2022-04-16,4.532333333333334e-05,3
2022-04-17,6.852666666666667e-05,3
2022-04-18,-8.621333333333333e-05,3
2022-04-19,3.7409999999999996e-05,3
2022-04-20,7.569e-05,3
2022-04-21,9.699999999999992e-07,3
2022-04-22,-4.7909999999999994e-05,3
2022-04-23,-9.489333333333334e-05,3
2022-04-24,-0.00012401,3
2022-04-25,-3.176333333333333e-05,3
2022-04-26,0.0001,3
2022-04-27,-7.235333333333334e-05,3
2022-04-28,-4.199999999999998e-06,3
2022-04-29,7.542666666666667e-05,3
2022-04-30,3.6366666666666673e-06,3
2022-05-01,4.1660000000000004e-05,3
2022-05-02,9.666666666666667e-05,3
2022-05-03,0.0001,3
2022-05-04,7.501333333333334e-05,3
2022-05-05,0.0001,3
2022-05-06,-4.9989999999999994e-05,3
2022-05-07,4.793333333333334e-06,3
2022-05-08,5.7803333333333336e-05,3
2022-05-09,0.0001,3
2022-05-10,0.0001,3
2022-05-11,3.669e-05,3
2022-05-12,-0.0002514866666666667,3
2022-05-13,-5.623333333333333e-06,3
2022-05-14,0.0001,3
2022-05-15,9.114333333333334e-05,3
2022-05-16,7.941000000000001e-05,3
2022-05-17,4.665e-05,3
2022-05-18,-3.2720000000000005e-05,3
2022-05-19,4.249333333333333e-05,3
2022-05-20,0.0001,3
2022-05-21,6.699999999999998e-07,3
2022-05-22,3.1156666666666666e-05,3
2022-05-23,0.0001,3
2022-05-24,-3.385333333333333e-05,3
2022-05-25,7.893e-05,3
2022-05-26,6.079e-05,3
2022-05-27,0.0001,3
2022-05-28,9.570666666666668e-05,3
2022-05-29,0.0001,3
2022-05-30,0.0001,3
2022-05-31,0.0001,3
2022-06-01,0.0001,3
2022-06-02,9.733333333333334e-06,3
2022-06-03,7.009999999999998e-06,3
2022-06-04,3.523666666666666e-05,3
2022-06-05,3.979666666666667e-05,3
2022-06-06,8.564e-05,3
2022-06-07,-1.3129999999999998e-05,3
2022-06-08,0.0001,3
2022-06-09,9.702e-05,3
2022-06-10,7.597333333333333e-05,3
2022-06-11,2.9156666666666668e-05,3
2022-06-12,3.6673333333333333e-05,3
2022-06-13,6.180000000000001e-06,3
2022-06-14,-3.711666666666666e-05,3
2022-06-15,-3.3276666666666666e-05,3
2022-06-16,-1.6386666666666667e-05,3
2022-06-17,-2.2053333333333335e-05,3
2022-06-18,5.7193333333333333e-05,3
2022-06-19,2.3076666666666665e-05,3
2022-06-20,2.1376666666666665e-05,3
2022-06-21,5.6649999999999995e-05,3
2022-06-22,-1.4813333333333334e-05,3
2022-06-23,-1.7016666666666666e-05,3
2022-06-24,8.668666666666667e-05,3
2022-06-25,7.540333333333334e-05,3
2022-06-26,6.889666666666667e-05,3
2022-06-27,5.8183333333333336e-05,3
2022-06-28,-1.921333333333333e-05,3
2022-06-29,5.947333333333333e-05,3
2022-06-30,-6.904666666666666e-05,3
2022-07-01,-4.5803333333333336e-05,3
2022-07-02,1.475e-05,3
2022-07-03,5.2e-05,3
2022-07-04,4.8899999999999996e-05,3
2022-07-05,5.137e-05,3
2022-07-06,9.457666666666667e-05,3
2022-07-07,8.424666666666666e-05,3
2022-07-08,6.737333333333334e-05,3
2022-07-09,8.714333333333334e-05,3
2022-07-10,9.987333333333333e-05,3
2022-07-11,6.759666666666666e-05,3
2022-07-12,5.7010000000000005e-05,3
2022-07-13,-6.016666666666666e-06,3
2022-07-14,4.5026666666666674e-05,3
2022-07-15,4.086333333333333e-05,3
2022-07-16,4.950333333333333e-05,3
2022-07-17,8.915666666666667e-05,3
2022-07-18,0.0001,3
2022-07-19,0.0001,3
2022-07-20,9.372666666666667e-05,3
2022-07-21,0.0001,3
2022-07-22,8.390666666666666e-05,3
2022-07-23,6.688e-05,3
2022-07-24,7.354333333333333e-05,3
2022-07-25,4.519e-05,3
2022-07-26,7.437666666666666e-05,3
2022-07-27,4.209e-05,3
2022-07-28,9.743000000000001e-05,3
2022-07-29,0.0001,3
2022-07-30,0.0001,3
2022-07-31,8.760333333333334e-05,3
2022-08-01,8.816333333333335e-05,3
2022-08-02,8.539333333333333e-05,3
2022-08-03,2.4999999999999998e-06,3
2022-08-04,1.0076666666666666e-05,3
2022-08-05,3.527e-05,3
2022-08-06,8.492333333333335e-05,3
2022-08-07,3.888e-05,3
2022-08-08,7.596666666666667e-05,3
2022-08-09,9.306666666666667e-05,3
2022-08-10,2.9023333333333334e-05,3
2022-08-11,7.372333333333333e-05,3
2022-08-12,2.350666666666667e-05,3
2022-08-13,2.35e-05,3
2022-08-14,1.1006666666666666e-05,3
2022-08-15,-1.3426666666666666e-05,3
2022-08-16,2.0896666666666666e-05,3
2022-08-17,3.364e-05,3
2022-08-18,8.520666666666668e-05,3
2022-08-19,1.7873333333333334e-05,3
2022-08-20,-3.406333333333333e-05,3
2022-08-21,-2.9266666666666665e-05,3
2022-08-22,-2.428666666666667e-05,3
2022-08-23,-2.1766666666666666e-05,3
2022-08-24,-1.7939999999999998e-05,3
2022-08-25,2.052e-05,3
2022-08-26,1.3663333333333334e-05,3
2022-08-27,-4.498e-05,3
2022-08-28,-4.1989999999999996e-05,3
2022-08-29,-9.957333333333332e-05,3
2022-08-30,-2.7119999999999998e-05,3
2022-08-31,2.88e-05,3
2022-09-01,5.095333333333333e-05,3
2022-09-02,3.948666666666667e-05,3
2022-09-03,3.452666666666666e-05,3
2022-09-04,2.7233333333333332e-05,3
2022-09-05,4.0889999999999996e-05,3
2022-09-06,1.1903333333333333e-05,3
2022-09-07,-3.117333333333333e-05,3
2022-09-08,3.2046666666666666e-05,3
2022-09-09,7.104000000000001e-05,3
2022-09-10,9.921333333333333e-05,3
2022-09-11,7.942333333333334e-05,3
2022-09-12,9.415333333333334e-05,3
2022-09-13,9.988333333333333e-05,3
2022-09-14,-7.406666666666669e-06,3
2022-09-15,3.712333333333334e-05,3
2022-09-16,5.107666666666667e-05,3
2022-09-17,2.942333333333333e-05,3
2022-09-18,5.9373333333333336e-05,3
2022-09-19,-1.7026666666666667e-05,3
2022-09-20,5.1296666666666666e-05,3
2022-09-21,3.131666666666667e-05,3
2022-09-22,-3.649e-05,3
2022-09-23,1.737333333333333e-05,3
2022-09-24,3.3226666666666665e-05,3
2022-09-25,2.415e-05,3
2022-09-26,2.511e-05,3
2022-09-27,6.927333333333333e-05,3
2022-09-28,1.8006666666666665e-05,3
2022-09-29,6.669e-05,3
2022-09-30,0.0001,3
2022-10-01,6.734333333333334e-05,3
2022-10-02,5.1540000000000005e-05,3
2022-10-03,7.437333333333334e-05,3
2022-10-04,0.0001,3
2022-10-05,0.0001,3
2022-10-06,0.0001,3
2022-10-07,9.171e-05,3
2022-10-08,5.114666666666666e-05,3
2022-10-09,2.324333333333333e-05,3
2022-10-10,7.436666666666667e-05,3
2022-10-11,0.0001,3
2022-10-12,0.0001,3
2022-10-13,7.133999999999999e-05,3
2022-10-14,7.21e-05,3
2022-10-15,4.217333333333333e-05,3
2022-10-16,2.1966666666666668e-05,3
2022-10-17,3.876333333333333e-05,3
2022-10-18,0.0001,3
2022-10-19,9.199333333333333e-05,3
2022-10-20,6.038666666666667e-05,3
2022-10-21,2.767e-05,3
2022-10-22,3.9206666666666665e-05,3
2022-10-23,3.499e-05,3
2022-10-24,7.442666666666668e-05,3
2022-10-25,4.3933333333333335e-05,3
2022-10-26,4.676666666666667e-05,3
2022-10-27,-2.956666666666666e-06,3
2022-10-28,-1.0533333333333323e-06,3
2022-10-29,3.8146666666666665e-05,3
2022-10-30,1.944e-05,3
2022-10-31,1.637333333333333e-05,3
2022-11-01,3.1200000000000006e-06,3
2022-11-02,4.0119999999999995e-05,3
2022-11-03,3.353333333333333e-05,3
2022-11-04,4.1586666666666666e-05,3
2022-11-05,6.316666666666667e-05,3
2022-11-06,7.696333333333332e-05,3
2022-11-07,9.271000000000001e-05,3
2022-11-08,5.057666666666666e-05,3
2022-11-09,-0.00013185,3
2022-11-10,-0.00084986,3
2022-11-11,-0.00010843666666666666,3
2022-11-12,3.1383333333333335e-05,3
2022-11-13,-1.4026666666666667e-05,3
2022-11-14,-4.195333333333333e-05,3
2022-11-15,-8.771333333333334e-05,3
2022-11-16,-6.237333333333334e-05,3
2022-11-17,-4.1269999999999996e-05,3
2022-11-18,1.7233333333333337e-06,3
2022-11-19,4.094666666666667e-05,3
2022-11-20,5.98e-06,3
2022-11-21,2.994e-05,3
2022-11-22,8.096666666666667e-06,3
2022-11-23,6.338666666666667e-05,3
2022-11-24,4.568e-05,3
2022-11-25,1.2826666666666665e-05,3
2022-11-26,1.6423333333333333e-05,3
2022-11-27,5.936666666666664e-06,3
2022-11-28,9.533333333333334e-06,3
2022-11-29,2.8486666666666666e-05,3
2022-11-30,5.6510000000000006e-05,3
2022-12-01,2.0093333333333336e-05,3
2022-12-02,2.4249999999999997e-05,3
2022-12-03,6.141666666666666e-05,3
2022-12-04,5.7306666666666665e-05,3
2022-12-05,1.4633333333333324e-06,3
2022-12-06,2.8763333333333333e-05,3
2022-12-07,2.3509999999999997e-05,3
2022-12-08,1.1673333333333334e-05,3
2022-12-09,2.7943333333333334e-05,3
2022-12-10,-2.15e-06,3
2022-12-11,8.313333333333334e-06,3
2022-12-12,1.1246666666666667e-05,3
2022-12-13,4.991333333333333e-05,3
2022-12-14,0.0001,3
2022-12-15,8.393333333333333e-05,3
2022-12-16,2.8536666666666667e-05,3
2022-12-17,6.51e-05,3
2022-12-18,4.151666666666666e-05,3
2022-12-19,4.8190000000000004e-05,3
2022-12-20,3e-05,3
2022-12-21,6.367333333333335e-05,3
2022-12-22,6.094333333333333e-05,3
2022-12-23,9.634333333333334e-05,3
2022-12-24,6.99e-05,3
2022-12-25,1.812e-05,3
2022-12-26,3.7533333333333323e-06,3
2022-12-27,3.902666666666667e-05,3
2022-12-28,5.375666666666666e-05,3
2022-12-29,9.505666666666667e-05,3
2022-12-30,9.044000000000001e-05,3
2022-12-31,0.0001,3
2023-01-01,6.897e-05,3
2023-01-02,-1.0580000000000002e-05,3
2023-01-03,7.433e-05,3
2023-01-04,4.936e-05,3
2023-01-05,5.7056666666666665e-05,3
2023-01-06,6.945333333333333e-05,3
2023-01-07,4.393e-05,3
2023-01-08,7.703e-05,3
2023-01-09,2.0116666666666667e-05,3
2023-01-10,5.0770000000000003e-05,3
2023-01-11,1.6756666666666665e-05,3
2023-01-12,9.183e-05,3
2023-01-13,9.053333333333333e-05,3
2023-01-14,0.00021531000000000002,3
2023-01-15,0.00015345999999999998,3
2023-01-16,0.0001,3
2023-01-17,0.0001,3
2023-01-18,0.0001,3
2023-01-19,0.0001,3
2023-01-20,0.0001,3
2023-01-21,0.0001,3
2023-01-22,0.0001,3
2023-01-23,0.0001,3
2023-01-24,0.0001,3
2023-01-25,0.0001,3
2023-01-26,0.0001,3
2023-01-27,9.847000000000001e-05,3
2023-01-28,0.0001,3
2023-01-29,0.0001,3
2023-01-30,0.0001,3
2023-01-31,0.0001,3
2023-02-01,0.0001,3
2023-02-02,0.0001,3
2023-02-03,0.0001,3
2023-02-04,0.0001,3
2023-02-05,0.0001,3
2023-02-06,0.0001,3
2023-02-07,0.0001,3
2023-02-08,0.0001,3
2023-02-09,0.0001,3
2023-02-10,0.0001,3
2023-02-11,6.165666666666666e-05,3
2023-02-12,5.8710000000000005e-05,3
2023-02-13,6.132333333333333e-05,3
2023-02-14,9.629e-05,3
2023-02-15,4.692666666666667e-05,3
2023-02-16,0.00014390333333333331,3
2023-02-17,0.0001,3
2023-02-18,0.0001,3
2023-02-19,0.0001,3
2023-02-20,0.0001,3
2023-02-21,0.0001,3
2023-02-22,0.0001,3
2023-02-23,5.7123333333333336e-05,3
2023-02-24,5.1223333333333335e-05,3
2023-02-25,5.816666666666667e-06,3
2023-02-26,5.571e-05,3
2023-02-27,5.388666666666667e-05,3
2023-02-28,3.783e-05,3
2023-03-01,6.728333333333333e-05,3
2023-03-02,8.570000000000001e-05,3
2023-03-03,1.857e-05,3
2023-03-04,2.148666666666667e-05,3
2023-03-05,2.0413333333333333e-05,3
2023-03-06,4.9760000000000005e-05,3
2023-03-07,2.7263333333333334e-05,3
2023-03-08,5.5776666666666664e-05,3
2023-03-09,0.0001,3
2023-03-10,-3.338666666666666e-05,3
2023-03-11,-7.576666666666667e-06,3
2023-03-12,1.798666666666667e-05,3
2023-03-13,8.670333333333335e-05,3
2023-03-14,0.00018284333333333332,3
2023-03-15,0.00018751,3
2023-03-16,0.0001,3
2023-03-17,7.770333333333335e-05,3
2023-03-18,0.0001,3
2023-03-19,0.0001,3
2023-03-20,9.693666666666668e-05,3
2023-03-21,3.221333333333334e-05,3
2023-03-22,1.8693333333333333e-05,3
2023-03-23,3.052666666666667e-05,3
2023-03-24,0.0001,3
2023-03-25,1.3566666666666667e-06,3
2023-03-26,1.2300000000000024e-06,3
2023-03-27,1.6393333333333334e-05,3
2023-03-28,2.4086666666666664e-05,3
2023-03-29,7.724333333333333e-05,3
2023-03-30,4.5826666666666666e-05,3
2023-03-31,4.5486666666666666e-05,3
2023-04-01,9.613333333333334e-05,3
2023-04-02,5.311333333333333e-05,3
2023-04-03,2.0689999999999997e-05,3
2023-04-04,-2.8806666666666666e-05,3
2023-04-05,5.514e-05,3
2023-04-06,6.883333333333332e-06,3
2023-04-07,1.953333333333334e-06,3
2023-04-08,1.3086666666666666e-05,3
2023-04-09,-2.6899999999999997e-06,3
2023-04-10,8.722333333333332e-05,3
2023-04-11,0.0001,3
2023-04-12,6.508000000000001e-05,3
2023-04-13,7.030666666666667e-05,3
2023-04-14,4.435666666666667e-05,3
2023-04-15,4.493333333333333e-05,3
2023-04-16,9.048e-05,3
2023-04-17,9.125333333333334e-05,3
2023-04-18,3.648333333333333e-05,3
2023-04-19,5.383333333333334e-05,3
2023-04-20,6.048333333333334e-05,3
2023-04-21,8.765666666666667e-05,3
2023-04-22,6.316e-05,3
2023-04-23,2.504333333333333e-05,3
2023-04-24,3.667666666666667e-05,3
2023-04-25,6.737666666666667e-05,3
2023-04-26,5.344e-05,3
2023-04-27,3.850666666666667e-05,3
2023-04-28,8.158666666666667e-05,3
2023-04-29,4.871333333333333e-05,3
2023-04-30,4.2369999999999996e-05,3
2023-05-01,-1.1230000000000004e-05,3
2023-05-02,2.769e-05,3
2023-05-03,6.568e-05,3
2023-05-04,8.102000000000001e-05,3
2023-05-05,7.396e-05,3
2023-05-06,0.0001,3
2023-05-07,4.804666666666667e-05,3
2023-05-08,1.6763333333333333e-05,3
2023-05-09,4.109666666666666e-05,3
2023-05-10,4.1096666666666676e-05,3
2023-05-11,4.5763333333333336e-05,3
2023-05-12,3.4529999999999996e-05,3
2023-05-13,3.2896666666666666e-05,3
2023-05-14,2.763666666666667e-05,3
2023-05-15,8.803333333333334e-06,3
2023-05-16,5.875e-05,3
2023-05-17,6.627333333333333e-05,3
2023-05-18,9.447333333333334e-05,3
2023-05-19,3.668333333333333e-05,3
2023-05-20,2.3063333333333337e-05,3
2023-05-21,5.703000000000001e-05,3
2023-05-22,2.6663333333333333e-05,3
2023-05-23,0.0001,3
2023-05-24,5.476333333333334e-05,3
2023-05-25,8.606666666666667e-05,3
2023-05-26,8.178666666666667e-05,3
2023-05-27,7.690666666666667e-05,3
2023-05-28,9.96e-05,3
2023-05-29,0.0001,3
2023-05-30,6.361333333333334e-05,3
2023-05-31,5.024333333333334e-05,3
2023-06-01,7.245666666666667e-05,3
2023-06-02,7.994e-05,3
2023-06-03,7.662e-05,3
2023-06-04,8.283333333333335e-05,3
2023-06-05,9.131333333333332e-05,3
2023-06-06,-1.9719999999999998e-05,3
2023-06-07,8.001666666666667e-05,3
2023-06-08,4.201666666666667e-05,3
2023-06-09,6.302666666666666e-05,3
2023-06-10,4.9909999999999995e-05,3
2023-06-11,4.524e-05,3
2023-06-12,5.116333333333333e-05,3
2023-06-13,7.561e-05,3
2023-06-14,2.9383333333333334e-05,3
2023-06-15,3.205e-05,3
2023-06-16,1.6626666666666664e-05,3
2023-06-17,9.137000000000001e-05,3
2023-06-18,6.214666666666667e-05,3
2023-06-19,5.7090000000000004e-05,3
2023-06-20,4.350000000000001e-06,3
2023-06-21,6.282e-05,3
2023-06-22,9.745333333333334e-05,3
2023-06-23,0.0001,3
2023-06-24,0.0001,3
2023-06-25,0.0001,3
2023-06-26,0.0001,3
2023-06-27,0.0001,3
2023-06-28,7.966666666666667e-05,3
2023-06-29,8.624666666666666e-05,3
2023-06-30,0.0001,3
2023-07-01,0.0001,3
2023-07-02,0.0001,3
2023-07-03,0.0001,3
2023-07-04,0.0001,3
2023-07-05,0.0001,3
2023-07-06,6.404e-05,3
2023-07-07,1.4203333333333332e-05,3
2023-07-08,2.6913333333333335e-05,3
2023-07-09,6.227e-05,3
2023-07-10,1.8876666666666665e-05,3
2023-07-11,6.743e-05,3
2023-07-12,6.056666666666666e-05,3
2023-07-13,1.838e-05,3
2023-07-14,0.0001,3
2023-07-15,-4.406666666666666e-06,3
2023-07-16,4.782666666666666e-05,3
2023-07-17,5.1080000000000006e-05,3
2023-07-18,6.0860000000000003e-05,3
2023-07-19,7.638e-05,3
2023-07-20,5.952e-05,3
2023-07-21,2.457e-05,3
2023-07-22,1.1053333333333333e-05,3
2023-07-23,7.426666666666666e-05,3
2023-07-24,8.112666666666668e-05,3
2023-07-25,8.026666666666666e-05,3
2023-07-26,8.406333333333333e-05,3
2023-07-27,3.280666666666667e-05,3
2023-07-28,7.016e-05,3
2023-07-29,7.365666666666667e-05,3
2023-07-30,6.0226666666666664e-05,3
2023-07-31,5.99e-05,3
2023-08-01,7.689333333333333e-05,3
2023-08-02,0.0001,3
2023-08-03,0.0001,3
2023-08-04,9.372e-05,3
2023-08-05,8.060333333333333e-05,3
2023-08-06,0.0001,3
2023-08-07,9.223e-05,3
2023-08-08,8.360000000000001e-05,3
2023-08-09,8.838e-05,3
2023-08-10,9.425666666666667e-05,3
2023-08-11,9.041000000000001e-05,3
2023-08-12,9.768333333333333e-05,3
2023-08-13,8.212333333333333e-05,3
2023-08-14,0.0001,3
2023-08-15,0.0001,3
2023-08-16,0.0001,3
2023-08-17,0.0001,3
2023-08-18,5.04e-05,3
2023-08-19,-1.9606666666666666e-05,3
2023-08-20,-2.542e-05,3
2023-08-21,-1.2e-05,3
2023-08-22,2.706666666666667e-06,3
2023-08-23,9.886666666666666e-06,3
2023-08-24,1.528e-05,3
2023-08-25,2.4536666666666665e-05,3
2023-08-26,3.7500000000000003e-05,3
2023-08-27,1.7690000000000002e-05,3
2023-08-28,2.851e-05,3
2023-08-29,-2.1136666666666664e-05,3
2023-08-30,4.847666666666666e-05,3
2023-08-31,5.957666666666666e-05,3
2023-09-01,4.935e-05,3
2023-09-02,1.639e-05,3
2023-09-03,2.6546666666666668e-05,3
2023-09-04,1.0333333333333333e-05,3
2023-09-05,1.798e-05,3
2023-09-06,3.6966666666666667e-06,3
2023-09-07,4.879e-05,3
2023-09-08,-9.013333333333332e-06,3
2023-09-09,-1.337e-05,3
2023-09-10,1.9433333333333332e-05,3
2023-09-11,1.1203333333333333e-05,3
2023-09-12,1.5510000000000002e-05,3
2023-09-13,2.2336666666666666e-05,3
2023-09-14,-2.863333333333335e-06,3
2023-09-15,1.3863333333333333e-05,3
2023-09-16,-2.9540000000000002e-05,3
2023-09-17,8.96e-06,3
2023-09-18,-2.2343333333333333e-05,3
2023-09-19,-4.2000000000000004e-06,3
2023-09-20,-2.460666666666667e-05,3
2023-09-21,3.901e-05,3
2023-09-22,1.0359999999999997e-05,3
2023-09-23,2.813666666666667e-05,3
2023-09-24,2.0719999999999995e-05,3
2023-09-25,4.0323333333333334e-05,3
2023-09-26,1.6700000000000003e-06,3
2023-09-27,5.1319999999999997e-05,3
2023-09-28,-1.8796666666666666e-05,3
2023-09-29,-1.995e-05,3
2023-09-30,1.344e-05,3
2023-10-01,-8.623333333333333e-06,3
2023-10-02,1.694e-05,3
2023-10-03,2.7796666666666668e-05,3
2023-10-04,3.124666666666666e-05,3
2023-10-05,-3.459e-05,3
2023-10-06,-9.396666666666666e-06,3
2023-10-07,2.3520000000000002e-05,3
2023-10-08,2.1503333333333335e-05,3
2023-10-09,5.115e-05,3
2023-10-10,4.263666666666667e-05,3
2023-10-11,6.855666666666667e-05,3
2023-10-12,6.655e-05,3
2023-10-13,2.2196666666666667e-05,3
2023-10-14,1.5906666666666665e-05,3
2023-10-15,1.669e-05,3
2023-10-16,3.394333333333334e-05,3
2023-10-17,-2.0466666666666673e-06,3
2023-10-18,-9.716666666666666e-06,3
2023-10-19,-4.2193333333333335e-05,3
2023-10-20,-1.549e-05,3
2023-10-21,2.872e-05,3
2023-10-22,2.7536666666666667e-05,3
2023-10-23,6.162666666666666e-05,3
2023-10-24,0.0001,3
2023-10-25,0.0001,3
2023-10-26,0.0001,3
2023-10-27,0.0001,3
2023-10-28,0.0001,3
2023-10-29,0.0001,3
2023-10-30,0.0001,3
2023-10-31,0.0001,3
2023-11-01,0.0001,3
2023-11-02,0.0001,3
2023-11-03,0.0001,3
2023-11-04,0.0001,3
2023-11-05,0.0001,3
2023-11-06,0.0001,3
2023-11-07,0.0001,3
2023-11-08,0.0001,3
2023-11-09,0.00013342333333333332,3
2023-11-10,0.00010560666666666666,3
2023-11-11,0.00013751666666666666,3
2023-11-12,0.00022046000000000001,3
2023-11-13,0.00021284000000000003,3
2023-11-14,0.00016076,3
2023-11-15,0.0001,3
2023-11-16,0.00012404333333333335,3
2023-11-17,0.0001,3
2023-11-18,0.0001,3
2023-11-19,0.0001,3
2023-11-20,0.0001,3
2023-11-21,0.0001,3
2023-11-22,0.0001,3
2023-11-23,0.0001,3
2023-11-24,0.0001,3
2023-11-25,0.0001,3
2023-11-26,0.0001,3
2023-11-27,0.0001,3
2023-11-28,0.0001,3
2023-11-29,0.0001,3
2023-11-30,0.0001,3
2023-12-01,0.0001,3
2023-12-02,8.488e-05,3
2023-12-03,0.0001,3
2023-12-04,0.0001,3
2023-12-05,0.0001,3
2023-12-06,0.0001,3
2023-12-07,0.0001,3
2023-12-08,0.00017843333333333335,3
2023-12-09,0.00019618333333333332,3
2023-12-10,0.00021676666666666669,3
2023-12-11,0.00011576666666666666,3
2023-12-12,0.0001,3
2023-12-13,0.00011557333333333333,3
2023-12-14,0.0001,3
2023-12-15,0.0001,3
2023-12-16,0.0001,3
2023-12-17,0.0001,3
2023-12-18,0.00012988666666666668,3
2023-12-19,0.0001,3
2023-12-20,0.00014714333333333334,3
2023-12-21,0.0002843566666666667,3
2023-12-22,0.0002614233333333333,3
2023-12-23,0.00013783666666666668,3
2023-12-24,0.00016839666666666666,3
2023-12-25,0.00019302666666666667,3
2023-12-26,0.0003223566666666667,3
2023-12-27,0.00032622333333333337,3
2023-12-28,0.00033684,3
2023-12-29,0.0005072133333333333,3
2023-12-30,0.0003815166666666667,3
2023-12-31,0.00032008333333333335,3
2024-01-01,0.00032741,3
2024-01-02,0.00051585,3
2024-01-03,0.00016094,3
2024-01-04,0.0001,3
2024-01-05,0.0001,3
2024-01-06,0.0001,3
2024-01-07,0.0001,3
2024-01-08,0.0001,3
2024-01-09,0.0001,3
2024-01-10,0.0001,3
2024-01-11,0.0001,3
2024-01-12,0.0001,3
2024-01-13,0.0001,3
2024-01-14,0.0001,3
2024-01-15,0.0001,3
2024-01-16,0.0001,3
2024-01-17,0.0001,3
2024-01-18,0.0001,3
2024-01-19,0.0001,3
2024-01-20,0.0001,3
2024-01-21,0.0001,3
2024-01-22,0.0001,3
2024-01-23,0.0001,3
2024-01-24,0.0001,3
2024-01-25,0.0001,3
2024-01-26,0.0001,3
2024-01-27,9.088666666666668e-05,3
2024-01-28,8.241666666666667e-05,3
2024-01-29,9.714000000000001e-05,3
2024-01-30,8.213666666666667e-05,3
2024-01-31,7.384666666666667e-05,3
2024-02-01,0.0001,3
2024-02-02,0.0001,3
2024-02-03,8.232333333333334e-05,3
2024-02-04,9.051000000000001e-05,3
2024-02-05,0.0001,3
2024-02-06,8.907666666666668e-05,3
2024-02-07,7.068666666666666e-05,3
2024-02-08,6.375e-05,3
2024-02-09,7.653666666666667e-05,3
2024-02-10,9.347e-05,3
2024-02-11,0.0001,3
2024-02-12,0.0001,3
2024-02-13,0.0001,3
2024-02-14,0.00010761,3
2024-02-15,0.0001,3
2024-02-16,0.0001,3
2024-02-17,0.00012013666666666667,3
2024-02-18,0.00016546666666666669,3
2024-02-19,0.00018661666666666666,3
2024-02-20,0.00013877333333333331,3
2024-02-21,0.00010414,3
2024-02-22,0.00012012333333333335,3
2024-02-23,0.00010996999999999999,3
2024-02-24,0.0001,3
2024-02-25,0.0001383733333333333,3
2024-02-26,0.00025185,3
2024-02-27,0.00042916000000000004,3
2024-02-28,0.0003464966666666667,3
2024-02-29,0.0006748633333333334,3
2024-03-01,0.0005471866666666667,3
2024-03-02,0.0004899866666666667,3
2024-03-03,0.00044618,3
2024-03-04,0.0005517466666666667,3
2024-03-05,0.00073359,3
2024-03-06,0.00039836666666666663,3
2024-03-07,0.0004183733333333333,3
2024-03-08,0.00047076333333333334,3
2024-03-09,0.0002560733333333333,3
2024-03-10,0.0004964666666666667,3
2024-03-11,0.0006010433333333334,3
2024-03-12,0.0004590166666666666,3
2024-03-13,0.00047682000000000003,3
2024-03-14,0.0003380133333333333,3
2024-03-15,0.00022716333333333333,3
2024-03-16,0.00018004999999999999,3
2024-03-17,0.00018563,3
2024-03-18,0.00025990999999999997,3
2024-03-19,0.00026668666666666667,3
2024-03-20,0.00014745,3
2024-03-21,0.00016405666666666666,3
2024-03-22,0.00012754666666666664,3
2024-03-23,0.00010268666666666668,3
2024-03-24,0.00013617,3
2024-03-25,0.00023562666666666668,3
2024-03-26,0.00022358333333333334,3
2024-03-27,0.00033979666666666665,3
2024-03-28,0.0002784133333333333,3
2024-03-29,0.0002462533333333333,3
2024-03-30,0.00028750333333333336,3
2024-03-31,0.0003751366666666666,3
2024-04-01,0.00043706999999999996,3
2024-04-02,0.00012460666666666667,3
2024-04-03,0.0001,3
2024-04-04,0.0001,3
2024-04-05,0.0001,3
2024-04-06,0.0001,3
2024-04-07,0.0001,3
2024-04-08,0.00018396333333333333,3
2024-04-09,0.00020193,3
2024-04-10,0.00011462000000000001,3
2024-04-11,0.00017964999999999998,3
2024-04-12,0.00016367333333333332,3
2024-04-13,0.0001,3
2024-04-14,0.0001,3
2024-04-15,7.253e-05,3
2024-04-16,6.330333333333333e-05,3
2024-04-17,5.494333333333333e-05,3
2024-04-18,3.195e-05,3
2024-04-19,3.133666666666667e-05,3
2024-04-20,4.479333333333333e-05,3
2024-04-21,3.1213333333333335e-05,3
2024-04-22,2.601333333333333e-05,3
2024-04-23,9.736666666666668e-06,3
2024-04-24,4.587333333333333e-05,3
2024-04-25,4.076333333333333e-05,3
2024-04-26,2.652e-05,3
2024-04-27,6.768e-05,3
2024-04-28,5.6900000000000014e-06,3
2024-04-29,4.948e-05,3
2024-04-30,9.631333333333333e-05,3
2024-05-01,9.616000000000001e-05,3
2024-05-02,4.2266666666666666e-05,3
2024-05-03,9.259999999999998e-06,3
2024-05-04,5.474333333333334e-05,3
2024-05-05,3.815333333333334e-05,3
2024-05-06,2.439e-05,3
2024-05-07,5.5576666666666666e-05,3
2024-05-08,6.578666666666666e-05,3
2024-05-09,5.405333333333333e-05,3
2024-05-10,4.8710000000000006e-05,3
2024-05-11,5.9063333333333334e-05,3
2024-05-12,5.144666666666666e-05,3
2024-05-13,9.206666666666666e-05,3
2024-05-14,8.086e-05,3
2024-05-15,3.9960000000000004e-05,3
2024-05-16,3.598e-05,3
2024-05-17,1.7213333333333333e-05,3
2024-05-18,2.6159999999999997e-05,3
2024-05-19,4.4426666666666666e-05,3
2024-05-20,3.5459999999999996e-05,3
2024-05-21,0.00010172333333333334,3
2024-05-22,0.00011919666666666666,3
2024-05-23,0.0001,3
2024-05-24,0.0001,3
2024-05-25,0.0001,3
2024-05-26,0.0001,3
2024-05-27,0.0001,3
2024-05-28,0.0001,3
2024-05-29,0.00010852666666666667,3
2024-05-30,0.0001,3
2024-05-31,0.00012289,3
2024-06-01,0.00010083333333333335,3
2024-06-02,0.0001,3
2024-06-03,0.00011378333333333333,3
2024-06-04,0.00010669333333333332,3
2024-06-05,0.00013204333333333333,3
2024-06-06,0.00010735999999999999,3
2024-06-07,0.00010055333333333335,3
2024-06-08,0.0001,3
2024-06-09,0.0001,3
2024-06-10,0.0001,3
2024-06-11,0.0001,3
2024-06-12,0.0001,3
2024-06-13,0.0001,3
2024-06-14,0.0001,3
2024-06-15,0.0001,3
2024-06-16,0.0001,3
2024-06-17,0.0001,3
2024-06-18,9.412e-05,3
2024-06-19,5.698000000000001e-05,3
2024-06-20,5.588666666666667e-05,3
2024-06-21,6.890666666666668e-05,3
2024-06-22,8.048666666666666e-05,3
2024-06-23,5.6609999999999995e-05,3
2024-06-24,9.007333333333334e-05,3
2024-06-25,7.049333333333334e-05,3
2024-06-26,0.0001,3
2024-06-27,0.0001,3
2024-06-28,0.0001,3
2024-06-29,0.0001,3
2024-06-30,0.0001,3
2024-07-01,0.0001,3
2024-07-02,0.0001,3
2024-07-03,0.0001,3
2024-07-04,0.0001,3
2024-07-05,7.254000000000001e-05,3
2024-07-06,5.4970000000000004e-05,3
2024-07-07,9.388e-05,3
2024-07-08,8.709e-05,3
2024-07-09,6.953666666666667e-05,3
2024-07-10,8.236666666666666e-05,3
2024-07-11,0.0001,3
2024-07-12,4.480333333333334e-05,3
2024-07-13,8.394666666666665e-05,3
2024-07-14,6.929666666666668e-05,3
2024-07-15,2.426e-05,3
2024-07-16,2.1563333333333334e-05,3
2024-07-17,1.6633333333333326e-06,3
2024-07-18,1.7873333333333334e-05,3
2024-07-19,4.4966666666666664e-05,3
2024-07-20,1.6300000000000007e-06,3
2024-07-21,-8.243333333333335e-06,3
2024-07-22,5.9526666666666674e-05,3
2024-07-23,4.553666666666667e-05,3
2024-07-24,0.0001,3
2024-07-25,0.0001,3
2024-07-26,7.780000000000001e-05,3
2024-07-27,7.892666666666666e-05,3
2024-07-28,6.720333333333333e-05,3
2024-07-29,7.994666666666666e-05,3
2024-07-30,4.883e-05,3
2024-07-31,4.689e-05,3
2024-08-01,9.402666666666667e-05,3
2024-08-02,0.0001,3
2024-08-03,8.011666666666666e-05,3
2024-08-04,8.447666666666668e-05,3
2024-08-05,6.798666666666666e-05,3
2024-08-06,1.7353333333333332e-05,3
2024-08-07,-1.4493333333333334e-05,3
2024-08-08,2.29e-05,3
2024-08-09,4.008e-05,3
2024-08-10,-2.4233333333333334e-05,3
2024-08-11,1.1316666666666666e-05,3
2024-08-12,2.5526666666666667e-05,3
2024-08-13,9.196666666666666e-06,3
2024-08-14,-2.6629999999999997e-05,3
2024-08-15,-2.776666666666667e-05,3
2024-08-16,-6.392999999999999e-05,3
2024-08-17,1.9790000000000002e-05,3
2024-08-18,-1.6866666666666652e-06,3
2024-08-19,-4.1076666666666666e-05,3
2024-08-20,3.7333333333333313e-07,3
2024-08-21,-2.317e-05,3
2024-08-22,-2.717333333333333e-05,3
2024-08-23,-1.7516666666666668e-05,3
2024-08-24,1.633333333333333e-05,3
2024-08-25,-1.0763333333333332e-05,3
2024-08-26,3.225333333333333e-05,3
2024-08-27,4.099666666666667e-05,3
2024-08-28,-1.0756666666666666e-05,3
2024-08-29,-6.87e-06,3
2024-08-30,2.4803333333333334e-05,3
2024-08-31,1.8763333333333334e-05,3
2024-09-01,9.966666666666682e-07,3
2024-09-02,-1.167e-05,3
2024-09-03,5.322e-05,3
2024-09-04,5.9633333333333336e-06,3
2024-09-05,4.510333333333333e-05,3
2024-09-06,1.2356666666666665e-05,3
2024-09-07,-5.142333333333334e-05,3
2024-09-08,-2.4996666666666667e-05,3
2024-09-09,-6.189333333333333e-05,3
2024-09-10,-3.361333333333333e-05,3
2024-09-11,-5.4706666666666676e-05,3
2024-09-12,-1.8156666666666665e-05,3
2024-09-13,-1.127e-05,3
2024-09-14,-1.838e-05,3
2024-09-15,-2.9333333333333337e-07,3
2024-09-16,4.242666666666667e-05,3
2024-09-17,5.2556666666666664e-05,3
2024-09-18,2.5566666666666664e-05,3
2024-09-19,3.511e-05,3
2024-09-20,4.3683333333333336e-05,3
2024-09-21,7.624e-05,3
2024-09-22,7.025333333333333e-05,3
2024-09-23,4.4046666666666666e-05,3
2024-09-24,1.679e-05,3
2024-09-25,1.2333333333333333e-05,3
2024-09-26,5.965333333333333e-05,3
2024-09-27,6.332333333333334e-05,3
2024-09-28,5.056333333333334e-05,3
2024-09-29,3.702e-05,3
2024-09-30,7.005333333333332e-05,3
2024-10-01,0.0001,3
2024-10-02,7.744e-05,3
2024-10-03,4.3723333333333335e-05,3
2024-10-04,3.1530000000000005e-05,3
2024-10-05,1.1766666666666667e-06,3
2024-10-06,2.68e-05,3
2024-10-07,1.9326666666666666e-05,3
2024-10-08,4.505333333333333e-05,3
2024-10-09,7.692333333333333e-05,3
2024-10-10,4.540666666666667e-05,3
2024-10-11,1.5900000000000007e-06,3
2024-10-12,3.5776666666666666e-05,3
2024-10-13,2.0896666666666666e-05,3
2024-10-14,8.476333333333334e-05,3
2024-10-15,0.0001,3
2024-10-16,8.941666666666667e-05,3
2024-10-17,0.0001,3
2024-10-18,0.0001,3
2024-10-19,0.0001,3
2024-10-20,0.0001,3
2024-10-21,0.0001,3
2024-10-22,0.0001,3
2024-10-23,0.0001,3
2024-10-24,0.0001,3
2024-10-25,0.0001,3
2024-10-26,7.441333333333333e-05,3
2024-10-27,9.908e-05,3
2024-10-28,9.457e-05,3
2024-10-29,0.0001,3
2024-10-30,0.0001,3
2024-10-31,0.0001,3
2024-11-01,0.0001,3
2024-11-02,0.0001,3
2024-11-03,0.0001,3
2024-11-04,0.0001,3
2024-11-05,0.0001,3
2024-11-06,0.0001,3
2024-11-07,0.0001,3
2024-11-08,0.0001,3
2024-11-09,0.0001,3
2024-11-10,0.00016571999999999998,3
2024-11-11,0.00018959333333333332,3
2024-11-12,0.00043874666666666664,3
2024-11-13,0.0001498566666666667,3
2024-11-14,0.0001,3
2024-11-15,0.00010325666666666667,3
2024-11-16,0.00011077000000000001,3
2024-11-17,0.00012114,3
2024-11-18,0.0002258933333333333,3
2024-11-19,0.00023260333333333333,3
2024-11-20,0.0001,3
2024-11-21,0.0001,3
2024-11-22,0.0001,3
2024-11-23,0.0001,3
2024-11-24,0.00016458666666666665,3
2024-11-25,0.00018756,3
2024-11-26,0.00023145666666666664,3
2024-11-27,0.00019333333333333333,3
2024-11-28,0.00012061666666666668,3
2024-11-29,0.00018095666666666666,3
2024-11-30,0.00012657333333333334,3
2024-12-01,0.00015160666666666668,3
2024-12-02,0.00021223,3
2024-12-03,0.00016552333333333334,3
2024-12-04,0.00025373999999999997,3
2024-12-05,0.0004904333333333333,3
2024-12-06,0.00011544666666666666,3
2024-12-07,0.00019478666666666668,3
2024-12-08,0.00017045666666666665,3
2024-12-09,0.00020853333333333335,3
2024-12-10,0.0001,3
2024-12-11,0.0001,3
2024-12-12,0.0001,3
2024-12-13,0.0001,3
2024-12-14,8.916666666666666e-05,3
2024-12-15,9.398e-05,3
2024-12-16,9.727e-05,3
2024-12-17,9.288666666666667e-05,3
2024-12-18,9.719666666666666e-05,3
2024-12-19,0.0001,3
2024-12-20,0.0001,3
2024-12-21,7.068666666666668e-05,3
2024-12-22,9.876333333333334e-05,3
2024-12-23,9.660333333333333e-05,3
2024-12-24,0.0001,3
2024-12-25,0.0001,3
2024-12-26,8.621666666666667e-05,3
2024-12-27,0.0001,3
2024-12-28,7.604e-05,3
2024-12-29,9.337666666666668e-05,3
2024-12-30,6.249666666666667e-05,3
2024-12-31,0.0001,3
2025-01-01,0.0001,3
2025-01-02,0.0001,3
2025-01-03,8.414e-05,3
2025-01-04,6.165666666666668e-05,3
2025-01-05,9.44e-05,3
2025-01-06,0.0001,3
2025-01-07,9.060666666666667e-05,3
2025-01-08,0.0001,3
2025-01-09,6.43e-05,3
2025-01-10,3.661333333333333e-05,3
2025-01-11,4.1143333333333336e-05,3
2025-01-12,4.955333333333333e-05,3
2025-01-13,4.3786666666666665e-05,3
2025-01-14,9.832000000000001e-05,3
2025-01-15,6.542666666666667e-05,3
2025-01-16,4.298e-05,3
2025-01-17,5.8049999999999995e-05,3
2025-01-18,8.902333333333334e-05,3
2025-01-19,0.0001,3
2025-01-20,0.0001,3
2025-01-21,0.0001,3
2025-01-22,0.0001,3
2025-01-23,9.09e-05,3
2025-01-24,5.8036666666666666e-05,3
2025-01-25,7.326333333333333e-05,3
2025-01-26,8.935333333333333e-05,3
2025-01-27,4.298e-05,3
2025-01-28,7.854e-05,3
2025-01-29,9.983000000000001e-05,3
2025-01-30,9.029666666666666e-05,3
2025-01-31,7.075e-05,3
2025-02-01,6.478333333333334e-05,3
2025-02-02,2.7809999999999996e-05,3
2025-02-03,8.281666666666667e-05,3
2025-02-04,4.516666666666666e-05,3
2025-02-05,1.9743333333333335e-05,3
2025-02-06,2.6170000000000002e-05,3
2025-02-07,6.713e-05,3
2025-02-08,-8.796666666666667e-06,3
2025-02-09,5.437333333333333e-05,3
2025-02-10,6.145e-05,3
2025-02-11,2.9540000000000002e-05,3
2025-02-12,3.7189999999999995e-05,3
2025-02-13,4.974e-05,3
2025-02-14,5.567666666666667e-05,3
2025-02-15,2.3623333333333335e-05,3
2025-02-16,2.457e-05,3
2025-02-17,4.881666666666667e-05,3
2025-02-18,9.829333333333334e-05,3
2025-02-19,7.915333333333333e-05,3
2025-02-20,4.345e-05,3
2025-02-21,7.706666666666667e-06,3
2025-02-22,6.261333333333334e-05,3
2025-02-23,2.91e-05,3
2025-02-24,1.9869999999999998e-05,3
2025-02-25,5.543333333333334e-05,3
2025-02-26,6.508666666666666e-05,3
2025-02-27,6.040333333333334e-05,3
2025-02-28,6.197333333333333e-05,3
2025-03-01,-2.326666666666667e-05,3
2025-03-02,-2.2486666666666666e-05,3
2025-03-03,1.8166666666666656e-06,3
2025-03-04,-1.6333333333333335e-06,3
2025-03-05,3.954333333333334e-05,3
2025-03-06,5.589666666666667e-05,3
2025-03-07,-4.1000000000000004e-07,3
2025-03-08,2.303e-05,3
2025-03-09,3.479666666666667e-05,3
2025-03-10,3.111e-05,3
2025-03-11,5.570333333333333e-05,3
2025-03-12,3.468e-05,3
2025-03-13,1.8963333333333335e-05,3
2025-03-14,3.691333333333333e-05,3
2025-03-15,-2.9150000000000004e-05,3
2025-03-16,1.9716666666666667e-05,3
2025-03-17,3.4660000000000004e-05,3
2025-03-18,2.092e-05,3
2025-03-19,3.7283333333333336e-05,3
2025-03-20,2.2733333333333335e-05,3
2025-03-21,3.152333333333333e-05,3
2025-03-22,2.0526666666666668e-05,3
2025-03-23,1.9783333333333334e-05,3
2025-03-24,1.3763333333333333e-05,3
2025-03-25,-9.576666666666666e-06,3
2025-03-26,-1.471e-05,3
2025-03-27,1.6293333333333332e-05,3
2025-03-28,3.081666666666667e-05,3
2025-03-29,5.369333333333333e-05,3
2025-03-30,1.7853333333333334e-05,3
2025-03-31,3.502666666666667e-05,3
2025-04-01,3.474333333333333e-05,3
2025-04-02,5.523333333333333e-06,3
2025-04-03,5.794666666666666e-05,3
2025-04-04,5.685666666666666e-05,3
2025-04-05,5.4680000000000005e-05,3
2025-04-06,1.6603333333333334e-05,3
2025-04-07,5.600333333333334e-05,3
2025-04-08,3.594333333333333e-05,3
2025-04-09,4.724000000000001e-05,3
2025-04-10,4.864666666666667e-05,3
2025-04-11,3.5366666666666674e-06,3
2025-04-12,4.894e-05,3
2025-04-13,7.709333333333334e-05,3
2025-04-14,5.889333333333334e-05,3
2025-04-15,2.138666666666667e-05,3
2025-04-16,3.7743333333333335e-05,3
2025-04-17,3.502666666666666e-05,3
2025-04-18,3.951333333333333e-05,3
2025-04-19,2.3336666666666666e-05,3
2025-04-20,-1.2113333333333333e-05,3
2025-04-21,4.062666666666667e-05,3
2025-04-22,-1.3333333333333207e-07,3
2025-04-23,1.5240000000000001e-05,3
2025-04-24,1.246666666666666e-06,3
2025-04-25,-4.9133333333333334e-06,3
2025-04-26,-3.3346666666666664e-05,3
2025-04-27,-8.603333333333333e-06,3
2025-04-28,-1.734e-05,3
2025-04-29,3.15e-06,3
2025-04-30,-2.013e-05,3
2025-05-01,4.153333333333337e-06,3
2025-05-02,-0.00010101000000000001,3
2025-05-03,-1.4126666666666666e-05,3
2025-05-04,2.448e-05,3
2025-05-05,-3.383333333333334e-06,3
2025-05-06,2.3916666666666664e-05,3
2025-05-07,8.376666666666667e-06,3
2025-05-08,4.218e-05,3
2025-05-09,8.126e-05,3
2025-05-10,7.971333333333333e-05,3
2025-05-11,8.05e-05,3
2025-05-12,5.585e-05,3
2025-05-13,8.034333333333333e-05,3
2025-05-14,6.879333333333332e-05,3
2025-05-15,3.251e-05,3
2025-05-16,5.6023333333333336e-05,3
2025-05-17,2.2526666666666666e-05,3
2025-05-18,7.548333333333333e-05,3
2025-05-19,4.713333333333333e-05,3
2025-05-20,5.583666666666667e-05,3
2025-05-21,7.011e-05,3
2025-05-22,0.0001,3
2025-05-23,8.398666666666667e-05,3
2025-05-24,5.317e-05,3
2025-05-25,6.186000000000001e-05,3
2025-05-26,9.037666666666667e-05,3
2025-05-27,5.7973333333333336e-05,3
2025-05-28,3.597333333333333e-05,3
2025-05-29,4.792333333333333e-05,3
2025-05-30,4.621e-05,3
2025-05-31,6.915e-05,3
2025-06-01,1.9566666666666667e-05,3
2025-06-02,3.139333333333333e-05,3
2025-06-03,5.1756666666666665e-05,3
2025-06-04,1.1873333333333334e-05,3
2025-06-05,2.7003333333333333e-05,3
2025-06-06,-3.172e-05,3
2025-06-07,-1.918e-05,3
2025-06-08,2.2730000000000004e-05,3
2025-06-09,1.639e-05,3
2025-06-10,8.179666666666667e-05,3
2025-06-11,7.402666666666667e-05,3
2025-06-12,3.4336666666666666e-05,3
2025-06-13,5.953333333333333e-06,3
2025-06-14,2.317e-05,3
2025-06-15,1.722333333333333e-05,3
2025-06-16,2.9330000000000002e-05,3
2025-06-17,3.278e-05,3
2025-06-18,2.8783333333333333e-05,3
2025-06-19,1.2856666666666668e-05,3
2025-06-20,4.609000000000001e-05,3
2025-06-21,4.45e-05,3
2025-06-22,5.676e-05,3
2025-06-23,3.3966666666666675e-06,3
2025-06-24,9.7e-06,3
2025-06-25,1.7833333333333338e-06,3
2025-06-26,1.542666666666667e-05,3
2025-06-27,2.1110000000000003e-05,3
2025-06-28,3.108666666666667e-05,3
2025-06-29,5.536666666666667e-05,3
2025-06-30,2.988666666666667e-05,3
2025-07-01,2.1653333333333335e-05,3
2025-07-02,3.113333333333333e-05,3
2025-07-03,4.487e-05,3
2025-07-04,4.0119999999999995e-05,3
2025-07-05,2.7086666666666663e-05,3
2025-07-06,1.544666666666667e-05,3
2025-07-07,3.356333333333333e-05,3
2025-07-08,3.079e-05,3
2025-07-09,3.5806666666666664e-05,3
2025-07-10,6.810333333333333e-05,3
2025-07-11,0.0001,3
2025-07-12,0.0001,3
2025-07-13,0.0001,3
2025-07-14,9.350333333333332e-05,3
2025-07-15,0.0001,3
2025-07-16,0.0001,3
2025-07-17,0.0001,3
2025-07-18,0.0001,3
2025-07-19,0.0001,3
2025-07-20,0.0001,3
2025-07-21,0.0001,3
2025-07-22,0.0001,3
2025-07-23,0.0001,3
2025-07-24,0.0001,3
2025-07-25,0.0001,3
2025-07-26,0.0001,3
2025-07-27,0.0001,3
2025-07-28,0.0001,3
2025-07-29,0.0001,3
2025-07-30,0.0001,3
2025-07-31,8.564666666666667e-05,3
2025-08-01,1.9406666666666665e-05,3
2025-08-02,3.380333333333333e-05,3
2025-08-03,5.89e-05,3
2025-08-04,4.606333333333334e-05,3
2025-08-05,6.824666666666668e-05,3
2025-08-06,7.578333333333334e-05,3
2025-08-07,6.230666666666666e-05,3
2025-08-08,4.035e-05,3
2025-08-09,7.691000000000001e-05,3
2025-08-10,9.949666666666667e-05,3
2025-08-11,0.0001,3
2025-08-12,8.843666666666666e-05,3
2025-08-13,9.041000000000001e-05,3
2025-08-14,0.0001,3
2025-08-15,4.5503333333333335e-05,3
2025-08-16,8.713666666666667e-05,3
2025-08-17,4.9160000000000004e-05,3
2025-08-18,2.4866666666666667e-05,3
2025-08-19,5.522e-05,3
2025-08-20,3.614333333333333e-05,3
2025-08-21,5.4380000000000005e-05,3
2025-08-22,7.721e-05,3
2025-08-23,9.903666666666667e-05,3
2025-08-24,0.0001,3
2025-08-25,9.448000000000002e-05,3
2025-08-26,6.140666666666667e-05,3
2025-08-27,3.600333333333333e-05,3
2025-08-28,7.500666666666667e-05,3
2025-08-29,3.587e-05,3
2025-08-30,7.848000000000001e-05,3
2025-08-31,4.5056666666666665e-05,3
2025-09-01,6.541e-05,3
2025-09-02,7.369e-05,3
2025-09-03,2.746e-05,3
2025-09-04,4.7113333333333335e-05,3
2025-09-05,8.468000000000001e-05,3
2025-09-06,4.022333333333333e-05,3
2025-09-07,4.183333333333334e-05,3
2025-09-08,7.799e-05,3
2025-09-09,7.933e-05,3
2025-09-10,6.943666666666667e-05,3
2025-09-11,4.4840000000000004e-05,3
2025-09-12,5.5986666666666664e-05,3
2025-09-13,1.2780000000000001e-05,3
2025-09-14,5.359e-05,3
2025-09-15,7.551666666666667e-05,3
2025-09-16,4.82e-05,3
2025-09-17,7.238666666666666e-05,3
2025-09-18,6.0256666666666675e-05,3
2025-09-19,2.3806666666666663e-05,3
2025-09-20,9.08e-06,3
2025-09-21,3.2766666666666652e-06,3
2025-09-22,4.415333333333333e-05,3
2025-09-23,7.207666666666666e-05,3
2025-09-24,5.649e-05,3
2025-09-25,3.69e-05,3
2025-09-26,5.0730000000000004e-05,3
2025-09-27,3.745333333333333e-05,3
2025-09-28,4.5169999999999996e-05,3
2025-09-29,1.2159999999999999e-05,3
2025-09-30,3.6099999999999997e-05,3
2025-10-01,5.6040000000000006e-05,3
2025-10-02,9.109000000000001e-05,3
2025-10-03,9.975333333333333e-05,3
2025-10-04,9.437333333333333e-05,3
2025-10-05,9.404666666666667e-05,3
2025-10-06,7.737e-05,3
2025-10-07,8.267333333333333e-05,3
2025-10-08,5.9793333333333336e-05,3
2025-10-09,2.7163333333333335e-05,3
2025-10-10,1.8923333333333332e-05,3
2025-10-11,6.822333333333333e-05,3
2025-10-12,-3.701666666666666e-05,3
2025-10-13,-1.2426666666666666e-05,3
2025-10-14,-2.609e-05,3
2025-10-15,-4.089999999999999e-06,3
2025-10-16,-2.6583333333333333e-05,3
2025-10-17,-4.033333333333333e-06,3
2025-10-18,-4.958666666666667e-05,3
2025-10-19,9.626666666666665e-06,3
2025-10-20,-9.600000000000001e-06,3
2025-10-21,-1.9503333333333334e-05,3
2025-10-22,1.3116666666666664e-05,3
2025-10-23,5.172333333333333e-05,3
2025-10-24,2.7993333333333335e-05,3
2025-10-25,4.024666666666667e-05,3
2025-10-26,3.1140000000000003e-05,3
2025-10-27,9.101333333333334e-05,3
2025-10-28,5.6189999999999996e-05,3
2025-10-29,2.853e-05,3
2025-10-30,2.7026666666666667e-05,3
2025-10-31,6.737666666666667e-05,3
2025-11-01,9.927333333333334e-05,3
2025-11-02,7.328333333333333e-05,3
2025-11-03,6.0933333333333335e-05,3
2025-11-04,7.382333333333334e-05,3
2025-11-05,4.2596666666666665e-05,3
2025-11-06,5.465e-05,3
2025-11-07,5.854333333333333e-05,3
2025-11-08,4.854333333333333e-05,3
2025-11-09,3.8316666666666665e-05,3
2025-11-10,7.068000000000001e-05,3
2025-11-11,1.9553333333333335e-05,3
2025-11-12,2.9783333333333333e-05,3
2025-11-13,5.959e-05,3
2025-11-14,8.924333333333333e-05,3
2025-11-15,8.143333333333334e-05,3
2025-11-16,8.268333333333333e-05,3
2025-11-17,8.925333333333334e-05,3
2025-11-18,7.908333333333334e-05,3
2025-11-19,5.496e-05,3
2025-11-20,7.752666666666667e-05,3
2025-11-21,3.812666666666667e-05,3
2025-11-22,4.3883333333333334e-05,3
2025-11-23,1.0240000000000002e-05,3
2025-11-24,1.6346666666666667e-05,3
2025-11-25,-2.1043333333333332e-05,3
2025-11-26,3.0023333333333338e-05,3
2025-11-27,1.4776666666666665e-05,3
2025-11-28,2.025e-05,3
2025-11-29,8.103333333333333e-06,3
2025-11-30,4.506e-05,3
2025-12-01,2.745666666666667e-05,3
2025-12-02,1.8776666666666666e-05,3
2025-12-03,5.296666666666666e-06,3
2025-12-04,3.6559999999999996e-05,3
2025-12-05,3.3906666666666665e-05,3
2025-12-06,1.2633333333333333e-05,3
2025-12-07,3.69e-05,3
2025-12-08,3.133666666666667e-05,3
2025-12-09,4.224666666666666e-05,3
2025-12-10,2.6593333333333332e-05,3
2025-12-11,2.371e-05,3
2025-12-12,4.998333333333334e-05,3
2025-12-13,4.0606666666666665e-05,3
2025-12-14,5.5570000000000005e-05,3
2025-12-15,7.926666666666666e-06,3
2025-12-16,4.3020000000000005e-05,3
2025-12-17,7.041666666666667e-05,3
2025-12-18,4.5726666666666664e-05,3
2025-12-19,8.497000000000001e-05,3
2025-12-20,6.135e-05,3
2025-12-21,7.510666666666666e-05,3
2025-12-22,5.189e-05,3
2025-12-23,3.219666666666666e-05,3
2025-12-24,8.127333333333334e-05,3
2025-12-25,7.409333333333334e-05,3
2025-12-26,6.601666666666667e-05,3
2025-12-27,3.4823333333333336e-05,3
2025-12-28,5.7943333333333325e-05,3
2025-12-29,8.275333333333335e-05,3
2025-12-30,7.652666666666667e-05,3
2025-12-31,2.7083333333333332e-05,3
2026-01-01,7.237e-05,3
2026-01-02,4.8799999999999994e-05,3
2026-01-03,3.701e-05,3
2026-01-04,6.578999999999999e-05,3
2026-01-05,7.282000000000001e-05,3
2026-01-06,1.377e-05,3
2026-01-07,6.489e-05,3
2026-01-08,8.376333333333332e-05,3
2026-01-09,1.5543333333333334e-05,3
2026-01-10,6.511666666666666e-05,3
2026-01-11,5.026999999999999e-05,3
2026-01-12,3.121666666666667e-05,3
2026-01-13,5.176e-05,3
2026-01-14,2.2340000000000003e-05,3
2026-01-15,9.693333333333333e-06,3
2026-01-16,5.724000000000001e-05,3
2026-01-17,1.935e-05,3
2026-01-18,6.563333333333333e-05,3
2026-01-19,2.6366666666666666e-05,3
2026-01-20,7.365666666666667e-05,3
2026-01-21,6.154999999999999e-05,3
2026-01-22,6.961333333333333e-05,3
2026-01-23,5.149333333333333e-05,3
2026-01-24,4.780333333333334e-05,3
2026-01-25,4.768e-05,3
2026-01-26,4.1733333333333336e-05,3
2026-01-27,5.932666666666667e-05,3
2026-01-28,5.413666666666667e-05,3
2026-01-29,5.696333333333333e-05,3
2026-01-30,2.167333333333333e-05,3
2026-01-31,6.608666666666666e-05,3
2026-02-01,6.253333333333334e-06,3
2026-02-02,-2.8959999999999997e-05,3
2026-02-03,-1.4100000000000003e-06,3
2026-02-04,2.7626666666666664e-05,3
2026-02-05,1.5046666666666668e-05,3
2026-02-06,-9.587666666666666e-05,3
2026-02-07,-8.803666666666668e-05,3
2026-02-08,-3.937666666666667e-05,3
2026-02-09,-1.837666666666667e-05,3
2026-02-10,-7.481e-05,3
2026-02-11,-2.7286666666666667e-05,3
2026-02-12,1.300000000000001e-06,3
2026-02-13,1.758666666666667e-05,3
2026-02-14,4.570000000000001e-06,3
2026-02-15,4.083333333333333e-06,3
2026-02-16,-1.5766666666666666e-05,3
2026-02-17,4.544e-05,3
2026-02-18,2.2260000000000004e-05,3
2026-02-19,-1.4599999999999997e-05,3
2026-02-20,1.998666666666667e-05,3
2026-02-21,3.392e-05,3
2026-02-22,1.9146666666666667e-05,3
2026-02-23,-4.0000000000000067e-07,3
2026-02-24,1.4436666666666665e-05,3
2026-02-25,4.8e-06,3
2026-02-26,2.9366666666666685e-06,3
2026-02-27,-3.2566666666666674e-05,3
2026-02-28,-1.3303333333333334e-05,3
2026-03-01,2.2743333333333333e-05,3
2026-03-02,-1.1126666666666665e-05,3
2026-03-03,9.106666666666667e-06,3
2026-03-04,6.043333333333331e-06,3
2026-03-05,2.902e-05,3
2026-03-06,-1.1826666666666666e-05,3
2026-03-07,-2.4333333333333157e-07,3
2026-03-08,-2.8263333333333334e-05,3
2026-03-09,-4.593333333333333e-05,3
2026-03-10,1.913333333333333e-06,3
2026-03-11,-7.376000000000001e-05,3
2026-03-12,-6.858333333333332e-05,3
2026-03-13,2.786666666666666e-06,3
2026-03-14,-3.0726666666666665e-05,3
2026-03-15,-1.895e-05,3
2026-03-16,3.889e-05,3
2026-03-17,-1.1746666666666667e-05,3
2026-03-18,-2.9880000000000002e-05,3
2026-03-19,-9.27e-06,3
2026-03-20,3.8499999999999996e-06,3
2026-03-21,-3.7933333333333327e-06,3
2026-03-22,-3.485333333333333e-05,3
2026-03-23,-1.594e-05,3
2026-03-24,3.653333333333334e-05,3
2026-03-25,2.7016666666666665e-05,3
2026-03-26,5.746666666666666e-06,3
2026-03-27,-3.071333333333333e-05,3
2026-03-28,-5.2883333333333336e-05,3
2026-03-29,-3.3833333333333333e-06,3
2026-03-30,5.166666666666667e-06,3
2026-03-31,-1.5226666666666668e-05,3
2026-04-01,-1.1109999999999999e-05,3
2026-04-02,-1.010666666666667e-05,3
2026-04-03,-3.596666666666667e-06,3
2026-04-04,3.175666666666667e-05,3
2026-04-05,2.7026666666666667e-05,3
2026-04-06,4.346666666666667e-05,3
2026-04-07,3.593666666666667e-05,3
2026-04-08,3.877e-05,3
2026-04-09,1.0353333333333335e-05,3
2026-04-10,2.273333333333333e-06,3
2026-04-11,-6.687666666666666e-05,3
2026-04-12,-4.044333333333333e-05,3
2026-04-13,-1.942e-05,3
2026-04-14,-2.785333333333333e-05,3
2026-04-15,-7.183e-05,3
2026-04-16,-2.8280000000000004e-05,3
2026-04-17,-1.5703333333333333e-05,3
2026-04-18,-6.588666666666667e-05,3
2026-04-19,-9.296666666666667e-05,3
2026-04-20,-4.0459999999999995e-05,3
2026-04-21,-6.000999999999999e-05,3
2026-04-22,1.913333333333332e-06,3
2026-04-23,-6.0396666666666664e-05,3
2026-04-24,-4.948666666666667e-05,3
2026-04-25,-4.3370000000000007e-05,3
2026-04-26,1.9633333333333333e-06,3
2026-04-27,-4.696e-05,3
2026-04-28,-6.376666666666667e-06,3
2026-04-29,6.786666666666667e-06,3
2026-04-30,-2.987e-05,3
2026-05-01,-2.899666666666667e-05,3
2026-05-02,-2.8216666666666667e-05,3
2026-05-03,5.316666666666667e-06,3
2026-05-04,3.2866666666666656e-06,3
2026-05-05,-4.416333333333333e-05,3
2026-05-06,-6.353000000000001e-05,3
2026-05-07,-4.479333333333333e-05,3
2026-05-08,-2.1776666666666668e-05,3
2026-05-09,5.646666666666665e-06,3
2026-05-10,3.493333333333333e-05,3
2026-05-11,4.315e-05,3
2026-05-12,3.194666666666667e-05,3
2026-05-13,4.184333333333333e-05,3
2026-05-14,3.65e-05,3
2026-05-15,-1.528e-05,3
2026-05-16,2.8943333333333335e-05,3
2026-05-17,1.7536666666666668e-05,3
2026-05-18,3.9416666666666665e-05,3
2026-05-19,5.178666666666667e-05,3
2026-05-20,6.031666666666666e-05,3
2026-05-21,4.0193333333333334e-05,3
2026-05-22,1.8783333333333334e-05,3
2026-05-23,3.416333333333333e-05,3
2026-05-24,7.199666666666666e-05,3
2026-05-25,3.834e-05,3
2026-05-26,5.895333333333333e-05,3
2026-05-27,9.620666666666668e-05,3
2026-05-28,8.337e-05,3
2026-05-29,7.364333333333333e-05,3
2026-05-30,4.803333333333333e-05,3
2026-05-31,5.361e-05,3
2026-06-01,6.713666666666667e-05,3
2026-06-02,8.111666666666667e-05,3
2026-06-03,7.464666666666667e-05,3
2026-06-04,1.0490000000000001e-05,3
2026-06-05,-3.2633333333333336e-06,3
2026-06-06,3.0999999999999995e-06,3
2026-06-07,1.0699999999999993e-06,3
2026-06-08,2.369666666666667e-05,3
2026-06-09,6.939999999999999e-06,3
2026-06-10,-1.5933333333333339e-06,3
2026-06-11,1.4833333333333332e-05,3
2026-06-12,6.609999999999999e-06,3
2026-06-13,2.1183333333333334e-05,3
2026-06-14,-4.144e-05,3
2026-06-15,-8.833333333333334e-06,3
2026-06-16,-4.306666666666666e-06,3
2026-06-17,-2.436666666666666e-05,3
2026-06-18,1.8013333333333333e-05,3
2026-06-19,3.615333333333333e-05,3
2026-06-20,4.144e-05,3
2026-06-21,2.667e-05,3
2026-06-22,4.299666666666667e-05,3
2026-06-23,1.2689999999999997e-05,3
2026-06-24,1.4383333333333333e-05,3
2026-06-25,-5.486666666666666e-06,3
2026-06-26,6.17e-05,3
2026-06-27,4.427e-05,3
2026-06-28,3.347666666666667e-05,3
2026-06-29,6.404666666666666e-05,3
2026-06-30,5.950333333333333e-05,3
2026-07-01,4.819333333333333e-05,3
2026-07-02,6.166666666666667e-05,3
2026-07-03,7.913333333333334e-05,3
2026-07-04,9.826666666666667e-05,3
2026-07-05,9.004666666666667e-05,3
2026-07-06,7.939999999999999e-05,3
2026-07-07,7.539000000000001e-05,3
2026-07-08,4.247e-05,3
2026-07-09,5.895666666666666e-05,3
2026-07-10,8.604333333333334e-05,3
2026-07-11,5.032666666666667e-05,3
2026-07-12,6.181333333333333e-05,3
2026-07-13,5.4590000000000004e-05,3
2026-07-14,5.7783333333333326e-05,3
2026-07-15,8.152333333333333e-05,3
2026-07-16,5.3706666666666665e-05,3
2026-07-17,5.068e-05,3
2026-07-18,4.451666666666667e-05,3
2026-07-19,4.1819999999999996e-05,3
2026-07-20,5.5620000000000006e-05,3
2026-07-21,5.406666666666666e-05,3
2026-07-22,3.606333333333333e-05,3
2026-07-23,2.7953333333333332e-05,3
2026-07-24,6.208666666666667e-05,3
2026-07-25,4.076e-05,3
2026-07-26,5.193666666666666e-05,3
2026-07-27,5.879666666666667e-05,3
2026-07-28,3.6740000000000004e-05,3
2026-07-29,7.888333333333333e-05,3
2026-07-30,8.256333333333334e-05,3
2026-07-31,8.356333333333335e-05,3
2026-08-01,3.610333333333333e-05,3
2026-08-02,7.06e-05,3
2026-08-03,6.279333333333334e-05,3
2026-08-04,5.671e-05,3
2026-08-05,1.7883333333333335e-05,3
2026-08-06,5.055333333333334e-05,3
2026-08-07,3.893666666666667e-05,3
2026-08-08,5.591666666666666e-05,3
2026-08-09,6.048e-05,3
2026-08-10,6.820666666666666e-05,3
2026-08-11,4.181666666666666e-05,3
2026-08-12,8.389666666666668e-05,3
2026-08-13,7.211666666666667e-05,3
2026-08-14,5.057666666666666e-05,3
2026-08-15,6.211666666666667e-05,3
2026-08-16,2.6016666666666668e-05,3
2026-08-17,6.717000000000001e-05,3
2026-08-18,4.611333333333334e-05,3
2026-08-19,5.144e-05,3
2026-08-20,9.692333333333333e-05,3
2026-08-21,6.926000000000001e-05,3
2026-08-22,0.0001,3
2026-08-23,0.0001,3
2026-08-24,0.0001,3
2026-08-25,8.606e-05,3
2026-08-26,6.917333333333333e-05,3
2026-08-27,6.975333333333334e-05,3
2026-08-28,7.497e-05,3
2026-08-29,0.0001,3
2026-08-30,8.447000000000001e-05,3
2026-08-31,9.090333333333334e-05,3
