財務省,,,,,,,,
Ministry of Finance,,,,,,,,
,,,,,,,,
外国為替平衡操作の実施状況,,,,,,,,
Foreign Exchange Intervention Operations,,,,,,,,
,,,,,,,,
(データ期間:平成3年4月～),,,,,,,,
(period:April 1991-),,,,,,,,
,,,,,,,,
(単位:億円),,,,,,,,
(amount:100 million Yen),,,,,,,,
,,,,,,,,
実施年月日,,,Intervention Date,,,,,
年,月,日,Year,Month,Day,金額(amount),売買通貨,Currency pairs
,,,,,,,,
平成3年,5月,13日,1991,May,13,139,米ドル売り・日本円買い,the US dollar (sold) the Japanese yen (bought)
,6月,10日,,Jun,10,211,米ドル売り・日本円買い,the US dollar (sold) the Japanese yen (bought)
,,13日,,,13,213,米ドル売り・日本円買い,the US dollar (sold) the Japanese yen (bought)
平成3年4～6月期計,,,April - June 1991,,,563,,
平成3年,8月,19日,1991,Aug,19,139,米ドル売り・独マルク買い,the US dollar (sold) the German mark (bought)
平成3年7～9月期計,,,July - September 1991,,,139,,
平成3年10～12月期計,,,October - December 1991,,,0,,
平成4年,1月,17日,1992,Jan,17,63,米ドル売り・日本円買い,the US dollar (sold) the Japanese yen (bought)
,2月,17日,,Feb,17,127,米ドル売り・日本円買い,the US dollar (sold) the Japanese yen (bought)
,,20日,,,20,769,米ドル売り・日本円買い,the US dollar (sold) the Japanese yen (bought)
,3月,4日,,Mar,4,138,米ドル売り・日本円買い,the US dollar (sold) the Japanese yen (bought)
,,11日,,,11,249,米ドル売り・日本円買い,the US dollar (sold) the Japanese yen (bought)
平成4年1～3月期計,,,January - March 1992,,,"1,346",,
平成4年,4月,1日,1992,Apr,1,367,米ドル売り・日本円買い,the US dollar (sold) the Japanese yen (bought)
,,27日,,,27,738,米ドル売り・日本円買い,the US dollar (sold) the Japanese yen (bought)
,,28日,,,28,731,米ドル売り・日本円買い,the US dollar (sold) the Japanese yen (bought)
,,30日,,,30,200,米ドル売り・日本円買い,the US dollar (sold) the Japanese yen (bought)
,5月,22日,,May,22,520,米ドル売り・日本円買い,the US dollar (sold) the Japanese yen (bought)
,,27日,,,27,324,米ドル売り・日本円買い,the US dollar (sold) the Japanese yen (bought)
,,28日,,,28,507,米ドル売り・日本円買い,the US dollar (sold) the Japanese yen (bought)
,,29日,,,29,322,米ドル売り・日本円買い,the US dollar (sold) the Japanese yen (bought)
,6月,2日,,Jun,2,420,米ドル売り・日本円買い,the US dollar (sold) the Japanese yen (bought)
,,3日,,,3,305,米ドル売り・日本円買い,the US dollar (sold) the Japanese yen (bought)
,,4日,,,4,178,米ドル売り・日本円買い,the US dollar (sold) the Japanese yen (bought)
,,10日,,,10,192,米ドル売り・日本円買い,the US dollar (sold) the Japanese yen (bought)
,,18日,,,18,255,米ドル売り・日本円買い,the US dollar (sold) the Japanese yen (bought)
,,25日,,,25,127,米ドル売り・日本円買い,the US dollar (sold) the Japanese yen (bought)
平成4年4～6月期計,,,April - June 1992,,,"5,185",,
平成4年,7月,24日,1992,Jul,24,286,米ドル売り・日本円買い,the US dollar (sold) the Japanese yen (bought)
,,27日,,,27,192,米ドル売り・日本円買い,the US dollar (sold) the Japanese yen (bought)
,8月,7日,,Aug,7,128,米ドル売り・日本円買い,the US dollar (sold) the Japanese yen (bought)
,,11日,,,11,32,米ドル売り・日本円買い,the US dollar (sold) the Japanese yen (bought)
平成4年7～9月期計,,,July - September 1992,,,638,,
平成4年10～12月期計,,,October - December 1992,,,0,,
平成5年1～3月期計,,,January - March 1993,,,0,,
平成5年,4月,2日,1993,Apr,2,365,米ドル買い・日本円売り,the US dollar (bought) the Japanese yen (sold)
,,5日,,,5,228,米ドル買い・日本円売り,the US dollar (bought) the Japanese yen (sold)
,,6日,,,6,114,米ドル買い・日本円売り,the US dollar (bought) the Japanese yen (sold)
,,8日,,,8,511,米ドル買い・日本円売り,the US dollar (bought) the Japanese yen (sold)
,,9日,,,9,51,米ドル買い・日本円売り,the US dollar (bought) the Japanese yen (sold)
,,12日,,,12,339,米ドル買い・日本円売り,the US dollar (bought) the Japanese yen (sold)
,,13日,,,13,397,米ドル買い・日本円売り,the US dollar (bought) the Japanese yen (sold)
,,19日,,,19,722,米ドル買い・日本円売り,the US dollar (bought) the Japanese yen (sold)
,,20日,,,20,442,米ドル買い・日本円売り,the US dollar (bought) the Japanese yen (sold)
,,21日,,,21,772,米ドル買い・日本円売り,the US dollar (bought) the Japanese yen (sold)
,,22日,,,22,"1,381",米ドル買い・日本円売り,the US dollar (bought) the Japanese yen (sold)
,,23日,,,23,387,米ドル買い・日本円売り,the US dollar (bought) the Japanese yen (sold)
,,26日,,,26,497,米ドル買い・日本円売り,the US dollar (bought) the Japanese yen (sold)
,,27日,,,27,550,米ドル買い・日本円売り,the US dollar (bought) the Japanese yen (sold)
,5月,5日,,May,5,298,米ドル買い・日本円売り,the US dollar (bought) the Japanese yen (sold)
,,6日,,,6,198,米ドル買い・日本円売り,the US dollar (bought) the Japanese yen (sold)
,,7日,,,7,637,米ドル買い・日本円売り,the US dollar (bought) the Japanese yen (sold)
,,26日,,,26,"1,251",米ドル買い・日本円売り,the US dollar (bought) the Japanese yen (sold)
,,27日,,,27,"1,135",米ドル買い・日本円売り,the US dollar (bought) the Japanese yen (sold)
,,28日,,,28,690,米ドル買い・日本円売り,the US dollar (bought) the Japanese yen (sold)
,,31日,,,31,762,米ドル買い・日本円売り,the US dollar (bought) the Japanese yen (sold)
,6月,1日,,Jun,1,953,米ドル買い・日本円売り,the US dollar (bought) the Japanese yen (sold)
,,2日,,,2,278,米ドル買い・日本円売り,the US dollar (bought) the Japanese yen (sold)
,,3日,,,3,646,米ドル買い・日本円売り,the US dollar (bought) the Japanese yen (sold)
,,4日,,,4,108,米ドル買い・日本円売り,the US dollar (bought) the Japanese yen (sold)
,,8日,,,8,772,米ドル買い・日本円売り,the US dollar (bought) the Japanese yen (sold)
,,10日,,,10,679,米ドル買い・日本円売り,the US dollar (bought) the Japanese yen (sold)
,,11日,,,11,478,米ドル買い・日本円売り,the US dollar (bought) the Japanese yen (sold)
,,14日,,,14,632,米ドル買い・日本円売り,the US dollar (bought) the Japanese yen (sold)
,,15日,,,15,735,米ドル買い・日本円売り,the US dollar (bought) the Japanese yen (sold)
,,28日,,,28,105,米ドル買い・日本円売り,the US dollar (bought) the Japanese yen (sold)
平成5年4～6月期計,,,April - June 1993,,,"17,113",,
平成5年,7月,30日,1993,Jul,30,366,米ドル買い・日本円売り,the US dollar (bought) the Japanese yen (sold)
,8月,2日,,Aug,2,157,米ドル買い・日本円売り,the US dollar (bought) the Japanese yen (sold)
,,3日,,,3,574,米ドル買い・日本円売り,the US dollar (bought) the Japanese yen (sold)
,,4日,,,4,157,米ドル買い・日本円売り,the US dollar (bought) the Japanese yen (sold)
,,5日,,,5,104,米ドル買い・日本円売り,the US dollar (bought) the Japanese yen (sold)
,,11日,,,11,540,米ドル買い・日本円売り,the US dollar (bought) the Japanese yen (sold)
,,12日,,,12,372,米ドル買い・日本円売り,the US dollar (bought) the Japanese yen (sold)
,,13日,,,13,645,米ドル買い・日本円売り,the US dollar (bought) the Japanese yen (sold)
,,13日,,,13,48,独マルク買い・日本円売り,the German mark (bought) the Japanese yen (sold)
,,16日,,,16,870,米ドル買い・日本円売り,the US dollar (bought) the Japanese yen (sold)
,,17日,,,17,"2,002",米ドル買い・日本円売り,the US dollar (bought) the Japanese yen (sold)
,,19日,,,19,170,米ドル買い・日本円売り,the US dollar (bought) the Japanese yen (sold)
,,20日,,,20,524,米ドル買い・日本円売り,the US dollar (bought) the Japanese yen (sold)
,,23日,,,23,238,米ドル買い・日本円売り,the US dollar (bought) the Japanese yen (sold)
,,24日,,,24,714,米ドル買い・日本円売り,the US dollar (bought) the Japanese yen (sold)
,,25日,,,25,376,米ドル買い・日本円売り,the US dollar (bought) the Japanese yen (sold)
,,26日,,,26,158,米ドル買い・日本円売り,the US dollar (bought) the Japanese yen (sold)
,,27日,,,27,234,米ドル買い・日本円売り,the US dollar (bought) the Japanese yen (sold)
,9月,7日,,Sep,7,218,米ドル買い・日本円売り,the US dollar (bought) the Japanese yen (sold)
平成5年7～9月期計,,,July - September 1993,,,"8,467",,
平成5年10～12月期計,,,October - December 1993,,,0,,
平成6年,2月,15日,1994,Feb,15,431,米ドル買い・日本円売り,the US dollar (bought) the Japanese yen (sold)
,,16日,,,16,341,米ドル買い・日本円売り,the US dollar (bought) the Japanese yen (sold)
,,18日,,,18,187,米ドル買い・日本円売り,the US dollar (bought) the Japanese yen (sold)
,,21日,,,21,409,米ドル買い・日本円売り,the US dollar (bought) the Japanese yen (sold)
,,23日,,,23,504,米ドル買い・日本円売り,the US dollar (bought) the Japanese yen (sold)
,,28日,,,28,573,米ドル買い・日本円売り,the US dollar (bought) the Japanese yen (sold)
,3月,2日,,Mar,2,725,米ドル買い・日本円売り,the US dollar (bought) the Japanese yen (sold)
,,3日,,,3,499,米ドル買い・日本円売り,the US dollar (bought) the Japanese yen (sold)
,,4日,,,4,314,米ドル買い・日本円売り,the US dollar (bought) the Japanese yen (sold)
,,29日,,,29,602,米ドル買い・日本円売り,the US dollar (bought) the Japanese yen (sold)
,,30日,,,30,648,米ドル買い・日本円売り,the US dollar (bought) the Japanese yen (sold)
,,31日,,,31,370,米ドル買い・日本円売り,the US dollar (bought) the Japanese yen (sold)
平成6年1～3月期計,,,January - March 1994,,,"5,604",,
平成6年,4月,1日,1994,Apr,1,268,米ドル買い・日本円売り,the US dollar (bought) the Japanese yen (sold)
,,4日,,,4,83,米ドル買い・日本円売り,the US dollar (bought) the Japanese yen (sold)
,,5日,,,5,309,米ドル買い・日本円売り,the US dollar (bought) the Japanese yen (sold)
,,11日,,,11,207,米ドル買い・日本円売り,the US dollar (bought) the Japanese yen (sold)
,,12日,,,12,340,米ドル買い・日本円売り,the US dollar (bought) the Japanese yen (sold)
,,14日,,,14,103,米ドル買い・日本円売り,the US dollar (bought) the Japanese yen (sold)
,,19日,,,19,206,米ドル買い・日本円売り,the US dollar (bought) the Japanese yen (sold)
,,21日,,,21,309,米ドル買い・日本円売り,the US dollar (bought) the Japanese yen (sold)
,,28日,,,28,306,米ドル買い・日本円売り,the US dollar (bought) the Japanese yen (sold)
,,29日,,,29,506,米ドル買い・日本円売り,the US dollar (bought) the Japanese yen (sold)
,5月,2日,,May,2,214,米ドル買い・日本円売り,the US dollar (bought) the Japanese yen (sold)
,,3日,,,3,253,米ドル買い・日本円売り,the US dollar (bought) the Japanese yen (sold)
,,4日,,,4,357,米ドル買い・日本円売り,the US dollar (bought) the Japanese yen (sold)
,6月,20日,,Jun,20,102,米ドル買い・日本円売り,the US dollar (bought) the Japanese yen (sold)
,,21日,,,21,535,米ドル買い・日本円売り,the US dollar (bought) the Japanese yen (sold)
,,22日,,,22,"1,090",米ドル買い・日本円売り,the US dollar (bought) the Japanese yen (sold)
,,23日,,,23,233,米ドル買い・日本円売り,the US dollar (bought) the Japanese yen (sold)
,,24日,,,24,"1,363",米ドル買い・日本円売り,the US dollar (bought) the Japanese yen (sold)
,,27日,,,27,760,米ドル買い・日本円売り,the US dollar (bought) the Japanese yen (sold)
,,29日,,,29,447,米ドル買い・日本円売り,the US dollar (bought) the Japanese yen (sold)
,,30日,,,30,148,米ドル買い・日本円売り,the US dollar (bought) the Japanese yen (sold)
平成6年4～6月期計,,,April - June 1994,,,"8,139",,
平成6年,7月,1日,1994,Jul,1,706,米ドル買い・日本円売り,the US dollar (bought) the Japanese yen (sold)
,,11日,,,11,292,米ドル買い・日本円売り,the US dollar (bought) the Japanese yen (sold)
,,12日,,,12,58,米ドル買い・日本円売り,the US dollar (bought) the Japanese yen (sold)
,8月,18日,,Aug,18,169,米ドル買い・日本円売り,the US dollar (bought) the Japanese yen (sold)
,,19日,,,19,384,米ドル買い・日本円売り,the US dollar (bought) the Japanese yen (sold)
,,22日,,,22,255,米ドル買い・日本円売り,the US dollar (bought) the Japanese yen (sold)
,,23日,,,23,372,米ドル買い・日本円売り,the US dollar (bought) the Japanese yen (sold)
,,24日,,,24,254,米ドル買い・日本円売り,the US dollar (bought) the Japanese yen (sold)
,,25日,,,25,60,米ドル買い・日本円売り,the US dollar (bought) the Japanese yen (sold)
,9月,6日,,Sep,6,188,米ドル買い・日本円売り,the US dollar (bought) the Japanese yen (sold)
,,14日,,,14,296,米ドル買い・日本円売り,the US dollar (bought) the Japanese yen (sold)
,,19日,,,19,148,米ドル買い・日本円売り,the US dollar (bought) the Japanese yen (sold)
,,20日,,,20,157,米ドル買い・日本円売り,the US dollar (bought) the Japanese yen (sold)
平成6年7～9月期計,,,July - September 1994,,,"3,340",,
平成6年,10月,3日,1994,Oct,3,157,米ドル買い・日本円売り,the US dollar (bought) the Japanese yen (sold)
,,14日,,,14,197,米ドル買い・日本円売り,the US dollar (bought) the Japanese yen (sold)
,,17日,,,17,616,米ドル買い・日本円売り,the US dollar (bought) the Japanese yen (sold)
,,19日,,,19,458,米ドル買い・日本円売り,the US dollar (bought) the Japanese yen (sold)
,,21日,,,21,388,米ドル買い・日本円売り,the US dollar (bought) the Japanese yen (sold)
,,25日,,,25,97,米ドル買い・日本円売り,the US dollar (bought) the Japanese yen (sold)
,11月,1日,,Nov,1,97,米ドル買い・日本円売り,the US dollar (bought) the Japanese yen (sold)
,,2日,,,2,"1,057",米ドル買い・日本円売り,the US dollar (bought) the Japanese yen (sold)
,,3日,,,3,491,米ドル買い・日本円売り,the US dollar (bought) the Japanese yen (sold)
平成6年10～12月期計,,,October - December 1994,,,"3,556",,
平成7年,2月,17日,1995,Feb,17,409,米ドル買い・日本円売り,the US dollar (bought) the Japanese yen (sold)
,,20日,,,20,223,米ドル買い・日本円売り,the US dollar (bought) the Japanese yen (sold)
,,23日,,,23,155,米ドル買い・日本円売り,the US dollar (bought) the Japanese yen (sold)
,,24日,,,24,328,米ドル買い・日本円売り,the US dollar (bought) the Japanese yen (sold)
,,27日,,,27,68,米ドル買い・日本円売り,the US dollar (bought) the Japanese yen (sold)
,3月,1日,,Mar,1,183,米ドル買い・日本円売り,the US dollar (bought) the Japanese yen (sold)
,,2日,,,2,482,米ドル買い・日本円売り,the US dollar (bought) the Japanese yen (sold)
,,3日,,,3,"1,086",米ドル買い・日本円売り,the US dollar (bought) the Japanese yen (sold)
,,6日,,,6,"1,167",米ドル買い・日本円売り,the US dollar (bought) the Japanese yen (sold)
,,7日,,,7,278,米ドル買い・日本円売り,the US dollar (bought) the Japanese yen (sold)
,,9日,,,9,182,米ドル買い・日本円売り,the US dollar (bought) the Japanese yen (sold)
,,13日,,,13,757,米ドル買い・日本円売り,the US dollar (bought) the Japanese yen (sold)
,,14日,,,14,409,米ドル買い・日本円売り,the US dollar (bought) the Japanese yen (sold)
,,15日,,,15,704,米ドル買い・日本円売り,the US dollar (bought) the Japanese yen (sold)
,,16日,,,16,628,米ドル買い・日本円売り,the US dollar (bought) the Japanese yen (sold)
,,17日,,,17,492,米ドル買い・日本円売り,the US dollar (bought) the Japanese yen (sold)
,,20日,,,20,134,米ドル買い・日本円売り,the US dollar (bought) the Japanese yen (sold)
,,21日,,,21,622,米ドル買い・日本円売り,the US dollar (bought) the Japanese yen (sold)
,,22日,,,22,178,米ドル買い・日本円売り,the US dollar (bought) the Japanese yen (sold)
,,23日,,,23,442,米ドル買い・日本円売り,the US dollar (bought) the Japanese yen (sold)
,,24日,,,24,"2,037",米ドル買い・日本円売り,the US dollar (bought) the Japanese yen (sold)
,,27日,,,27,846,米ドル買い・日本円売り,the US dollar (bought) the Japanese yen (sold)
,,28日,,,28,580,米ドル買い・日本円売り,the US dollar (bought) the Japanese yen (sold)
,,29日,,,29,842,米ドル買い・日本円売り,the US dollar (bought) the Japanese yen (sold)
,,30日,,,30,"1,334",米ドル買い・日本円売り,the US dollar (bought) the Japanese yen (sold)
,,31日,,,31,"3,388",米ドル買い・日本円売り,the US dollar (bought) the Japanese yen (sold)
平成7年1～3月期計,,,January - March 1995,,,"17,954",,
平成7年,4月,3日,1995,Apr,3,"1,255",米ドル買い・日本円売り,the US dollar (bought) the Japanese yen (sold)
,,5日,,,5,432,米ドル買い・日本円売り,the US dollar (bought) the Japanese yen (sold)
,,6日,,,6,684,米ドル買い・日本円売り,the US dollar (bought) the Japanese yen (sold)
,,7日,,,7,252,米ドル買い・日本円売り,the US dollar (bought) the Japanese yen (sold)
,,10日,,,10,"1,407",米ドル買い・日本円売り,the US dollar (bought) the Japanese yen (sold)
,,14日,,,14,503,米ドル買い・日本円売り,the US dollar (bought) the Japanese yen (sold)
,,17日,,,17,371,米ドル買い・日本円売り,the US dollar (bought) the Japanese yen (sold)
,,18日,,,18,82,米ドル買い・日本円売り,the US dollar (bought) the Japanese yen (sold)
,5月,31日,,May,31,635,米ドル買い・日本円売り,the US dollar (bought) the Japanese yen (sold)
,6月,28日,,Jun,28,430,米ドル買い・日本円売り,the US dollar (bought) the Japanese yen (sold)
平成7年4～6月期計,,,April -June 1995,,,"6,050",,
平成7年,7月,7日,1995,Jul,7,579,米ドル買い・日本円売り,the US dollar (bought) the Japanese yen (sold)
,8月,2日,,Aug,2,"6,757",米ドル買い・日本円売り,the US dollar (bought) the Japanese yen (sold)
,,11日,,,11,935,米ドル買い・日本円売り,the US dollar (bought) the Japanese yen (sold)
,,15日,,,15,482,米ドル買い・日本円売り,the US dollar (bought) the Japanese yen (sold)
,9月,6日,,Sep,6,"2,264",米ドル買い・日本円売り,the US dollar (bought) the Japanese yen (sold)
,,8日,,,8,"8,576",米ドル買い・日本円売り,the US dollar (bought) the Japanese yen (sold)
,,22日,,,22,"5,991",米ドル買い・日本円売り,the US dollar (bought) the Japanese yen (sold)
平成7年7～9月期計,,,July - September 1995,,,"25,584",,
平成7年10～12月期計,,,October - December 1995,,,0,,
平成8年,2月,20日,1996,Feb,20,"4,383",米ドル買い・日本円売り,the US dollar (bought) the Japanese yen (sold)
,,21日,,,21,"1,102",米ドル買い・日本円売り,the US dollar (bought) the Japanese yen (sold)
,,22日,,,22,945,米ドル買い・日本円売り,the US dollar (bought) the Japanese yen (sold)
,,23日,,,23,"2,310",米ドル買い・日本円売り,the US dollar (bought) the Japanese yen (sold)
,,27日,,,27,"7,297",米ドル買い・日本円売り,the US dollar (bought) the Japanese yen (sold)
平成8年1～3月期計,,,January - March 1996,,,"16,036",,
平成8年4～6月期計,,,April -June 1996,,,0,,
平成8年7～9月期計,,,July - September 1996,,,0,,
平成8年10～12月期計,,,October - December 1996,,,0,,
平成9年1～3月期計,,,January - March 1997,,,0,,
平成9年4～6月期計,,,April -June 1997,,,0,,
平成9年7～9月期計,,,July - September 1997,,,0,,
平成9年,11月,3日,1997,Nov,3,390,米ドル売り・インドネシアルピア買い,the US dollar (sold) the Indonesian rupiah (bought)
,,5日,,,5,110,米ドル売り・インドネシアルピア買い,the US dollar (sold) the Indonesian rupiah (bought)
,,6日,,,6,166,米ドル売り・インドネシアルピア買い,the US dollar (sold) the Indonesian rupiah (bought)
,,17日,,,17,23,米ドル売り・インドネシアルピア買い,the US dollar (sold) the Indonesian rupiah (bought)
,,18日,,,18,4,米ドル売り・インドネシアルピア買い,the US dollar (sold) the Indonesian rupiah (bought)
,12月,17日,,Dec,17,"2,804",米ドル売り・日本円買い,the US dollar (sold) the Japanese yen (bought)
,,18日,,,18,764,米ドル売り・日本円買い,the US dollar (sold) the Japanese yen (bought)
,,19日,,,19,"7,023",米ドル売り・日本円買い,the US dollar (sold) the Japanese yen (bought)
平成9年10～12月期計,,,October - December 1997,,,"11,282",,
平成10年1～3月期計,,,January - March 1998,,,0,,
平成10年,4月,9日,1998,Apr,9,"1,957",米ドル売り・日本円買い,the US dollar (sold) the Japanese yen (bought)
,,10日,,,10,"26,201",米ドル売り・日本円買い,the US dollar (sold) the Japanese yen (bought)
,6月,17日,,Jun,17,"2,312",米ドル売り・日本円買い,the US dollar (sold) the Japanese yen (bought)
平成10年4～6月期計,,,April -June 1998,,,"30,470",,
平成10年7～9月期計,,,July - September 1998,,,0,,
平成10年10～12月期計,,,October - December 1998,,,0,,
平成11年,1月,12日,1999,Jan,12,"6,563",米ドル買い・日本円売り,the US dollar (bought) the Japanese yen (sold)
平成11年1～3月期計,,,January - March 1999,,,"6,563",,
平成11年,6月,10日,1999,Jun,10,"1,665",米ドル買い・日本円売り,the US dollar (bought) the Japanese yen (sold)
,,14日,,,14,"14,059",米ドル買い・日本円売り,the US dollar (bought) the Japanese yen (sold)
,,18日,,,18,"4,379",ユーロ買い・日本円売り,the Euro (bought) the Japanese yen (sold)
,,21日,,,21,"9,272",米ドル買い・日本円売り,the US dollar (bought) the Japanese yen (sold)
,,21日,,,21,"1,017",ユーロ買い・日本円売り,the Euro (bought) the Japanese yen (sold)
平成11年4～6月期計,,,April -June 1999,,,"30,392",,
平成11年,7月,5日,1999,Jul,5,"7,837",米ドル買い・日本円売り,the US dollar (bought) the Japanese yen (sold)
,,20日,,,20,"1,792",米ドル買い・日本円売り,the US dollar (bought) the Japanese yen (sold)
,,21日,,,21,"4,052",米ドル買い・日本円売り,the US dollar (bought) the Japanese yen (sold)
,9月,10日,,Sep,10,"6,401",米ドル買い・日本円売り,the US dollar (bought) the Japanese yen (sold)
,,14日,,,14,"3,794",米ドル買い・日本円売り,the US dollar (bought) the Japanese yen (sold)
平成11年7～9月期計,,,July - September 1999,,,"23,876",,
平成11年,11月,29日,1999,Nov,29,"7,244",米ドル買い・日本円売り,the US dollar (bought) the Japanese yen (sold)
,,29日,,,29,527,ユーロ買い・日本円売り,the Euro (bought) the Japanese yen (sold)
,,30日,,,30,"4,104",米ドル買い・日本円売り,the US dollar (bought) the Japanese yen (sold)
,12月,24日,,Dec,24,"3,704",米ドル買い・日本円売り,the US dollar (bought) the Japanese yen (sold)
平成11年10～12月期計,,,October - December 1999,,,"15,580",,
平成12年,1月,4日,2000,Jan,4,"5,753",米ドル買い・日本円売り,the US dollar (bought) the Japanese yen (sold)
,3月,8日,,Mar,8,"1,501",米ドル買い・日本円売り,the US dollar (bought) the Japanese yen (sold)
,,8日,,,8,720,ユーロ買い・日本円売り,the Euro (bought) the Japanese yen (sold)
,,15日,,,15,"8,468",米ドル買い・日本円売り,the US dollar (bought) the Japanese yen (sold)
平成12年1～3月期計,,,January - March 2000,,,"16,443",,
平成12年,4月,3日,2000,Apr,3,"13,854",米ドル買い・日本円売り,the US dollar (bought) the Japanese yen (sold)
平成12年4～6月期計,,,April -June 2000,,,"13,854",,
平成12年,9月,22日,2000,Sep,22,"1,435",ユーロ買い・日本円売り,the Euro (bought) the Japanese yen (sold)
平成12年7～9月期計,,,July - September 2000,,,"1,435",,
平成12年10～12月期計,,,October - December 2000,,,0,,
平成13年1～3月期計,,,January - March 2001,,,0,,
平成13年4～6月期計,,,April - June 200１,,,0,,
平成13年,9月,17日,2001,Sep,17,"4,955",米ドル買い・日本円売り,the US dollar (bought)　 the Japanese yen (sold)
,,19日,,,19,"3,774",米ドル買い・日本円売り,the US dollar (bought)　 the Japanese yen (sold)
,,21日,,,21,"12,874",米ドル買い・日本円売り,the US dollar (bought)　 the Japanese yen (sold)
,,24日,,,24,"1,172",米ドル買い・日本円売り,the US dollar (bought)　 the Japanese yen (sold)
,,24日,,,24,215,ユーロ買い・日本円売り,the Euro (bought) 　the Japanese yen (sold)
,,26日,,,26,943,米ドル買い・日本円売り,the US dollar (bought)　 the Japanese yen (sold)
,,26日,,,26,218,ユーロ買い・日本円売り,the Euro (bought) 　 the Japanese yen (sold)
,,27日,,,27,"4,871",米ドル買い・日本円売り,the US dollar (bought)　 the Japanese yen (sold)
,,27日,,,27,219,ユーロ買い・日本円売り,the Euro (bought) 　 the Japanese yen (sold)
,,28日,,,28,"2,866",米ドル買い・日本円売り,the US dollar (bought)　 the Japanese yen (sold)
平成13年7～9月期計,,,July - September 2001,,,"32,107",,
平成13年10～12月期計,,,October - December 200１,,,0,,
平成14年1～3月期計,,,January - March 2002,,,0,,
平成14年,5月,22日,2002,May,22,"5,871",米ドル買い・日本円売り,the US dollar (bought) the Japanese yen (sold)
,,23日,,,23,"4,991",米ドル買い・日本円売り,the US dollar (bought) the Japanese yen (sold)
,,31日,,,31,"10,312",米ドル買い・日本円売り,the US dollar (bought) the Japanese yen (sold)
,6月,4日,,Jun,4,"3,727",米ドル買い・日本円売り,the US dollar (bought) the Japanese yen (sold)
,,24日,,,24,"4,290",米ドル買い・日本円売り,the US dollar (bought) the Japanese yen (sold)
,,26日,,,26,"5,687",米ドル買い・日本円売り,the US dollar (bought) the Japanese yen (sold)
,,28日,,,28,"5,046",米ドル買い・日本円売り,the US dollar (bought) the Japanese yen (sold)
,,28日,,,28,238,ユーロ買い・日本円売り,the Euro (bought) the Japanese yen (sold)
平成14年4～6月期計,,,April - June 2002,,,"40,162",,
平成14年7～9月期計,,,July - September 2002,,,0,,
平成14年10～12月期計,,,October- December 2002,,,0,,
平成15年,1月,15日,2003,Jan,15,83,米ドル買い・日本円売り,the US dollar (bought) the Japanese yen (sold)
,,16日,,,16,570,米ドル買い・日本円売り,the US dollar (bought) the Japanese yen (sold)
,,17日,,,17,"1,376",米ドル買い・日本円売り,the US dollar (bought) the Japanese yen (sold)
,,20日,,,20,59,米ドル買い・日本円売り,the US dollar (bought) the Japanese yen (sold)
,,23日,,,23,990,米ドル買い・日本円売り,the US dollar (bought) the Japanese yen (sold)
,,24日,,,24,"1,484",米ドル買い・日本円売り,the US dollar (bought) the Japanese yen (sold)
,,27日,,,27,"2,066",米ドル買い・日本円売り,the US dollar (bought) the Japanese yen (sold)
,,29日,,,29,153,米ドル買い・日本円売り,the US dollar (bought) the Japanese yen (sold)
,2月,24日,,Feb,24,927,米ドル買い・日本円売り,the US dollar (bought) the Japanese yen (sold)
,,24日,,,24,66,ユーロ買い・日本円売り,the Euro (bought) the Japanese yen (sold)
,,25日,,,25,"3,178",米ドル買い・日本円売り,the US dollar (bought) the Japanese yen (sold)
,,25日,,,25,562,ユーロ買い・日本円売り,the Euro (bought) the Japanese yen (sold)
,,26日,,,26,258,米ドル買い・日本円売り,the US dollar (bought) the Japanese yen (sold)
,,26日,,,26,137,ユーロ買い・日本円売り,the Euro (bought) the Japanese yen (sold)
,,27日,,,27,"3,615",米ドル買い・日本円売り,the US dollar (bought) the Japanese yen (sold)
,,28日,,,28,"2,636",米ドル買い・日本円売り,the US dollar (bought) the Japanese yen (sold)
,,28日,,,28,45,ユーロ買い・日本円売り,the Euro (bought) the Japanese yen (sold)
,3月,3日,,Mar,3,"2,155",米ドル買い・日本円売り,the US dollar (bought) the Japanese yen (sold)
,,3日,,,3,47,ユーロ買い・日本円売り,the Euro (bought) the Japanese yen (sold)
,,4日,,,4,928,米ドル買い・日本円売り,the US dollar (bought) the Japanese yen (sold)
,,4日,,,4,13,ユーロ買い・日本円売り,the Euro (bought) the Japanese yen (sold)
,,7日,,,7,"2,431",米ドル買い・日本円売り,the US dollar (bought) the Japanese yen (sold)
,,7日,,,7,86,ユーロ買い・日本円売り,the Euro (bought) the Japanese yen (sold)
,,10日,,,10,4,米ドル買い・日本円売り,the US dollar (bought) the Japanese yen (sold)
平成15年1～3月期計,,,January - March 2003,,,"23,867",,
平成15年,5月,8日,2003,May,8,"6,914",米ドル買い・日本円売り,the US dollar (bought) the Japanese yen (sold)
,,8日,,,8,53,ユーロ買い・日本円売り,the Euro (bought) the Japanese yen (sold)
,,9日,,,9,"2,166",米ドル買い・日本円売り,the US dollar (bought) the Japanese yen (sold)
,,9日,,,9,776,ユーロ買い・日本円売り,the Euro (bought) the Japanese yen (sold)
,,12日,,,12,"3,302",米ドル買い・日本円売り,the US dollar (bought) the Japanese yen (sold)
,,13日,,,13,"3,037",米ドル買い・日本円売り,the US dollar (bought) the Japanese yen (sold)
,,14日,,,14,"3,971",米ドル買い・日本円売り,the US dollar (bought) the Japanese yen (sold)
,,15日,,,15,"2,257",米ドル買い・日本円売り,the US dollar (bought) the Japanese yen (sold)
,,16日,,,16,698,米ドル買い・日本円売り,the US dollar (bought) the Japanese yen (sold)
,,19日,,,19,"10,401",米ドル買い・日本円売り,the US dollar (bought) the Japanese yen (sold)
,,20日,,,20,"2,283",米ドル買い・日本円売り,the US dollar (bought) the Japanese yen (sold)
,,21日,,,21,"2,882",米ドル買い・日本円売り,the US dollar (bought) the Japanese yen (sold)
,,27日,,,27,"1,086",米ドル買い・日本円売り,the US dollar (bought) the Japanese yen (sold)
,6月,5日,,Jun,5,126,米ドル買い・日本円売り,the US dollar (bought) the Japanese yen (sold)
,,6日,,,6,"1,502",米ドル買い・日本円売り,the US dollar (bought) the Japanese yen (sold)
,,12日,,,12,70,米ドル買い・日本円売り,the US dollar (bought) the Japanese yen (sold)
,,13日,,,13,869,米ドル買い・日本円売り,the US dollar (bought) the Japanese yen (sold)
,,16日,,,16,"1,464",米ドル買い・日本円売り,the US dollar (bought) the Japanese yen (sold)
,,23日,,,23,177,米ドル買い・日本円売り,the US dollar (bought) the Japanese yen (sold)
,,25日,,,25,"2,081",米ドル買い・日本円売り,the US dollar (bought) the Japanese yen (sold)
平成15年4～6月期計,,,April - June 2003,,,"46,116",,
平成15年,7月,3日,2003,Jul,3,"1,508",米ドル買い・日本円売り,the US dollar (bought) the Japanese yen (sold)
,,7日,,,7,"2,340",米ドル買い・日本円売り,the US dollar (bought) the Japanese yen (sold)
,,8日,,,8,"2,221",米ドル買い・日本円売り,the US dollar (bought) the Japanese yen (sold)
,,9日,,,9,236,米ドル買い・日本円売り,the US dollar (bought) the Japanese yen (sold)
,,10日,,,10,"1,744",米ドル買い・日本円売り,the US dollar (bought) the Japanese yen (sold)
,,11日,,,11,412,米ドル買い・日本円売り,the US dollar (bought) the Japanese yen (sold)
,,14日,,,14,"3,618",米ドル買い・日本円売り,the US dollar (bought) the Japanese yen (sold)
,,15日,,,15,"6,466",米ドル買い・日本円売り,the US dollar (bought) the Japanese yen (sold)
,,16日,,,16,"1,726",米ドル買い・日本円売り,the US dollar (bought) the Japanese yen (sold)
,8月,29日,,Aug,29,"4,124",米ドル買い・日本円売り,the US dollar (bought) the Japanese yen (sold)
,9月,2日,,Sep,2,"2,733",米ドル買い・日本円売り,the US dollar (bought) the Japanese yen (sold)
,,4日,,,4,"7,055",米ドル買い・日本円売り,the US dollar (bought) the Japanese yen (sold)
,,5日,,,5,"3,953",米ドル買い・日本円売り,the US dollar (bought) the Japanese yen (sold)
,,8日,,,8,"2,231",米ドル買い・日本円売り,the US dollar (bought) the Japanese yen (sold)
,,9日,,,9,"2,633",米ドル買い・日本円売り,the US dollar (bought) the Japanese yen (sold)
,,10日,,,10,"5,436",米ドル買い・日本円売り,the US dollar (bought) the Japanese yen (sold)
,,11日,,,11,"4,872",米ドル買い・日本円売り,the US dollar (bought) the Japanese yen (sold)
,,12日,,,12,"10,178",米ドル買い・日本円売り,the US dollar (bought) the Japanese yen (sold)
,,15日,,,15,271,米ドル買い・日本円売り,the US dollar (bought) the Japanese yen (sold)
,,16日,,,16,"1,087",米ドル買い・日本円売り,the US dollar (bought) the Japanese yen (sold)
,,30日,,,30,"10,667",米ドル買い・日本円売り,the US dollar (bought) the Japanese yen (sold)
平成15年7～9月期計,,,July - September 2003,,,"75,512",,
平成15年,10月,1日,2003,Oct,1,"2,998",米ドル買い・日本円売り,the US dollar (bought) the Japanese yen (sold)
,,2日,,,2,"3,332",米ドル買い・日本円売り,the US dollar (bought) the Japanese yen (sold)
,,7日,,,7,"2,831",米ドル買い・日本円売り,the US dollar (bought) the Japanese yen (sold)
,,9日,,,9,"3,446",米ドル買い・日本円売り,the US dollar (bought) the Japanese yen (sold)
,,10日,,,10,549,米ドル買い・日本円売り,the US dollar (bought) the Japanese yen (sold)
,,13日,,,13,"1,404",米ドル買い・日本円売り,the US dollar (bought) the Japanese yen (sold)
,,14日,,,14,310,米ドル買い・日本円売り,the US dollar (bought) the Japanese yen (sold)
,,28日,,,28,108,米ドル買い・日本円売り,the US dollar (bought) the Japanese yen (sold)
,,29日,,,29,"1,585",米ドル買い・日本円売り,the US dollar (bought) the Japanese yen (sold)
,,30日,,,30,124,米ドル買い・日本円売り,the US dollar (bought) the Japanese yen (sold)
,11月,10日,,Nov,10,"3,665",米ドル買い・日本円売り,the US dollar (bought) the Japanese yen (sold)
,,11日,,,11,"1,425",米ドル買い・日本円売り,the US dollar (bought) the Japanese yen (sold)
,,14日,,,14,38,米ドル買い・日本円売り,the US dollar (bought) the Japanese yen (sold)
,,18日,,,18,216,米ドル買い・日本円売り,the US dollar (bought) the Japanese yen (sold)
,,19日,,,19,"9,487",米ドル買い・日本円売り,the US dollar (bought) the Japanese yen (sold)
,,20日,,,20,"1,040",米ドル買い・日本円売り,the US dollar (bought) the Japanese yen (sold)
,,21日,,,21,1,米ドル買い・日本円売り,the US dollar (bought) the Japanese yen (sold)
,12月,8日,,Dec,8,876,米ドル買い・日本円売り,the US dollar (bought) the Japanese yen (sold)
,,9日,,,9,"2,914",米ドル買い・日本円売り,the US dollar (bought) the Japanese yen (sold)
,,10日,,,10,"12,838",米ドル買い・日本円売り,the US dollar (bought) the Japanese yen (sold)
,,11日,,,11,"1,049",米ドル買い・日本円売り,the US dollar (bought) the Japanese yen (sold)
,,12日,,,12,"2,925",米ドル買い・日本円売り,the US dollar (bought) the Japanese yen (sold)
,,26日,,,26,"1,917",米ドル買い・日本円売り,the US dollar (bought) the Japanese yen (sold)
,,29日,,,29,"1,725",米ドル買い・日本円売り,the US dollar (bought) the Japanese yen (sold)
,,30日,,,30,371,米ドル買い・日本円売り,the US dollar (bought) the Japanese yen (sold)
,,31日,,,31,"1,581",米ドル買い・日本円売り,the US dollar (bought) the Japanese yen (sold)
平成15年10～12月期計,,,October - December 2003,,,"58,755",,
平成16年,1月,2日,2004,Jan,2,"3,804",米ドル買い・日本円売り,the US dollar (bought) the Japanese yen (sold)
,,5日,,,5,"8,951",米ドル買い・日本円売り,the US dollar (bought) the Japanese yen (sold)
,,6日,,,6,"8,185",米ドル買い・日本円売り,the US dollar (bought) the Japanese yen (sold)
,,7日,,,7,"5,822",米ドル買い・日本円売り,the US dollar (bought) the Japanese yen (sold)
,,8日,,,8,"7,922",米ドル買い・日本円売り,the US dollar (bought) the Japanese yen (sold)
,,9日,,,9,"16,664",米ドル買い・日本円売り,the US dollar (bought) the Japanese yen (sold)
,,12日,,,12,571,米ドル買い・日本円売り,the US dollar (bought) the Japanese yen (sold)
,,13日,,,13,"1,882",米ドル買い・日本円売り,the US dollar (bought) the Japanese yen (sold)
,,14日,,,14,"2,071",米ドル買い・日本円売り,the US dollar (bought) the Japanese yen (sold)
,,15日,,,15,"1,623",米ドル買い・日本円売り,the US dollar (bought) the Japanese yen (sold)
,,16日,,,16,"4,386",米ドル買い・日本円売り,the US dollar (bought) the Japanese yen (sold)
,,22日,,,22,243,米ドル買い・日本円売り,the US dollar (bought) the Japanese yen (sold)
,,23日,,,23,"1,575",米ドル買い・日本円売り,the US dollar (bought) the Japanese yen (sold)
,,26日,,,26,21,米ドル買い・日本円売り,the US dollar (bought) the Japanese yen (sold)
,,27日,,,27,"1,881",米ドル買い・日本円売り,the US dollar (bought) the Japanese yen (sold)
,,28日,,,28,"2,264",米ドル買い・日本円売り,the US dollar (bought) the Japanese yen (sold)
,,29日,,,29,112,米ドル買い・日本円売り,the US dollar (bought) the Japanese yen (sold)
,,30日,,,30,238,米ドル買い・日本円売り,the US dollar (bought) the Japanese yen (sold)
,2月,2日,,Feb,2,"2,512",米ドル買い・日本円売り,the US dollar (bought) the Japanese yen (sold)
,,3日,,,3,"8,893",米ドル買い・日本円売り,the US dollar (bought) the Japanese yen (sold)
,,4日,,,4,884,米ドル買い・日本円売り,the US dollar (bought) the Japanese yen (sold)
,,6日,,,6,"1,090",米ドル買い・日本円売り,the US dollar (bought) the Japanese yen (sold)
,,9日,,,9,30,米ドル買い・日本円売り,the US dollar (bought) the Japanese yen (sold)
,,10日,,,10,"1,160",米ドル買い・日本円売り,the US dollar (bought) the Japanese yen (sold)
,,11日,,,11,"4,021",米ドル買い・日本円売り,the US dollar (bought) the Japanese yen (sold)
,,12日,,,12,"1,336",米ドル買い・日本円売り,the US dollar (bought) the Japanese yen (sold)
,,13日,,,13,"3,863",米ドル買い・日本円売り,the US dollar (bought) the Japanese yen (sold)
,,16日,,,16,842,米ドル買い・日本円売り,the US dollar (bought) the Japanese yen (sold)
,,17日,,,17,"1,584",米ドル買い・日本円売り,the US dollar (bought) the Japanese yen (sold)
,,18日,,,18,"2,410",米ドル買い・日本円売り,the US dollar (bought) the Japanese yen (sold)
,,19日,,,19,"1,000",米ドル買い・日本円売り,the US dollar (bought) the Japanese yen (sold)
,,20日,,,20,107,米ドル買い・日本円売り,the US dollar (bought) the Japanese yen (sold)
,,23日,,,23,"1,181",米ドル買い・日本円売り,the US dollar (bought) the Japanese yen (sold)
,,24日,,,24,"1,211",米ドル買い・日本円売り,the US dollar (bought) the Japanese yen (sold)
,,25日,,,25,947,米ドル買い・日本円売り,the US dollar (bought) the Japanese yen (sold)
,,27日,,,27,"1,695",米ドル買い・日本円売り,the US dollar (bought) the Japanese yen (sold)
,3月,1日,,Mar,1,"1,493",米ドル買い・日本円売り,the US dollar (bought) the Japanese yen (sold)
,,2日,,,2,"4,219",米ドル買い・日本円売り,the US dollar (bought) the Japanese yen (sold)
,,3日,,,3,799,米ドル買い・日本円売り,the US dollar (bought) the Japanese yen (sold)
,,4日,,,4,"1,974",米ドル買い・日本円売り,the US dollar (bought) the Japanese yen (sold)
,,5日,,,5,"12,446",米ドル買い・日本円売り,the US dollar (bought) the Japanese yen (sold)
,,8日,,,8,"8,090",米ドル買い・日本円売り,the US dollar (bought) the Japanese yen (sold)
,,9日,,,9,"7,236",米ドル買い・日本円売り,the US dollar (bought) the Japanese yen (sold)
,,10日,,,10,693,米ドル買い・日本円売り,the US dollar (bought) the Japanese yen (sold)
,,11日,,,11,"3,629",米ドル買い・日本円売り,the US dollar (bought) the Japanese yen (sold)
,,15日,,,15,"4,075",米ドル買い・日本円売り,the US dollar (bought) the Japanese yen (sold)
,,16日,,,16,678,米ドル買い・日本円売り,the US dollar (bought) the Japanese yen (sold)
平成16年1～3月期計,,,January - March 2004,,,"148,314",,
平成16年4～6月期計,,,April - June 2004,,,0,,
平成16年7～9月期計,,,July - September 2004,,,0,,
平成16年10～12月期計,,,October - December 2004,,,0,,
平成17年1～3月期計,,,January - March 2005,,,0,,
平成17年4～6月期計,,,April - June 2005,,,0,,
平成17年7～9月期計,,,July - September 2005,,,0,,
平成17年10～12月期計,,,October - December 2005,,,0,,
平成18年1～3月期計,,,January - March 2006,,,0,,
平成18年4～6月期計,,,April - June 2006,,,0,,
平成18年7～9月期計,,,July - September 2006,,,0,,
平成18年10～12月期計,,,October - December 2006,,,0,,
平成19年1～3月期計,,,January - March 2007,,,0,,
平成19年4～6月期計,,,April - June 2007,,,0,,
平成19年7～9月期計,,,July - September 2007,,,0,,
平成19年10～12月期計,,,October - December 2007,,,0,,
平成20年1～3月期計,,,January - March 2008,,,0,,
平成20年4～6月期計,,,April - June 2008,,,0,,
平成20年7～9月期計,,,July - September 2008,,,0,,
平成20年10～12月期計,,,October - December 2008,,,0,,
平成21年1～3月期計,,,January - March 2009,,,0,,
平成21年4～6月期計,,,April - June 2009,,,0,,
平成21年7～9月期計,,,July - September 2009,,,0,,
平成21年10～12月期計,,,October - December 2009,,,0,,
平成22年1～3月期計,,,January - March 2010,,,0,,
平成22年4～6月期計,,,April - June 2010,,,0,,
平成22年,9月,15日,2010,Sep,15,"21,249",米ドル買い・日本円売り,the US dollar (bought) the Japanese yen (sold)
平成22年7～9月期計,,,July - September 2010,,,"21,249",,
平成22年10～12月期計,,,October - December 2010,,,0,,
平成23年,3月,18日,2011,Mar,18,"6,925",米ドル買い・日本円売り,the US dollar (bought) the Japanese yen (sold)
平成23年1～3月期計,,,January - March 2011,,,"6,925",,
平成23年4～6月期計,,,April - June 2011,,,0,,
平成23年,8月,4日,2011,Aug,4,"45,129",米ドル買い・日本円売り,the US dollar (bought) the Japanese yen (sold)
平成23年7～9月期計,,,July - September 2011,,,"45,129",,
平成23年,10月,31日,2011,Oct,31,"80,722",米ドル買い・日本円売り,the US dollar (bought) the Japanese yen (sold)
,11月,1日,,Nov,1,"2,826",米ドル買い・日本円売り,the US dollar (bought) the Japanese yen (sold)
,,2日,,,2,"2,279",米ドル買い・日本円売り,the US dollar (bought) the Japanese yen (sold)
,,3日,,,3,"2,028",米ドル買い・日本円売り,the US dollar (bought) the Japanese yen (sold)
,,4日,,,4,"3,062",米ドル買い・日本円売り,the US dollar (bought) the Japanese yen (sold)
平成23年10～12月期計,,,October - December 2011,,,"90,916",,
平成24年1～3月期計,,,January - March 2012,,,0,,
平成24年4～6月期計,,,April - June 2012,,,0,,
平成24年7～9月期計,,,July - September 2012,,,0,,
平成24年10～12月期計,,,October - December 2012,,,0,,
平成25年1～3月期計,,,January - March 2013,,,0,,
平成25年4～6月期計,,,April - June 2013,,,0,,
平成25年7～9月期計,,,July - September 2013,,,0,,
平成25年10～12月期計,,,October - December 2013,,,0,,
平成26年1～3月期計,,,January - March 2014,,,0,,
平成26年4～6月期計,,,April - June 2014,,,0,,
平成26年7～9月期計,,,July - September 2014,,,0,,
平成26年10～12月期計,,,October - December 2014,,,0,,
平成27年1～3月期計,,,January - March 2015,,,0,,
平成27年4～6月期計,,,April - June 2015,,,0,,
平成27年7～9月期計,,,July - September 2015,,,0,,
平成27年10～12月期計,,,October - December 2015,,,0,,
平成28年1～3月期計,,,January - March 2016,,,0,,
平成28年4～6月期計,,,April - June 2016,,,0,,
平成28年7～9月期計,,,July - September 2016,,,0,,
平成28年10～12月期計,,,October - December 2016,,,0,,
平成29年1～3月期計,,,January - March 2017,,,0,,
平成29年4～6月期計,,,April - June 2017,,,0,,
平成29年7～9月期計,,,July - September 2017,,,0,,
平成29年10～12月期計,,,October - December 2017,,,0,,
平成30年1～3月期計,,,January - March 2018,,,0,,
平成30年4～6月期計,,,April - June 2018,,,0,,
平成30年7～9月期計,,,July - September 2018,,,0,,
平成30年10～12月期計,,,October - December 2018,,,0,,
平成31年1～3月期計,,,January - March 2019,,,0,,
平成31年4月～令和元年6月期計,,,April - June 2019,,,0,,
令和元年7月～9月期計,,,July - September 2019,,,0,,
令和元年10月～12月期計,,,October - December 2019,,,0,,
令和2年1月～3月期計,,,January - March 2020,,,0,,
令和2年4月～6月期計,,,April - June 2020,,,0,,
令和2年7月～9月期計,,,July - September 2020,,,0,,
令和2年10月～12月期計,,,October - December 2020,,,0,,
令和3年1月～3月期計,,,January - March 2021,,,0,,
令和3年4月～6月期計,,,April - June 2021,,,0,,
令和3年7月～9月期計,,,July - September 2021,,,0,,
令和3年10月～12月期計,,,October - December 2021,,,0,,
令和4年1月～3月期計,,,January - March 2022,,,0,,
令和4年4月～6月期計,,,April - June 2022,,,0,,
令和4年,9月,22日,2022,Sep,22,"28,382",米ドル売り・日本円買い,the US dollar (sold) the Japanese yen (bought)
令和4年7月～9月期計,,,July - September 2022,,,"28,382",,
令和4年,10月,21日,2022,Oct,21,"56,202",米ドル売り・日本円買い,the US dollar (sold) the Japanese yen (bought)
,,24日,,,24,"7,296",米ドル売り・日本円買い,the US dollar (sold) the Japanese yen (bought)
令和4年10月～12月期計,,,October - December 2022,,,"63,499",,
令和5年1月～3月期計,,,January - March 2023,,,0,,
令和5年4月～6月期計,,,April - June 2023,,,0,,
令和5年7月～9月期計,,,July - September 2023,,,0,,
令和5年10月～12月期計,,,October - December 2023,,,0,,
令和6年1月～3月期計,,,January - March 2024,,,0,,
令和6年,4月,29日,2024,Apr,29,"59,185",米ドル売り・日本円買い,the US dollar (sold) the Japanese yen (bought)
,5月,1日,,May,1,"38,700",米ドル売り・日本円買い,the US dollar (sold) the Japanese yen (bought)
令和6年4月～6月期計,,,April - June 2024,,,"97,885",,
令和6年,7月,11日,2024,Jul,11,"31,678",米ドル売り・日本円買い,the US dollar (sold) the Japanese yen (bought)
,7月,12日,,Jul,12,"23,670",米ドル売り・日本円買い,the US dollar (sold) the Japanese yen (bought)
令和6年7月～9月期計,,,July - September 2024,,,"55,348",,
令和6年10月～12月期計,,,October - December 2024,,,0,,
令和7年1月～3月期計,,,January - March 2025,,,0,,
令和7年4月～6月期計,,,April - June 2025,,,0,,
令和7年7月～9月期計,,,July - September 2025,,,0,,
令和7年10月～12月期計,,,October - December 2025,,,0,,
令和8年1月～3月期計,,,January - March 2026,,,0,,
令和8年,4月,30日,2026,Apr,30,"62,787",米ドル売り・日本円買い,the US dollar (sold) the Japanese yen (bought)
,5月,4日,,May,4,"7,802",米ドル売り・日本円買い,the US dollar (sold) the Japanese yen (bought)
,5月,6日,,May,6,"46,759",米ドル売り・日本円買い,the US dollar (sold) the Japanese yen (bought)
令和8年4月～6月期計,,,April - June 2026,,,"117,349",,
,,,,,,,,
(注1) 日本円を対価としない外国為替平衡操作の場合、実施日（東京市場が休場の場合は前営業日）の日本銀行発表の円の対ドル中心相場を用いて円換算した。,,,,,,,,
,,,,,,,,
"(note1)  In case that the Japanese yen is not the intervention currency, the yen amount is calculated based on the central rate (or the most traded rate) of the dollar/yen transactions of the day of concerned, which is published by Bank of Japan (the central rate of the previous business day is used in case that the intervention concerned was conducted when Tokyo foreign exchange market is closed).",,,,,,,,
,,,,,,,,
(注2)各日の数値については、四捨五入しているため、合計が総額の値と一致しないことがある。,,,,,,,,
,,,,,,,,
"(note2) As the figures in each days are rounded off, they do not necessarily add up to the total.",,,,,,,,
