date,open,high,low,close
2025-06-16,1785.62,1798.69,1775.03,1782.29
2025-06-17,1781.03,1794.3,1774.74,1791.62
2025-06-18,1789.95,1792.52,1784.93,1784.93
2025-06-19,1783.75,1789.46,1780.55,1788.19
2025-06-20,1785.69,1787.74,1780.34,1786.11
2025-06-23,1784.09,1799.15,1783.53,1794.9
2025-06-24,1800.66,1801.16,1793.67,1796.65
2025-06-25,1799.69,1800.87,1795.56,1795.56
2025-06-26,1796.34,1799.43,1781.49,1797.29
2025-06-27,1790.97,1794.59,1786.06,1790.68
2025-06-30,1787.67,1793.08,1778.17,1778.87
2025-07-01,1775.6,1781.23,1773.52,1778.7
2025-07-02,1777.01,1789.35,1776.01,1785.35
2025-07-03,1787.45,1790.96,1783.61,1787.03
2025-07-04,1790.07,1791.17,1783.75,1786.17
2025-07-07,1791.21,1804.76,1789.95,1804.76
2025-07-08,1803.2,1804.3,1787.78,1787.78
2025-07-09,1789.01,1792.09,1781.32,1781.32
2025-07-10,1780.71,1789.79,1779.48,1789.13
2025-07-11,1793.03,1800.49,1792.4,1796.67
2025-07-14,1801.22,1810.01,1796.2,1810.01
2025-07-15,1808.97,1813.03,1800.0,1807.68
2025-07-16,1808.58,1818.54,1808.58,1814.93
2025-07-17,1814.29,1823.13,1811.21,1820.12
2025-07-18,1817.24,1819.88,1812.72,1812.72
2025-07-22,1816.92,1821.21,1804.52,1818.32
2025-07-23,1822.16,1826.17,1818.0,1818.0
2025-07-24,1823.4,1830.55,1820.12,1820.92
2025-07-25,1823.18,1831.5,1820.64,1827.05
2025-07-28,1830.11,1850.08,1827.08,1834.72
2025-07-29,1835.86,1846.59,1832.21,1846.59
2025-07-30,1843.27,1865.76,1843.27,1858.92
2025-07-31,1858.22,1862.77,1855.22,1859.19
2025-08-01,1859.67,1868.39,1852.67,1867.19
2025-08-04,1860.53,1871.88,1860.53,1871.35
2025-08-05,1874.14,1881.65,1872.95,1880.57
2025-08-06,1880.39,1899.33,1879.58,1895.78
2025-08-07,1902.59,1906.4,1894.15,1899.39
2025-08-08,1899.45,1901.5,1889.2,1896.58
2025-08-12,1902.01,1909.85,1894.68,1907.56
2025-08-13,1909.34,1910.41,1895.1,1896.8
2025-08-14,1894.65,1900.83,1888.49,1893.59
2025-08-15,1894.81,1898.98,1887.87,1898.15
2025-08-18,1896.76,1909.57,1896.35,1906.2
2025-08-19,1906.1,1926.1,1906.1,1926.01
2025-08-20,1926.66,1940.16,1923.85,1934.38
2025-08-21,1937.39,1938.05,1926.01,1926.01
2025-08-22,1927.3,1930.25,1921.94,1923.62
2025-08-25,1929.88,1930.12,1922.68,1929.62
2025-08-26,1929.32,1932.2,1914.73,1917.47
2025-08-27,1921.14,1943.27,1920.97,1941.95
2025-08-28,1928.14,1931.12,1916.68,1924.23
2025-08-29,1924.38,1926.76,1917.89,1917.89
2025-09-01,1919.54,1936.1,1918.24,1932.32
2025-09-02,1930.01,1932.33,1922.37,1926.22
2025-09-03,1925.04,1925.04,1898.0,1905.16
2025-09-04,1901.76,1901.76,1883.33,1895.94
2025-09-05,1894.28,1895.34,1880.31,1889.66
2025-09-08,1893.53,1906.18,1892.91,1896.12
2025-09-09,1899.96,1907.6,1895.19,1906.0
2025-09-10,1898.62,1907.35,1896.1,1907.35
2025-09-11,1906.03,1918.26,1904.68,1915.0
2025-09-12,1917.52,1938.06,1916.52,1938.06
2025-09-16,1938.19,1950.97,1930.67,1950.97
2025-09-17,1945.5,1951.52,1932.69,1942.47
2025-09-18,1941.6,1944.69,1934.71,1937.66
2025-09-19,1940.66,1949.54,1922.09,1931.81
2025-09-22,1932.86,1940.3,1927.24,1930.36
2025-09-24,1933.09,1933.14,1922.76,1929.43
2025-09-25,1929.73,1938.38,1926.07,1933.74
2025-09-26,1940.58,1946.77,1936.32,1946.77
2025-09-29,1941.62,1941.62,1908.41,1908.41
2025-09-30,1915.49,1926.61,1908.22,1921.07
2025-10-01,1923.99,1923.99,1897.38,1912.15
2025-10-02,1913.95,1927.08,1898.01,1911.89
2025-10-03,1910.8,1912.31,1901.25,1908.49
2025-10-06,1921.06,1944.52,1921.06,1943.65
2025-10-07,1941.29,1941.4,1926.8,1932.35
2025-10-08,1936.16,1936.59,1923.21,1923.21
2025-10-09,1922.91,1927.5,1914.93,1927.5
2025-10-10,1922.68,1925.8,1916.23,1919.85
2025-10-14,1907.86,1922.0,1900.52,1921.23
2025-10-15,1918.72,1930.02,1918.72,1926.19
2025-10-16,1928.11,1940.35,1926.38,1940.28
2025-10-17,1937.67,1943.63,1933.25,1943.63
2025-10-20,1948.81,1951.54,1935.81,1947.85
2025-10-21,1950.78,1953.1,1944.01,1950.03
2025-10-22,1952.02,1966.02,1951.59,1966.02
2025-10-23,1960.47,1978.38,1954.78,1978.38
2025-10-24,1978.91,1981.82,1966.23,1966.82
2025-10-27,1972.22,1983.95,1970.78,1983.95
2025-10-28,1980.58,1980.58,1966.57,1970.01
2025-10-29,1971.13,1972.29,1953.47,1961.14
2025-10-30,1953.22,1970.66,1944.88,1966.57
2025-10-31,1967.52,1978.01,1962.44,1962.44
2025-11-04,1965.8,1978.22,1961.78,1977.53
2025-11-05,1969.44,1991.87,1958.28,1991.87
2025-11-06,1989.57,1990.74,1979.75,1989.13
2025-11-07,1986.96,1994.36,1982.59,1986.17
2025-11-10,1994.36,2002.52,1989.17,1989.54
2025-11-11,1994.85,2016.37,1993.2,2016.37
2025-11-12,2012.77,2023.59,2008.11,2008.11
2025-11-13,2011.03,2011.08,2001.49,2008.16
2025-11-14,2008.11,2019.94,2007.8,2012.23
2025-11-17,2009.51,2021.01,2002.33,2021.01
2025-11-18,2017.2,2020.98,1986.9,1986.9
2025-11-19,1987.72,1991.89,1979.57,1983.44
2025-11-20,1995.76,2005.05,1989.16,1991.14
2025-11-21,1992.41,2011.3,1992.41,2011.3
2025-11-25,2015.12,2027.9,2006.45,2022.99
2025-11-26,2026.69,2034.75,2021.88,2034.75
2025-11-27,2030.78,2047.4,2029.88,2045.08
2025-11-28,2041.43,2043.5,2022.59,2023.8
2025-12-01,2023.3,2023.83,1995.68,1995.68
2025-12-02,1994.44,2006.18,1988.89,1998.79
2025-12-03,1991.31,1993.76,1980.5,1986.95
2025-12-04,1987.21,1989.14,1971.5,1973.22
2025-12-05,1971.95,1974.67,1962.18,1962.18
2025-12-08,1966.91,1969.64,1948.36,1960.14
2025-12-09,1952.57,1964.17,1944.6,1962.33
2025-12-10,1963.17,1977.93,1959.14,1969.71
2025-12-11,1975.46,1977.99,1949.35,1963.01
2025-12-12,1961.57,1990.59,1961.57,1987.11
2025-12-15,1984.39,1994.62,1984.39,1988.09
2025-12-16,1992.88,2003.42,1991.33,1994.87
2025-12-17,1995.39,1999.23,1989.12,1997.06
2025-12-18,1998.91,2012.45,1998.91,2004.23
2025-12-19,2006.64,2020.41,2005.31,2015.1
2025-12-22,2018.91,2025.07,1998.63,1998.63
2025-12-23,2005.39,2013.78,2000.49,2013.78
2025-12-24,2013.63,2021.47,2010.17,2017.68
2025-12-25,2026.02,2030.75,2021.22,2030.27
2025-12-26,2029.78,2035.14,2012.88,2026.66
2025-12-29,2019.41,2021.77,2013.15,2021.77
2025-12-30,2027.5,2032.74,2013.5,2013.5
2026-01-05,2025.69,2030.21,2003.79,2016.35
2026-01-06,2017.91,2029.82,2014.72,2029.82
2026-01-07,2022.42,2039.49,2017.18,2037.57
2026-01-08,2038.05,2042.76,2028.95,2039.37
2026-01-09,2045.39,2049.15,2033.28,2038.58
2026-01-13,2044.1,2044.1,2025.7,2041.69
2026-01-14,2040.64,2048.01,2036.82,2045.57
2026-01-15,2048.6,2057.09,2043.11,2057.09
2026-01-16,2058.23,2068.86,2057.33,2067.93
2026-01-19,2078.2,2078.2,2048.17,2050.34
2026-01-20,2055.08,2060.19,2038.29,2038.29
2026-01-21,2035.45,2035.45,1997.44,2001.51
2026-01-22,2008.12,2018.78,2000.49,2000.49
2026-01-23,2011.44,2013.38,1997.85,2003.23
2026-01-26,1990.82,1992.45,1981.14,1988.07
2026-01-27,1982.29,1982.29,1968.9,1978.97
2026-01-28,1971.59,1984.83,1970.05,1984.83
2026-01-29,1957.86,2003.21,1954.28,2003.21
2026-01-30,1997.61,1997.61,1978.31,1978.31
2026-02-02,1991.77,1995.36,1975.56,1976.01
2026-02-03,1979.0,2001.8,1978.55,1995.11
2026-02-04,1996.29,2012.54,1984.82,2007.29
2026-02-05,2014.88,2015.35,2004.58,2009.47
2026-02-06,2010.92,2010.92,1992.29,1994.83
2026-02-09,2004.3,2011.7,1992.66,1999.51
2026-02-10,2004.23,2008.86,1997.93,2007.09
2026-02-12,1994.54,2002.88,1993.85,2000.15
2026-02-13,1999.57,2000.82,1975.73,1980.04
2026-02-16,1985.06,2004.62,1977.05,2004.62
2026-02-17,2000.05,2000.05,1980.37,1989.45
2026-02-18,1986.63,2010.65,1985.38,2008.39
2026-02-19,2005.44,2005.44,1988.33,1995.43
2026-02-20,1996.5,2005.08,1995.94,2001.34
2026-02-24,2010.16,2024.46,2002.17,2019.53
2026-02-25,2021.97,2035.9,2018.18,2035.9
2026-02-26,2019.8,2034.76,2015.54,2029.44
2026-02-27,2029.13,2029.13,1999.33,1999.33
2026-03-02,1992.13,2011.53,1986.82,2010.38
2026-03-03,1989.76,1990.28,1978.37,1978.37
2026-03-04,1965.98,1967.11,1948.63,1951.36
2026-03-05,1975.0,1993.4,1975.0,1981.2
2026-03-06,1971.5,1977.98,1960.98,1963.63
2026-03-09,1937.31,1960.41,1932.1,1952.2
2026-03-10,1955.41,1964.84,1951.34,1955.88
2026-03-11,1958.63,1981.8,1952.47,1973.76
2026-03-12,1963.04,1965.32,1955.02,1960.21
2026-03-13,1954.3,1972.28,1948.78,1951.23
2026-03-16,1946.67,1972.65,1943.23,1966.0
2026-03-17,1974.09,1980.67,1969.54,1978.41
2026-03-18,1978.22,1986.74,1975.23,1986.74
2026-03-19,1975.78,1978.31,1954.38,1954.38
2026-03-23,1928.0,1929.49,1904.71,1914.26
2026-03-24,1929.34,1938.17,1912.16,1912.16
2026-03-25,1929.23,1935.74,1923.63,1928.74
2026-03-26,1923.42,1925.36,1905.25,1913.79
2026-03-27,1913.46,1917.48,1901.99,1909.21
2026-03-30,1876.24,1881.17,1861.04,1861.04
2026-03-31,1861.13,1866.42,1848.45,1848.45
2026-04-01,1870.47,1892.68,1869.52,1892.68
2026-04-02,1896.4,1914.75,1872.08,1874.32
2026-04-03,1876.7,1896.34,1874.95,1894.4
2026-04-06,1891.8,1907.02,1891.8,1900.54
2026-04-07,1904.16,1918.15,1897.79,1898.22
2026-04-08,1918.81,1937.8,1910.65,1937.8
2026-04-09,1929.43,1939.87,1909.96,1914.14
2026-04-10,1911.67,1915.74,1905.85,1915.74
2026-04-13,1905.01,1917.22,1903.48,1913.65
2026-04-14,1923.46,1937.12,1923.46,1935.1
2026-04-15,1942.02,1944.69,1931.39,1931.39
2026-04-16,1937.34,1942.27,1924.34,1942.27
2026-04-17,1937.17,1940.86,1924.18,1927.36
2026-04-20,1932.66,1935.84,1925.56,1926.47
2026-04-21,1930.56,1930.87,1914.66,1916.76
2026-04-22,1914.33,1914.33,1898.34,1898.34
2026-04-23,1895.46,1907.94,1889.25,1901.57
2026-04-24,1905.36,1907.54,1897.29,1901.62
2026-04-27,1902.28,1908.38,1897.94,1903.01
2026-04-28,1898.83,1898.83,1877.46,1878.53
2026-04-30,1874.46,1880.34,1871.46,1880.28
2026-05-01,1877.06,1883.56,1869.45,1874.56
2026-05-07,1886.45,1891.31,1869.79,1879.32
2026-05-08,1877.52,1878.63,1856.84,1858.25
2026-05-11,1861.87,1867.39,1853.99,1857.35
2026-05-12,1861.13,1861.84,1841.51,1845.48
2026-05-13,1843.93,1843.93,1831.0,1833.86
2026-05-14,1835.33,1839.06,1825.63,1832.99
2026-05-15,1831.15,1844.75,1829.71,1838.71
2026-05-18,1834.16,1834.16,1802.53,1814.2
2026-05-19,1814.41,1828.56,1812.51,1828.56
2026-05-20,1833.41,1833.61,1801.36,1806.45
2026-05-21,1815.01,1818.51,1806.08,1816.68
2026-05-22,1811.56,1811.75,1798.6,1801.98
2026-05-25,1799.02,1807.12,1797.62,1799.66
2026-05-26,1793.71,1803.85,1791.35,1797.03
2026-05-27,1804.96,1810.08,1797.62,1810.08
2026-05-28,1787.8,1798.66,1784.35,1798.28
2026-05-29,1803.66,1823.24,1794.45,1809.65
2026-06-01,1809.9,1809.9,1780.12,1782.05
2026-06-02,1769.18,1769.24,1751.58,1763.34
2026-06-03,1764.58,1782.93,1764.58,1775.86
2026-06-04,1770.54,1770.64,1749.92,1752.02
2026-06-05,1758.19,1766.9,1746.6,1751.79
2026-06-08,1740.49,1766.34,1740.49,1766.34
2026-06-09,1769.65,1769.65,1748.72,1760.27
2026-06-10,1763.71,1782.38,1757.42,1782.38
2026-06-11,1774.62,1795.73,1772.93,1779.59
2026-06-12,1781.15,1805.64,1778.75,1795.78
2026-06-15,1805.37,1816.87,1797.43,1808.9
2026-06-16,1795.4,1795.4,1768.79,1777.13
2026-06-17,1777.17,1779.35,1765.29,1771.64
2026-06-18,1766.19,1774.06,1757.8,1767.54
2026-06-19,1764.85,1774.92,1763.94,1774.92
2026-06-22,1765.05,1772.53,1760.66,1766.37
2026-06-23,1771.21,1779.21,1765.64,1773.49
2026-06-24,1775.74,1786.68,1774.89,1786.66
2026-06-25,1791.21,1807.58,1782.22,1798.74
2026-06-26,1804.03,1825.98,1797.37,1824.6
2026-06-29,1819.76,1821.27,1809.97,1812.1
2026-06-30,1815.58,1823.79,1805.16,1805.16
2026-07-01,1804.58,1805.99,1785.67,1785.67
2026-07-02,1799.13,1810.75,1793.13,1803.29
2026-07-03,1810.47,1837.62,1810.47,1829.63
2026-07-06,1828.32,1856.43,1828.32,1840.15
2026-07-07,1846.62,1852.49,1836.72,1836.72
2026-07-08,1832.3,1836.76,1824.22,1828.81
2026-07-09,1825.76,1832.26,1824.7,1827.97
2026-07-10,1825.59,1828.75,1820.87,1820.87
2026-07-13,1825.11,1830.72,1821.17,1822.6
2026-07-14,1824.69,1843.75,1824.68,1841.41
2026-07-15,1846.86,1855.44,1845.27,1846.96
2026-07-16,1844.69,1852.79,1823.54,1827.43
2026-07-17,1833.21,1857.27,1832.91,1838.29
2026-07-21,1861.48,1874.15,1859.4,1867.64
2026-07-22,1865.18,1868.31,1857.36,1865.27
2026-07-23,1861.98,1870.06,1849.84,1851.72
2026-07-24,1848.16,1861.72,1845.59,1860.41
2026-07-27,1866.2,1885.99,1866.2,1885.85
2026-07-28,1885.17,1898.06,1876.32,1883.67
2026-07-29,1891.35,1912.57,1885.82,1912.57
2026-07-30,1884.94,1891.55,1866.96,1891.55
2026-07-31,1885.13,1885.13,1851.77,1851.77
2026-08-03,1850.36,1851.21,1818.71,1818.71
2026-08-04,1820.92,1822.39,1803.71,1803.71
2026-08-05,1807.83,1810.83,1793.24,1806.86
2026-08-06,1801.93,1810.13,1797.23,1808.6
2026-08-07,1808.55,1820.22,1798.16,1804.22
2026-08-10,1804.83,1806.04,1791.69,1803.1
2026-08-12,1807.16,1814.48,1800.72,1814.48
2026-08-13,1816.28,1822.99,1803.78,1803.78
2026-08-14,1806.08,1810.44,1798.09,1804.29
2026-08-17,1814.85,1820.17,1807.3,1810.78
2026-08-18,1807.83,1807.83,1791.74,1800.57
2026-08-19,1795.43,1802.33,1791.36,1794.27
2026-08-20,1808.49,1813.33,1800.29,1813.3
2026-08-21,1808.47,1808.75,1794.57,1799.69
2026-08-24,1806.97,1815.68,1801.56,1814.73
2026-08-25,1814.46,1820.16,1810.37,1810.37
2026-08-26,1815.11,1825.25,1815.11,1819.66
2026-08-27,1819.62,1830.9,1817.31,1821.76
2026-08-28,1798.19,1802.14,1786.86,1787.58
2026-08-31,1787.7,1795.57,1782.62,1783.49
2026-09-01,1781.68,1794.6,1781.68,1794.6
2026-09-02,1779.28,1789.49,1777.74,1779.88
2026-09-03,1784.97,1789.42,1773.07,1773.07
