draw,mean_net_bps,sharpe,n
0,-4.044109285793735,-6.460504104070245,64495
1,-3.4889202597261395,-5.595392652984307,64495
2,-3.7771976387920048,-5.792095933841458,64495
3,-3.70600047336733,-6.01025984253795,64495
4,-3.914899143417531,-6.128738469722367,64495
5,-3.6775434374949216,-6.13875874669646,64495
6,-3.9354338934015742,-6.323494828465073,64495
7,-3.75234879153291,-6.1583354782091035,64495
8,-3.817036578294546,-5.972716625507244,64495
9,-3.8323892023510546,-6.231783954811851,64495
10,-3.6788290194214954,-5.8494378177915225,64495
11,-3.825524955675572,-5.990829280897543,64495
12,-3.736971093545396,-5.776654690142356,64495
13,-3.985883077882099,-6.229380835496622,64495
14,-3.3665117913700326,-5.443929030248912,64495
15,-4.19654452862867,-6.738488490533084,64495
16,-4.093862424537971,-6.550829913689041,64495
17,-3.9144352177925734,-6.349387623849248,64495
18,-4.003748121010781,-6.577658345092431,64495
19,-3.7465405942557153,-5.911539974724586,64495
20,-3.8486602483924126,-5.963552651070906,64495
21,-4.221604161751086,-6.427994278320957,64495
22,-3.821286751460346,-6.031934094417558,64495
23,-3.9080509291986383,-5.716682791873514,64495
24,-3.535238229169477,-5.364779778873102,64495
25,-3.5850810216641475,-5.774592339842942,64495
26,-4.173947716407741,-6.639028861953414,64495
27,-4.1539171050038854,-6.361692110469088,64495
28,-3.8815640184348674,-6.095895022302694,64495
29,-3.864494315239198,-6.051622651740405,64495
30,-3.9240731969479636,-5.928651539243056,64495
31,-3.424241946595879,-5.23314679116927,64495
32,-3.981233505472628,-6.637792225848907,64495
33,-3.836695118904501,-6.044560751764838,64495
34,-3.3016821864158428,-5.575384733443605,64495
35,-3.7124921456950184,-6.186803833835668,64495
36,-4.247012282732997,-6.581069954640142,64495
37,-4.015005393091228,-6.391221727626477,64495
38,-3.644498285250545,-6.095605853603648,64495
39,-3.605327713795283,-5.883760452461647,64495
40,-3.7318371641440296,-5.899206336957104,64495
41,-3.616087565842581,-6.186417697594867,64495
42,-3.8590492602391717,-6.073120459914856,64495
43,-3.9509568665145287,-6.485341083821726,64495
44,-3.6772470602317533,-6.0037555390793935,64495
45,-3.939548486592427,-6.210428650772929,64495
46,-3.3100737053002396,-5.150111184698049,64495
47,-4.140261304048084,-6.383341694330911,64495
48,-3.8061750286609417,-5.965514113066928,64495
49,-3.944529996251037,-6.340490451116999,64495
50,-4.0717509423918665,-6.6193556674839185,64495
51,-3.604629840420722,-5.878631684466029,64495
52,-4.0114100899830305,-6.388725235545668,64495
53,-3.8056775062294967,-6.07115676655609,64495
54,-3.9485982815809897,-6.265570549123293,64495
55,-3.811307899911289,-5.666519737504041,64495
56,-3.895142290567003,-6.316357468753892,64495
57,-3.5815655547132494,-5.920523719582603,64495
58,-3.61364803590318,-5.817739745313404,64495
59,-3.9974360516672576,-6.566397779332899,64495
60,-3.7047359133100266,-5.919890086221296,64495
61,-4.396827705340023,-6.527573873727985,64495
62,-3.64433798352572,-5.662915126371259,64495
63,-4.222317340249548,-6.626588099157083,64495
64,-4.2893230495553745,-6.503725330611739,64495
65,-3.3930959707694304,-5.733693270206169,64495
66,-3.8197441408429835,-6.031623269962144,64495
67,-3.8278679064280636,-6.1619932619360025,64495
68,-3.6088729831734185,-5.713178163781932,64495
69,-3.301312325592552,-5.514113236084005,64495
70,-3.572420213670673,-5.434683673671607,64495
71,-3.848097705427378,-6.344120791682155,64495
72,-3.9184731198064346,-6.057355698771348,64495
73,-4.135694717079931,-6.5124011861325215,64495
74,-4.0038294194548785,-6.437586081347364,64495
75,-3.9984723491499685,-6.231161562999251,64495
76,-3.775683224504839,-5.684076387956985,64495
77,-4.527855943010047,-6.871920176032636,64495
78,-3.6740072339978096,-5.610972920340338,64495
79,-3.9730667659034498,-6.329412065396673,64495
80,-4.037793671958149,-6.209020664989038,64495
81,-3.5917374062615743,-6.043960636211757,64495
82,-4.1041829552615114,-6.3300419449554,64495
83,-3.5764010337959173,-5.695740798216169,64495
84,-4.132295236116526,-6.513060848986375,64495
85,-4.207938117767475,-6.7629018508075465,64495
86,-4.203050975923636,-6.659098225682857,64495
87,-3.8415236034326314,-6.061900999637665,64495
88,-3.975465027237972,-6.226734917397664,64495
89,-3.8611665742774037,-6.133215210427888,64495
90,-3.7164105836170123,-5.964880551223336,64495
91,-3.987431303842155,-6.574219856164497,64495
92,-3.8283385521263034,-5.887666514838,64495
93,-3.596680455102835,-5.839286327868794,64495
94,-4.034403797884169,-6.2112758856028965,64495
95,-3.746283552888064,-5.779609580072977,64495
96,-3.581966135309603,-5.379725862621262,64495
97,-3.825414469837561,-6.007835959028235,64495
98,-3.5863994335590084,-6.0122726250676966,64495
99,-3.9297263141085956,-6.182126688169745,64495
100,-3.214122582309419,-5.270560572918421,64495
101,-3.9141871709834426,-6.253146780797673,64495
102,-3.352212328874304,-5.320223151272707,64495
103,-3.5302840580011132,-5.88280670283763,64495
104,-3.3527537584016787,-5.4116296782017255,64495
105,-3.347041648411671,-5.127775727092333,64495
106,-3.9314281353558673,-6.232793569248922,64495
107,-3.7337360503580195,-5.979714244879626,64495
108,-3.7857619231659476,-6.056481115026417,64495
109,-3.7462556294158835,-5.997796661412445,64495
110,-4.070096393881706,-6.65223357863427,64495
111,-3.588707023966951,-5.641102940663346,64495
112,-3.8466487768303623,-6.049596934258373,64495
113,-3.9407394644359703,-6.264002370787608,64495
114,-3.709605476371212,-5.904706996153492,64495
115,-3.7472016867395865,-6.04732993109086,64495
116,-3.964871035242367,-6.118158394797037,64495
117,-4.25261087338004,-6.776254113877273,64495
118,-3.8767675623517897,-6.22919088538424,64495
119,-3.605052825497689,-6.214628597083682,64495
120,-3.909150879771416,-6.128987735177354,64495
121,-3.6096293301059172,-5.636856277497437,64495
122,-3.922826690939465,-6.406242837745482,64495
123,-4.3340627278181385,-6.75211785605728,64495
124,-4.274508803271182,-6.595211285325616,64495
125,-3.7599199550309823,-6.060405640120887,64495
126,-3.83316555799178,-5.948921724333607,64495
127,-3.6627024387887364,-5.733876135215564,64495
128,-3.973319044774454,-6.78815784809854,64495
129,-3.702602248545086,-6.005185715787722,64495
130,-4.062426992273813,-6.66461901531942,64495
131,-3.8838550173009625,-6.172435025867697,64495
132,-3.5987969116594263,-5.850620919423957,64495
133,-3.5639401843780716,-5.2368487109422395,64495
134,-3.7439457596438035,-6.112519944820506,64495
135,-3.3380964549440044,-5.676223460669159,64495
136,-3.859138595120796,-5.884286137033923,64495
137,-3.995650930073351,-6.338966270636594,64495
138,-3.729694950601082,-5.903987087870787,64495
139,-3.796253172327178,-5.856043997374512,64495
140,-3.995850865714947,-6.131251399441384,64495
141,-3.609879907744336,-5.617021692573651,64495
142,-3.7732389872768866,-6.1260560641396005,64495
143,-3.765111867563581,-5.959633119356476,64495
144,-4.121568822197857,-6.389958360644366,64495
145,-3.4265225654814966,-5.389724486935063,64495
146,-4.080193903475904,-6.345755605695447,64495
147,-3.846208152858209,-6.153341454468437,64495
148,-3.752327842320565,-5.7552524192991585,64495
149,-3.563585027904297,-5.68786163647722,64495
150,-3.4747480506818813,-5.4979152275965015,64495
151,-3.5471845830192295,-5.558184374917926,64495
152,-3.721194866574139,-6.018253983613253,64495
153,-3.9456019189709544,-5.999401482463006,64495
154,-3.8663618579800536,-5.956853045339167,64495
155,-4.125950596557936,-6.540240445832711,64495
156,-3.491940259076038,-5.525824033751827,64495
157,-3.6891795561649254,-5.878192437350035,64495
158,-4.123826447905858,-6.713470405261871,64495
159,-3.667660603314677,-5.781067108745158,64495
160,-3.7334245393436905,-5.787226046495948,64495
161,-4.164477082702162,-6.600640245740412,64495
162,-3.626159205500123,-5.955344590185824,64495
163,-4.3351198788385075,-6.971635187912373,64495
164,-4.131698451801435,-6.422927363086229,64495
165,-3.615488874921907,-5.563276454220472,64495
166,-3.648236091225391,-5.770254894693609,64495
167,-3.8002107280643544,-6.310618795390095,64495
168,-3.796394766524246,-6.1831585276799625,64495
169,-4.43423374144879,-7.121733423797742,64495
170,-4.057382385445363,-6.661263365855444,64495
171,-3.7370727005863906,-5.9420508766490245,64495
172,-3.7668977867461853,-5.905521968283794,64495
173,-3.887517965061805,-6.219758136019124,64495
174,-3.6503180959603836,-6.06137540633524,64495
175,-3.6198173086140204,-5.751438973722897,64495
176,-3.1966527016986537,-5.211353928142028,64495
177,-3.7380433213670767,-6.143102006498706,64495
178,-3.9943548873021295,-6.180796097291419,64495
179,-3.786529395796521,-6.112959141683875,64495
180,-4.049134502177899,-6.2053961860929725,64495
181,-3.6618767927477354,-5.843509570485574,64495
182,-3.5819338112826795,-5.900134435936737,64495
183,-3.564225515940017,-5.533539452962689,64495
184,-3.989635562311743,-6.2630377666460735,64495
185,-3.8178549308771847,-6.51341270690411,64495
186,-3.6601593842099494,-5.99090819872086,64495
187,-3.9454282455090577,-6.2690580044978,64495
188,-3.7499665121010275,-6.034445043881727,64495
189,-3.6895977366572312,-6.027778774420181,64495
190,-3.483672695019946,-5.4149059040039385,64495
191,-4.233806763092236,-6.79424344117523,64495
192,-4.084109706222468,-6.400942420535721,64495
193,-4.106536580491342,-6.488493369604924,64495
194,-3.5308520966263397,-5.6830033751382585,64495
195,-3.9458005633218822,-6.375141798788323,64495
196,-3.7645305466100782,-5.722264877526838,64495
197,-3.635025053702585,-5.629113860376574,64495
198,-3.880631582737726,-6.1423136299493235,64495
199,-4.094551409006548,-6.220078538355634,64495
200,-3.386247481515128,-5.3068764801774835,64495
201,-4.028151597847692,-6.44011761499087,64495
202,-3.980222444642681,-6.328222393285303,64495
203,-3.834373868853804,-6.157251675796609,64495
204,-4.438580937192461,-6.911476996795154,64495
205,-3.893520158481212,-5.845549206106813,64495
206,-3.95823832340105,-6.430778627105343,64495
207,-3.867453130532313,-5.318447314077619,64495
208,-3.6244487757474664,-5.9607973563707946,64495
209,-4.185054414743007,-6.740968223645478,64495
210,-3.5561922458548745,-5.655653873688088,64495
211,-3.9169917172180266,-5.961698812851637,64495
212,-4.070019046433077,-6.3981716168779865,64495
213,-3.8342441672216165,-6.11940573613884,64495
214,-3.5042603452396905,-5.595255934203536,64495
215,-3.85907009910145,-6.046594979348349,64495
216,-3.771325947968463,-6.0615507027031565,64495
217,-4.1691822894121655,-6.73189538066718,64495
218,-3.9732172001476944,-6.0264853717314235,64495
219,-3.635532844600058,-5.866611162977021,64495
220,-4.022332301315744,-6.658912881851279,64495
221,-3.803981244439937,-5.953349754977814,64495
222,-4.086674547233267,-6.4464127589824605,64495
223,-3.653245560448705,-5.802848443869393,64495
224,-4.350054553776666,-6.83984600027687,64495
225,-3.759204645048021,-6.057716815265059,64495
226,-4.011398292701807,-6.361539765151202,64495
227,-3.8851261499710628,-6.236349222025899,64495
228,-4.061662000721517,-6.597402431586705,64495
229,-4.0885881337700365,-6.714672848357915,64495
230,-3.6304299857284383,-5.303241966783928,64495
231,-3.521157208527358,-6.002998793732148,64495
232,-3.601522989602241,-5.883035183624708,64495
233,-4.16266697806737,-6.568537059023522,64495
234,-3.843186388255655,-5.825233506849893,64495
235,-4.232131645455878,-6.524266930269981,64495
236,-3.846342095341366,-5.826754137212681,64495
237,-3.9218849471618156,-5.979912769798968,64495
238,-3.73131793984196,-5.679639678940687,64495
239,-4.109223686208913,-6.513743614544779,64495
240,-3.7423816210011234,-5.877844830995923,64495
241,-3.8274099912014683,-6.179141652118293,64495
242,-3.4402369408120372,-5.575648718619483,64495
243,-3.590236896406977,-5.636559246862185,64495
244,-4.180591846147809,-6.323873139080723,64495
245,-3.602604294883637,-5.362885350804162,64495
246,-3.6898622613618945,-6.162590417016046,64495
247,-3.789321234848171,-5.8693290035517585,64495
248,-3.948749248467672,-6.270859484638118,64495
249,-3.7493502058348764,-6.210819317154131,64495
250,-3.984693126300163,-6.314288234315278,64495
251,-4.005736174361265,-6.213859515225613,64495
252,-3.657380186242485,-5.909430098627385,64495
253,-4.32173538197385,-6.118190461315832,64495
254,-3.8290445954161094,-6.0146081301448024,64495
255,-3.5983284477648363,-5.65416760361912,64495
256,-3.9622166551075853,-6.227275488709921,64495
257,-3.6857106542051503,-5.975522351481319,64495
258,-3.8524630973656224,-5.995499192852318,64495
259,-4.385188691893373,-6.4698893979035,64495
260,-3.6568464756873422,-5.811793553688057,64495
261,-3.87019796889918,-6.094634178981143,64495
262,-3.808217185442147,-6.058239577189444,64495
263,-3.8617923160098067,-6.18725017070714,64495
264,-3.768449008196327,-6.244329318048666,64495
265,-3.7769358954446948,-5.884607071035582,64495
266,-4.165992809324506,-6.388559746822811,64495
267,-3.825667721986277,-5.803273018103308,64495
268,-3.263094606393805,-5.192986746975412,64495
269,-4.141513486735184,-6.51127665402012,64495
270,-3.7635064856275093,-5.981759855610939,64495
271,-3.9032367388780544,-6.195743997152655,64495
272,-3.9347667203160883,-6.0943904406437825,64495
273,-3.7197951134556577,-6.115355717617686,64495
274,-3.892771479420482,-6.332989257288482,64495
275,-3.3790468087032157,-5.424054817982643,64495
276,-3.4276065423619992,-5.61167806569764,64495
277,-3.9239972995187427,-6.190544612296411,64495
278,-3.7846504587687755,-5.97070534994139,64495
279,-3.8735295172041773,-5.949883664746871,64495
280,-4.360135458828159,-6.590551666293903,64495
281,-4.154734939618612,-6.690924713420638,64495
282,-3.734296512213403,-6.081708321867733,64495
283,-3.3849885905511234,-5.42558020311436,64495
284,-4.042618525894368,-6.7517910599258455,64495
285,-4.065290306794454,-6.3871060768125245,64495
286,-4.22961596198081,-6.862192904601221,64495
287,-4.236790197381749,-6.355049529645745,64495
288,-3.9020113090408883,-6.813207862915697,64495
289,-3.6951308822376445,-6.0583338136626725,64495
290,-3.7457148749394427,-5.996898897718545,64495
291,-3.910662599600845,-6.082795929227614,64495
292,-3.614386067550991,-5.989734217125718,64495
293,-3.6333597202428205,-5.737225928739004,64495
294,-3.969135628020102,-6.463178895932879,64495
295,-4.121193685930764,-6.634701104365681,64495
296,-3.6842416971407306,-5.910719153259132,64495
297,-4.109517866458293,-6.618639597092014,64495
298,-3.665649558545953,-6.1669330938543805,64495
299,-3.889670970368783,-6.268738290859766,64495
300,-3.8117326457973295,-5.890985082163662,64495
301,-3.701072294183671,-6.0257378794602285,64495
302,-3.8368970265257816,-6.42786149292751,64495
303,-3.5528369495259535,-5.3334682477104085,64495
304,-3.637460137789297,-5.6149264075508984,64495
305,-3.8651094747508283,-6.140071086946528,64495
306,-3.921551423456655,-6.287718229814211,64495
307,-3.841571507300822,-5.8795003440942235,64495
308,-3.9525367479198517,-6.081701836222652,64495
309,-3.2897123453559756,-5.522139943599079,64495
310,-3.4367737475898332,-5.245144512676597,64495
311,-3.6241398199724624,-5.604482849564149,64495
312,-3.2405925740072745,-5.209656450482495,64495
313,-3.799397468774062,-6.019783396898936,64495
314,-3.5322579482976737,-5.327170516506049,64495
315,-3.6935081716439484,-6.043127698287279,64495
316,-3.9584872785514094,-6.482977926783827,64495
317,-4.001705293962207,-6.528866700656119,64495
318,-3.8166165368695886,-6.030650664118185,64495
319,-4.271497229562987,-6.856940216331678,64495
320,-3.937480795634787,-6.285504723701578,64495
321,-3.8340125742572444,-6.147916997897081,64495
322,-3.9674931680146988,-6.461275047330329,64495
323,-3.603012782917796,-5.4736516843792895,64495
324,-3.768962577730197,-6.042406890533483,64495
325,-3.398342417609302,-5.636608924897549,64495
326,-3.7904277548026983,-5.958760369284954,64495
327,-3.6560991050797433,-6.071424552955448,64495
328,-3.584770457530937,-5.83291913311543,64495
329,-3.9887721679471677,-6.573527927788927,64495
330,-3.584666813123236,-5.701749908338493,64495
331,-4.176019878329398,-6.553203368336966,64495
332,-3.595903032751108,-5.7886380647026545,64495
333,-4.001465365772564,-6.670148437722274,64495
334,-3.8091487470867285,-5.995329702746329,64495
335,-3.6783737433860124,-5.790801666559319,64495
336,-3.971319416199204,-6.347754296196098,64495
337,-3.932241844130779,-6.364211230482629,64495
338,-3.753922039989385,-6.104654744262423,64495
339,-4.198436142680518,-6.037502013014006,64495
340,-3.8163767103624457,-6.027331853925621,64495
341,-3.4355912881649195,-5.692177694886841,64495
342,-3.5859695760721477,-5.300431037257454,64495
343,-3.6477390896538093,-5.588935927883982,64495
344,-3.748044206097716,-5.576396848288417,64495
345,-3.9965762426353297,-6.413793555801565,64495
346,-4.129236129618883,-6.54874955229041,64495
347,-3.8833726834441546,-6.080483594885301,64495
348,-3.7494776846063123,-5.610850516061675,64495
349,-3.9072811578365125,-6.219602934846804,64495
350,-3.696383274263049,-6.199396137901784,64495
351,-3.4790289357685817,-5.49737639413964,64495
352,-3.944150841694736,-6.029020865601024,64495
353,-3.966780641845491,-6.167958024257186,64495
354,-3.931860763819702,-6.2787731155586695,64495
355,-3.870252114536205,-5.912093091618245,64495
356,-3.832519514903327,-5.7779005856871315,64495
357,-4.193699706640069,-6.405471154863701,64495
358,-3.9225070204803005,-6.290977919648013,64495
359,-3.923624085659795,-6.46161510834617,64495
360,-3.6149528550621453,-5.477834130833617,64495
361,-3.939830033927035,-5.816692616648269,64495
362,-3.588558749107262,-5.748143383272749,64495
363,-3.564670652896138,-5.716471460185387,64495
364,-4.093816118214988,-6.241606253131132,64495
365,-3.910848828019106,-6.5674297793853835,64495
366,-3.760402584323182,-6.20252024351511,64495
367,-3.7179637916014987,-6.231232265216112,64495
368,-3.569587586944248,-5.8731271392748665,64495
369,-3.9852924774025587,-6.3527365955804385,64495
370,-3.9060012561702675,-6.07794572028799,64495
371,-4.427581813817751,-7.143903749241092,64495
372,-3.530225003240269,-5.530121161966655,64495
373,-3.4716705321868164,-5.443965459749152,64495
374,-3.28954762963738,-5.155532640010225,64495
375,-3.750534755105825,-5.785600972796009,64495
376,-3.929476418004449,-6.193326227295437,64495
377,-3.6922288232337994,-5.977321966318229,64495
378,-3.915579304880397,-5.8757001456798035,64495
379,-3.897774483773792,-6.058358055590872,64495
380,-4.045785320553954,-6.41468825701966,64495
381,-4.012525330354282,-6.640005433914177,64495
382,-3.7971476576351475,-5.884198951962494,64495
383,-3.874353797205158,-5.700689053714351,64495
384,-3.8889362624192674,-6.07483302425856,64495
385,-3.8230404645952185,-6.062123743156565,64495
386,-3.8819694796993223,-6.172261595929756,64495
387,-4.174172471398814,-6.800752760593305,64495
388,-3.837645070992138,-5.86711121134034,64495
389,-3.6677410102850367,-6.1003497949925345,64495
390,-3.9418824693172256,-6.1430667452274825,64495
391,-3.8151948112455103,-6.118607813034687,64495
392,-3.6931271066046563,-5.614085252914573,64495
393,-3.903549940161144,-6.33734747848785,64495
394,-3.695427965686942,-5.712721807443339,64495
395,-3.948403669639274,-6.287009437042605,64495
396,-4.318386804895237,-6.551467308844684,64495
397,-3.9592720314180596,-6.230853084072278,64495
398,-4.015418294105311,-6.235307249152662,64495
399,-3.556924587052594,-5.786600365651051,64495
400,-3.806446732487004,-6.13280899331366,64495
401,-3.8241635133611283,-5.9763505833275135,64495
402,-3.8292908435255892,-5.614969501503344,64495
403,-3.4851915398284348,-5.640705773756123,64495
404,-3.97887899419193,-6.631042045137204,64495
405,-4.240404973515418,-6.503465860244552,64495
406,-3.940636829059738,-6.424315683049476,64495
407,-3.8202280627539147,-6.3573178477251355,64495
408,-3.9686539774344194,-6.168685869670885,64495
409,-4.230922419948804,-6.60725505408766,64495
410,-3.669568868002811,-5.805409856354663,64495
411,-3.594469371529765,-5.940504143117397,64495
412,-4.166121921861148,-6.395012506633358,64495
413,-3.7171778758587166,-5.883120807074435,64495
414,-3.6128982149416093,-5.5063430460815015,64495
415,-3.584957048430989,-5.810186004333837,64495
416,-3.196559033834655,-5.083577208818924,64495
417,-3.75600425312359,-6.040066418164781,64495
418,-3.735122965506588,-5.9896360447379955,64495
419,-3.5804955860140035,-5.694538128874805,64495
420,-3.717479441580143,-5.9658006476256995,64495
421,-3.994979282680954,-6.110519808035641,64495
422,-3.587424002613681,-5.876071160750124,64495
423,-3.463708966764776,-5.646463445327328,64495
424,-4.027358731044281,-6.5712636926983645,64495
425,-4.197159191998781,-6.155518072964289,64495
426,-3.697136254217103,-6.024029223399091,64495
427,-3.4458860111381786,-5.37033635708688,64495
428,-3.6224480511712387,-6.0873651892883185,64495
429,-3.775316848090701,-6.11975171013674,64495
430,-4.082576242343127,-6.556011669153127,64495
431,-3.8096215254329873,-6.090887974423471,64495
432,-4.224410621422588,-6.601806611638419,64495
433,-4.1103314110847995,-6.4576250765417464,64495
434,-3.8448339451836766,-5.832539188690533,64495
435,-4.146399310773722,-6.371654850622578,64495
436,-3.3895094207593184,-5.475598960263693,64495
437,-3.76321538945713,-5.846471562368643,64495
438,-3.9540169798707216,-5.891542382681655,64495
439,-3.953745145155324,-6.322563063327,64495
440,-4.066808837651519,-6.689038063260557,64495
441,-4.109609631544931,-6.7742957224303515,64495
442,-3.8329299265814205,-6.176246822237333,64495
443,-4.19420231152622,-6.5604568892087265,64495
444,-3.8841571409219036,-6.036825089136116,64495
445,-3.762145294376768,-5.80764182512948,64495
446,-3.7406987007979517,-5.729890948242478,64495
447,-4.05735378493928,-6.440517259297395,64495
448,-2.8136761915461648,-4.441809008590452,64495
449,-3.470530329972892,-5.453702534089233,64495
450,-3.6135820924796076,-5.754432003803198,64495
451,-3.7746769740039277,-6.2209747827896225,64495
452,-3.9689249576055468,-5.855266321374727,64495
453,-3.470578895157638,-5.366427599931132,64495
454,-3.7386981986707397,-5.55640915786792,64495
455,-3.942880983493866,-6.261978448830539,64495
456,-3.6561974229755227,-5.808825492756155,64495
457,-4.465833992257646,-6.579657029627355,64495
458,-3.458849756488384,-5.36069453301187,64495
459,-4.05183325870311,-6.152779488497186,64495
460,-3.784374851412257,-5.756241022360433,64495
461,-3.8254467283513014,-5.651940852963463,64495
462,-3.6996263058225773,-6.056565134853975,64495
463,-4.180369939394671,-6.407136952036365,64495
464,-3.9986777109714082,-6.197570386507873,64495
465,-3.788724553161159,-6.210173932984273,64495
466,-3.6420172771896926,-5.544006904151785,64495
467,-3.510558014311104,-5.88402291874855,64495
468,-3.8184913459198975,-6.009504595279769,64495
469,-4.209048783384681,-6.522051719182992,64495
470,-3.848862792293825,-5.814514375447108,64495
471,-4.091973450109471,-6.258820143917686,64495
472,-3.7936486488196803,-6.361414363909994,64495
473,-3.8707725656376066,-5.978594658958956,64495
474,-4.002677539251303,-6.113904194578098,64495
475,-3.611043536108984,-5.551658921199999,64495
476,-3.9437753408728256,-6.308441668742795,64495
477,-3.713055766834878,-6.033608957958883,64495
478,-3.827519175517931,-6.06485405601375,64495
479,-4.215493399934669,-6.655471887158268,64495
480,-4.158122024842193,-6.45534017678156,64495
481,-4.307608024353085,-6.744419127996141,64495
482,-4.329306256041323,-6.6471780425059555,64495
483,-3.993291577396223,-6.217478513885835,64495
484,-3.8687886851234263,-6.251712377041094,64495
485,-3.728501844459652,-6.036184082881883,64495
486,-3.971235114636157,-6.1449443448112335,64495
487,-3.855644616379493,-5.862020868765147,64495
488,-3.8861571723029944,-6.010361776426661,64495
489,-3.8406591000103574,-6.210023594111726,64495
490,-4.023039965471102,-6.011502009863257,64495
491,-3.626859772582711,-5.907827041845714,64495
492,-3.561339183354882,-5.9717108328574655,64495
493,-3.7102158244218697,-6.0601341120599335,64495
494,-3.533964332582461,-5.8446190755320755,64495
495,-3.868843659243297,-6.420050697570142,64495
496,-3.706572442282594,-5.611693177532084,64495
497,-3.788222597660529,-5.912016463288742,64495
498,-3.692541966711176,-6.101938057656163,64495
499,-3.726494278949525,-6.122105527389432,64495
500,-3.9317138254426314,-6.122673201555832,64495
501,-3.8462139209305817,-5.94212796666211,64495
502,-3.8301662988945044,-6.300147041536454,64495
503,-3.6213128729094497,-5.79202158668532,64495
504,-4.112806837019532,-6.560337507328702,64495
505,-3.770910310704414,-5.810493557604286,64495
506,-3.8968948030796566,-6.189496267113078,64495
507,-3.7511015400822116,-5.787978586955512,64495
508,-3.5890684243569915,-5.908461295441289,64495
509,-4.266825972781593,-6.755165784835181,64495
510,-3.931138183427855,-6.079104010114091,64495
511,-3.6848704227191917,-5.647087607388603,64495
512,-4.022602271424813,-6.214413903121376,64495
513,-3.6905256563009794,-5.945435384295909,64495
514,-4.096179757288453,-6.275824137065088,64495
515,-4.13286503160425,-6.32360260543129,64495
516,-3.3976890881244963,-5.004471682797484,64495
517,-3.9676156336875703,-6.0957206178637895,64495
518,-3.902335882161933,-6.158534238819694,64495
519,-3.9791454547696246,-6.696421424153677,64495
520,-4.073793928224988,-6.688932960294572,64495
521,-3.9110602337042586,-6.343770809731946,64495
522,-3.5965446531300516,-5.954156462097964,64495
523,-3.852945904177613,-6.135815842364165,64495
524,-3.636761863282119,-5.950459697089016,64495
525,-3.797029099651413,-6.037169020262574,64495
526,-3.927149939968241,-6.036521345906041,64495
527,-3.8128568969140124,-6.185457531026795,64495
528,-3.584197568543874,-5.7725671832400876,64495
529,-3.533536726450789,-5.880726734033233,64495
530,-4.094802975362509,-6.361691993302311,64495
531,-4.127026713176422,-6.284553173150169,64495
532,-3.7290669726952537,-6.152307489679039,64495
533,-3.5477960725730893,-5.493026422786747,64495
534,-3.5350763207155866,-5.309096490032828,64495
535,-3.8447779181748234,-6.21099630900677,64495
536,-3.9336101343172554,-6.229459767837765,64495
537,-3.9759734890784655,-6.360326636639663,64495
538,-3.746383901783984,-5.854307114321891,64495
539,-3.898285613503102,-6.3306134859606304,64495
540,-4.095417545320295,-6.219062574752035,64495
541,-4.0862226416760965,-6.557207341378589,64495
542,-3.7341664681382243,-6.26753500570045,64495
543,-4.159409706528235,-6.579879670980584,64495
544,-3.879084298416414,-6.015657673463235,64495
545,-3.602900151438245,-5.7998471444500455,64495
546,-3.684799424661382,-5.744518574600769,64495
547,-3.579968150859298,-5.589588225002205,64495
548,-4.001341943094054,-6.145274389062382,64495
549,-4.132941963691319,-6.813724707796127,64495
550,-3.646054030681355,-5.965009228092044,64495
551,-3.7898865029292046,-6.085501402115534,64495
552,-3.860078945470065,-5.877343553680374,64495
553,-3.97596283389331,-6.14939585750183,64495
554,-3.7765128483045483,-5.985043210912575,64495
555,-4.141819128869997,-6.770908820617286,64495
556,-4.010687365290429,-6.157993353063448,64495
557,-3.6074190606170284,-5.6021876276947165,64495
558,-3.8615766041169675,-5.992813320627271,64495
559,-4.140827257373906,-6.117827669968883,64495
560,-3.830345163421743,-6.203679267495542,64495
561,-3.817088909036556,-6.2700894990598055,64495
562,-3.78616904121448,-6.051904205546788,64495
563,-3.984130517806376,-6.321842619142414,64495
564,-3.9800218524711264,-6.314380503742735,64495
565,-3.8617830325818328,-5.988181128145872,64495
566,-4.317180627179196,-7.219941125846843,64495
567,-4.168901683542006,-6.412885078855273,64495
568,-3.9501351174250803,-5.9156772714232,64495
569,-3.664594345256823,-5.950264690638319,64495
570,-4.011864647032521,-6.215440444526642,64495
571,-4.25209588486359,-6.71461251176313,64495
572,-4.10445775607531,-6.54343923582042,64495
573,-3.7555201114658785,-5.9362178023068575,64495
574,-3.9544137862222146,-6.357922845469803,64495
575,-3.8501118895955884,-6.350870918333579,64495
576,-4.289999000260254,-6.7368612035030475,64495
577,-4.025436906707881,-6.450197057507715,64495
578,-3.757423268916173,-5.954132335566063,64495
579,-3.4350375252564396,-5.296547972300543,64495
580,-3.743453984996101,-6.071592477003773,64495
581,-4.054757715082898,-6.506170057483111,64495
582,-3.6112038466750858,-5.872534370756499,64495
583,-3.7961117813289356,-5.759560082738933,64495
584,-3.5887269290554036,-5.577481350130887,64495
585,-3.3038284775845437,-5.359324755177187,64495
586,-3.9790038831847143,-5.817384566825424,64495
587,-3.9655455834267137,-6.614841389667239,64495
588,-3.7880288804294606,-5.971991782597855,64495
589,-4.220417346490955,-6.552380522910825,64495
590,-3.9324053485847426,-5.912374340213483,64495
591,-3.5012319819244673,-5.765381485395219,64495
592,-3.7489377491206444,-6.139778750688758,64495
593,-3.713884794965742,-5.860708164885749,64495
594,-3.9988457959637946,-6.240561115545949,64495
595,-3.118791772129962,-4.940147175785965,64495
596,-3.754373178255402,-6.036562338035347,64495
597,-3.941586906326229,-5.434420828255094,64495
598,-3.797213419834968,-5.918446390778973,64495
599,-3.6451463065082947,-5.899990458313444,64495
600,-3.468735240037486,-5.485475847415871,64495
601,-3.5512684883389163,-5.426062853359265,64495
602,-3.694009533629546,-6.02293652770835,64495
603,-3.8272208044659637,-6.210003554060654,64495
604,-4.075861229491359,-6.314057932854063,64495
605,-3.637017582612141,-5.921597830894339,64495
606,-4.047254666299088,-6.518538671689165,64495
607,-3.8992601501927506,-6.289290637409478,64495
608,-4.11563274153651,-6.3307512319895425,64495
609,-3.8594113846399445,-5.974415073200146,64495
610,-3.8008140956874295,-5.9607731567137545,64495
611,-3.757352339384878,-5.870728797185863,64495
612,-3.874379760427951,-6.170056248632979,64495
613,-3.9712003736597925,-6.293642349890939,64495
614,-3.776109189991672,-6.164128348131059,64495
615,-3.855691056307882,-5.943367921102546,64495
616,-3.624072580347455,-5.913319452408885,64495
617,-3.97652344422369,-6.088369686830941,64495
618,-3.3922860157760284,-5.337949617886166,64495
619,-3.7845020967422642,-6.19327128340731,64495
620,-3.6150999375198016,-5.685018981589758,64495
621,-4.060082384703823,-6.629846941781796,64495
622,-3.8819264884363807,-5.984406279733826,64495
623,-3.8887783774091176,-6.03121558142524,64495
624,-3.432865703149626,-5.340324628824029,64495
625,-3.8088604632163876,-5.8245451057768465,64495
626,-3.9267547564619805,-6.516059879846574,64495
627,-3.54930137743243,-5.793045777778092,64495
628,-4.354595390360431,-6.86024138130224,64495
629,-3.856831790232767,-6.021386604347256,64495
630,-4.062373546213283,-6.259761755986039,64495
631,-3.8204656769517085,-6.158625662238877,64495
632,-3.84907251434304,-6.26229929245924,64495
633,-3.976110047855063,-5.859792488255821,64495
634,-3.8425808768755996,-6.244308449934279,64495
635,-3.92675118629529,-6.579680737881384,64495
636,-3.799791161830926,-5.8284409162409485,64495
637,-3.978437130243284,-6.486727377258941,64495
638,-4.093852676234538,-6.700874789852373,64495
639,-4.182637909050342,-6.181841093215983,64495
640,-3.7620550566151483,-6.065854669737468,64495
641,-3.901312388965572,-6.213817929420509,64495
642,-3.949295195478487,-6.060048096109233,64495
643,-3.5287174017961376,-5.691943290593621,64495
644,-4.203804079927536,-6.651705992608714,64495
645,-4.166176443262393,-6.450101586042965,64495
646,-3.9206042995676076,-6.582116658248873,64495
647,-4.11707487239992,-6.354933716803938,64495
648,-4.273355364021669,-7.05568845223226,64495
649,-4.132852109456377,-6.428409272748434,64495
650,-3.563235466452768,-5.68846856989905,64495
651,-3.783730535717045,-5.992625863412182,64495
652,-3.6547063292514106,-5.628132048434329,64495
653,-3.9340118583526342,-6.174579855978659,64495
654,-3.7064103987382437,-5.982689612119027,64495
655,-3.7098945113169752,-5.692322313119494,64495
656,-3.7029582226323896,-6.029379771374366,64495
657,-3.9678704096673485,-6.189632834825603,64495
658,-3.6513913652903476,-5.622164588804972,64495
659,-4.020953898845187,-6.416530188435519,64495
660,-3.956365515177936,-6.053242370268034,64495
661,-3.627069441571012,-5.705237125561586,64495
662,-3.976253115457508,-5.774865000756191,64495
663,-4.028053805015541,-6.664912357791305,64495
664,-4.2113736384498495,-6.179764813222209,64495
665,-3.2123466991163268,-5.140833353694091,64495
666,-3.6106773875944,-6.240472030717288,64495
667,-4.119746042121824,-6.163789189492417,64495
668,-3.8594454123811266,-6.021574992449461,64495
669,-3.632923105774747,-6.031430071645456,64495
670,-3.9362441898196674,-5.959403228020751,64495
671,-3.9094812145626654,-6.050547655766091,64495
672,-4.408189135887591,-6.838717950857123,64495
673,-3.6319854545257613,-5.994136660401587,64495
674,-4.044525370331397,-6.169723233767995,64495
675,-4.123249193164073,-6.4602372361984735,64495
676,-4.330068978113058,-6.892883859212367,64495
677,-3.768370930342349,-6.049463137905967,64495
678,-3.7727081005487144,-6.315008677279029,64495
679,-3.0870678946645937,-5.03745505295455,64495
680,-3.367058102555372,-5.323097912764682,64495
681,-3.567359420239484,-5.995227628023033,64495
682,-3.785589360688548,-6.034561878989079,64495
683,-3.5799805743918016,-5.942754268513638,64495
684,-3.8550686708232185,-5.96396208498387,64495
685,-4.246171948235456,-6.839930642816162,64495
686,-3.6782808765163333,-5.862603608131409,64495
687,-3.849705816309494,-6.26967445356866,64495
688,-3.814466254323708,-6.4796152228649095,64495
689,-3.823400732741282,-6.0979415825220595,64495
690,-3.696997463797047,-5.8224578207123745,64495
691,-3.539472538381729,-5.619031550946571,64495
692,-3.76712942256134,-6.024408688029957,64495
693,-3.7289476304553206,-6.076496575389614,64495
694,-4.106277772850579,-6.26866121514284,64495
695,-3.7497817978150105,-5.831752496583502,64495
696,-4.113764774859115,-6.6562211786332535,64495
697,-3.650137495379961,-5.737614405404297,64495
698,-4.08035102549282,-6.619033211270596,64495
699,-3.0124864339931765,-4.944799746218129,64495
700,-4.024625800262313,-5.921457282950534,64495
701,-3.645518826952514,-5.622999900251258,64495
702,-3.2971985938014163,-5.33730705397111,64495
703,-4.159599818731365,-6.631784473914148,64495
704,-3.717102998539746,-6.098432207051363,64495
705,-3.844373564333345,-6.026658568856397,64495
706,-3.9129946147878734,-6.351454245486076,64495
707,-3.7061418081875086,-5.570397657856159,64495
708,-3.962351107842031,-6.304323603838379,64495
709,-3.8448905489342518,-6.1269523692189845,64495
710,-3.883486003884227,-5.75019587392477,64495
711,-4.00227166404128,-6.1493743973907335,64495
712,-3.600376580883306,-5.978618979708061,64495
713,-4.0848093600998805,-6.45336387914949,64495
714,-3.5945950077899758,-5.799574253319629,64495
715,-3.908171251087006,-6.614571334164905,64495
716,-3.4723813628864897,-5.352339075139486,64495
717,-3.6057165114886485,-5.253704937923005,64495
718,-4.0523174924129375,-6.391240363121851,64495
719,-3.626607481967835,-5.804522583414986,64495
720,-3.8579466321514126,-6.1260407970429585,64495
721,-3.9083884969815834,-6.2111782119637,64495
722,-4.143040032316287,-6.367392191606137,64495
723,-3.91253011007302,-6.30718833739793,64495
724,-3.6928999185684765,-5.778112683823265,64495
725,-4.0553035408006295,-6.576354640044364,64495
726,-3.6784353609304925,-5.799191629777463,64495
727,-4.02614164636555,-6.748404677108683,64495
728,-4.283901821680322,-6.61849879332218,64495
729,-3.842103954376379,-6.0066279204653235,64495
730,-3.5656697682100593,-5.516081221259168,64495
731,-3.6537812010886586,-5.837605572968595,64495
732,-4.03665765381383,-6.831494231935781,64495
733,-4.007182372935874,-6.422222129489923,64495
734,-3.465488646847399,-5.389920092063903,64495
735,-3.8365223474894505,-5.731340951674875,64495
736,-3.887862845341574,-6.294229477964041,64495
737,-4.114613749190476,-6.34785993445871,64495
738,-4.242476013077686,-6.24482846897802,64495
739,-3.6381423753438313,-5.83264427214351,64495
740,-3.6042598315199093,-5.993751406095212,64495
741,-3.8503451884851074,-6.344148862324704,64495
742,-4.021294055909432,-6.193958620253246,64495
743,-4.0093394714077695,-6.337401907641921,64495
744,-3.5631685040961574,-5.849265145699483,64495
745,-3.653809061548895,-5.442574617263439,64495
746,-3.5737093651927196,-5.870755870759813,64495
747,-4.023533636032452,-6.331512025503089,64495
748,-3.8107176089658443,-6.011525292512221,64495
749,-3.9782559293815036,-6.042498730092957,64495
750,-4.4971966135109085,-6.721885770486881,64495
751,-3.457390218183404,-5.491323599558242,64495
752,-3.977660677177755,-6.65608325576172,64495
753,-4.043318455272508,-6.483378000789473,64495
754,-3.6831359542139572,-6.14913255666586,64495
755,-4.0586733327200415,-6.425631887406214,64495
756,-3.62741684780597,-5.810263530796615,64495
757,-3.8262571668258722,-6.308893560801076,64495
758,-3.6817408790555177,-5.730420734280424,64495
759,-4.219358681623491,-6.402579476246579,64495
760,-3.501546612848602,-5.42592232570715,64495
761,-3.431052888745149,-5.630837760187271,64495
762,-3.6719489072633773,-6.042537650197362,64495
763,-4.537967904809339,-7.0465175413063035,64495
764,-3.326051598898479,-5.482909166512791,64495
765,-3.6931828957157444,-5.570519733264911,64495
766,-4.0805414425378945,-6.290064673352467,64495
767,-3.8757611388833966,-6.10752345372045,64495
768,-3.9434753635333437,-6.22288097518727,64495
769,-3.3189508107018435,-5.467468280734602,64495
770,-3.7268943064625875,-6.000541249664237,64495
771,-4.082542910905815,-6.5005369055457365,64495
772,-3.7337047587431327,-5.72279235772756,64495
773,-4.015282014773238,-6.598540282104608,64495
774,-3.697269473788865,-6.046331546942079,64495
775,-4.296023424323396,-6.4741764386538145,64495
776,-4.248733110901083,-6.425014188938378,64495
777,-3.769443357883944,-5.749368262006681,64495
778,-4.056435456552706,-6.911837119190116,64495
779,-3.899777281300276,-6.350416205689548,64495
780,-3.6612460272052045,-5.617247327864893,64495
781,-3.7442752048434667,-5.959817176310863,64495
782,-4.1053976964569285,-6.4822354220425416,64495
783,-4.097889390334246,-6.510342896203646,64495
784,-3.6928018261793225,-6.056944774383208,64495
785,-4.017141881982223,-6.338042514889828,64495
786,-4.148550714454339,-6.765829386781985,64495
787,-3.7218714420769863,-5.676424463618798,64495
788,-3.891831713116383,-6.055495240353619,64495
789,-4.05450625814111,-6.603875193245764,64495
790,-3.5741742132147096,-5.715351283667858,64495
791,-4.0402924587813285,-6.6341792224596885,64495
792,-4.250759364034452,-6.750636503288748,64495
793,-3.610927478587824,-6.02308838462423,64495
794,-4.027636892499202,-6.110682422726452,64495
795,-3.8827531945475617,-6.226698939584611,64495
796,-3.6714986328302865,-5.884781078889329,64495
797,-4.138890951019147,-6.29602634103543,64495
798,-3.8515090805475958,-6.208657861374456,64495
799,-3.9575346730043335,-6.4492987465314835,64495
800,-4.392547142458393,-7.270124424571453,64495
801,-3.6049408091499875,-5.710576678585684,64495
802,-3.7486838750218925,-6.047692105471964,64495
803,-3.5073251773361576,-5.233993894914674,64495
804,-3.293519378542503,-5.258839063948213,64495
805,-3.6079510525696024,-5.58768517127138,64495
806,-4.0035301521551725,-6.475405945863269,64495
807,-4.108611299630712,-6.860614967089058,64495
808,-3.9945648346604643,-6.20464494323636,64495
809,-4.003764827291189,-6.395390029184257,64495
810,-3.7941625955221374,-5.856486011165155,64495
811,-3.805187061575019,-5.747694070793997,64495
812,-3.817985499718391,-5.956712659260937,64495
813,-3.8051230993770933,-6.265672272735656,64495
814,-3.3450048986982455,-5.3533296569583735,64495
815,-3.5849265575451974,-5.658078392369627,64495
816,-3.3740167014374767,-5.605227958435927,64495
817,-3.9933043793964744,-6.438872284733797,64495
818,-4.183966005988825,-6.431873789647576,64495
819,-4.0272860470552425,-6.2779405811080515,64495
820,-3.952014241434138,-5.979088224363482,64495
821,-3.8906126099611944,-6.103443516382463,64495
822,-3.7693125228943876,-5.850428514166084,64495
823,-4.093777214696434,-6.272619611712824,64495
824,-3.565437640350869,-5.804319345552054,64495
825,-3.341075864882112,-5.471097855898105,64495
826,-4.095120283143729,-6.387508718372699,64495
827,-3.558664264281547,-6.0202982635576285,64495
828,-3.6846196778323472,-5.8830785455968275,64495
829,-3.6560926895012362,-5.772642817768709,64495
830,-4.011582824275949,-6.228255932503935,64495
831,-4.270742898516727,-6.230017075497797,64495
832,-3.548444110732716,-5.556409703130554,64495
833,-3.795486946439866,-6.125376415177701,64495
834,-3.649402716355724,-5.940166211411392,64495
835,-3.7524979496753192,-5.884560632982553,64495
836,-4.2385869474687325,-6.559358118966068,64495
837,-3.6739174060508506,-5.9526441343583825,64495
838,-4.285446039213696,-6.415531426851687,64495
839,-3.8636477576967456,-5.978196944494021,64495
840,-3.845133475154699,-6.072937004957409,64495
841,-3.7821849726133605,-6.037109770166478,64495
842,-3.4880158544600532,-5.90818592596231,64495
843,-3.901881042848445,-6.078370193776158,64495
844,-4.177817411645738,-6.484188694587441,64495
845,-3.6619534184428066,-5.713553545157519,64495
846,-3.862042066324712,-5.960236411563566,64495
847,-3.5182819517887274,-5.560571113951322,64495
848,-3.9969979125915454,-6.31031946305662,64495
849,-4.02669291996175,-6.169815797219048,64495
850,-3.9969667725865987,-6.532273827900897,64495
851,-3.5990323477247754,-5.624902973193056,64495
852,-3.8475968256874715,-6.134612440617172,64495
853,-3.8420929733828144,-5.930006296197641,64495
854,-3.478327885087398,-5.370803180287123,64495
855,-4.091996428320944,-6.4763407256755645,64495
856,-3.834115863692997,-6.2666638993558985,64495
857,-3.846396285001101,-5.819829589586439,64495
858,-3.808361728182081,-5.893686228621612,64495
859,-4.017768791185947,-6.601025294379401,64495
860,-3.8095945247294596,-6.022378101714051,64495
861,-4.014530341829076,-6.3073118930434,64495
862,-3.5466347285330633,-5.664553741693302,64495
863,-3.9005214475489858,-6.4509690243424815,64495
864,-3.9430879716819653,-6.069691163073052,64495
865,-3.662237230743954,-5.965430747946318,64495
866,-3.7502225908135887,-6.178181934641074,64495
867,-3.926845109662033,-6.4292903630573095,64495
868,-3.989586042226654,-6.215570764591538,64495
869,-3.9121564976428576,-5.993367848233846,64495
870,-4.232588209078067,-6.6159981686863,64495
871,-4.026872206835328,-6.186841759032506,64495
872,-3.591403449392839,-5.635676371977013,64495
873,-3.2495726875713364,-5.415509014348008,64495
874,-3.494585196300187,-5.949763832922293,64495
875,-3.908529342840813,-6.117482186447288,64495
876,-4.144452447449921,-6.263644421292461,64495
877,-3.9766770349032123,-6.600581500601623,64495
878,-3.831377606498379,-6.3394224045712315,64495
879,-3.48874651590771,-5.798855393895632,64495
880,-3.5199438245516355,-5.826170830793318,64495
881,-3.509369189750434,-5.807686589782961,64495
882,-3.5869559344351543,-5.531708811895556,64495
883,-3.979600044277123,-6.063900835968613,64495
884,-3.5195423314370884,-5.439336242413515,64495
885,-3.761988135081487,-6.056188245444041,64495
886,-4.32732835549281,-6.730789814077442,64495
887,-4.0151587088302145,-5.98945290584109,64495
888,-3.53117535117702,-5.664264108603865,64495
889,-4.155176441055825,-6.489558393347758,64495
890,-4.112976726393543,-6.108390412479576,64495
891,-3.902727799544903,-6.396121478313407,64495
892,-4.196797940921143,-6.646924518027914,64495
893,-3.8174960609027444,-6.098278950197189,64495
894,-3.7055574790394163,-5.665142383398153,64495
895,-3.6003480773392327,-5.718253549440775,64495
896,-4.237089533475208,-6.407912345775202,64495
897,-3.7324330447089435,-5.661579238048678,64495
898,-3.9811960913183073,-6.437791707130895,64495
899,-3.7028984326580643,-6.2373118748586,64495
900,-3.787359145296919,-5.940105801917863,64495
901,-3.9013885627495846,-5.889778941155253,64495
902,-3.769217168911792,-6.427862978162008,64495
903,-3.6639981660228833,-5.87299325535241,64495
904,-3.7615810728400922,-6.114546952709403,64495
905,-4.087140115009191,-6.723665109137622,64495
906,-3.66316265786262,-6.016102312792897,64495
907,-3.4846128208466625,-5.592999919658521,64495
908,-3.551613088931833,-5.56849206652921,64495
909,-3.9594907572594393,-6.563164453783956,64495
910,-3.906739312748745,-5.808597040904953,64495
911,-3.546443375703238,-5.728186353208033,64495
912,-4.227836230653257,-6.453510262471744,64495
913,-3.6520014623052757,-5.88188300810914,64495
914,-3.6418250304965025,-6.0888654532626205,64495
915,-3.7836459980286143,-6.27299497470612,64495
916,-4.428608890271604,-6.53093688498879,64495
917,-4.109248143446532,-6.521853905762265,64495
918,-3.8548031352386403,-5.878971022393281,64495
919,-3.708344518402819,-5.926325909781775,64495
920,-3.5140384616705287,-5.553487808628485,64495
921,-3.50048657217989,-5.508323494905324,64495
922,-3.4453410930147745,-5.536712034943559,64495
923,-3.82194179745949,-6.127052163353554,64495
924,-3.3996268395671625,-5.422468846062943,64495
925,-4.007305557991938,-6.30339219265914,64495
926,-3.369876716256629,-5.079522698128331,64495
927,-3.714890311619908,-6.034514757138241,64495
928,-3.617720087864326,-5.493541373753623,64495
929,-3.35784819754403,-5.368209747963706,64495
930,-4.045600879843047,-6.412440279951278,64495
931,-3.875106912605082,-6.0778603067583,64495
932,-3.620701811406331,-5.906998490251529,64495
933,-4.041643246396588,-6.681845803009695,64495
934,-3.7294145328502424,-6.047496977045632,64495
935,-4.160489249671239,-6.37111595412345,64495
936,-3.7272736151937123,-5.781002983845991,64495
937,-3.9770235667951,-6.619857817777168,64495
938,-4.107332775523146,-6.674580806917884,64495
939,-4.282873916876525,-6.256990962907312,64495
940,-3.6657091620596858,-5.84657172840078,64495
941,-3.545247829045445,-5.641368446978433,64495
942,-3.5760966946434056,-5.769912031403024,64495
943,-3.666318413813068,-5.837979435515277,64495
944,-4.333301651069201,-6.546054600361959,64495
945,-3.5993452437481155,-5.848037565985285,64495
946,-3.905898869558917,-6.148433148055089,64495
947,-3.4191285276706784,-5.248527540454439,64495
948,-3.617914182995288,-5.875507666336236,64495
949,-3.4559243112441362,-5.802914276244346,64495
950,-3.681018916319869,-5.792408720566108,64495
951,-4.108038826619826,-6.390641949138831,64495
952,-3.553921646850294,-5.52104809927591,64495
953,-3.6942637824923343,-6.057795443823568,64495
954,-3.861586734395574,-6.238864214071153,64495
955,-3.9582408415798005,-6.187413105093634,64495
956,-3.860820396947108,-6.250061615802839,64495
957,-4.112068379330661,-6.151609925808004,64495
958,-4.185230772755518,-6.764300898996065,64495
959,-3.4891485617224753,-5.255982750618193,64495
960,-3.7486673694888384,-5.791339621734405,64495
961,-3.8845842860945043,-6.392919160062901,64495
962,-3.5420268339129226,-5.690736166050066,64495
963,-3.9819801186672312,-6.205678502095338,64495
964,-3.817649721284495,-5.804025689739789,64495
965,-4.564367490479034,-7.141173416154757,64495
966,-3.571393369820561,-5.851540362952669,64495
967,-3.786165281492083,-6.074847250110109,64495
968,-4.057770562191149,-6.159941982819116,64495
969,-3.6336827614080875,-5.903979883242859,64495
970,-3.3566024525587412,-5.527261319592057,64495
971,-4.101545686271384,-6.453790221605108,64495
972,-3.828862351415445,-6.016101969936948,64495
973,-3.5029123781018834,-5.428941152694123,64495
974,-3.7396063686949654,-6.15786256898238,64495
975,-3.5496246452848736,-5.691115376936311,64495
976,-3.922359550832148,-6.159988629971599,64495
977,-4.068087338159716,-6.446795189977632,64495
978,-4.138760632093047,-6.459771245561956,64495
979,-3.6020097075186426,-5.789024230146658,64495
980,-3.8151802077621877,-6.026190365361385,64495
981,-3.806896540459746,-6.479617610715088,64495
982,-4.180846318342058,-6.733908020906208,64495
983,-3.8245688452310005,-6.160546351775065,64495
984,-3.9318606447431357,-6.563625205379488,64495
985,-3.7309288951177835,-6.165413057111811,64495
986,-3.948764284128661,-5.978809058205032,64495
987,-4.330502242686842,-6.392012099781843,64495
988,-4.387436817651675,-6.777600506550503,64495
989,-3.5819851412231434,-5.463784879166321,64495
990,-4.057046529756094,-6.26931031240411,64495
991,-3.985985398967656,-6.429276065005731,64495
992,-4.1667469434275155,-6.485495901173039,64495
993,-4.324804476353221,-7.087224599579962,64495
994,-3.334178564416635,-5.186036845283336,64495
995,-3.741810937297899,-5.603525520579451,64495
996,-4.035918757698724,-6.251803129749158,64495
997,-3.8582235811598755,-5.846095383575686,64495
998,-3.8684202333576856,-6.227069272359354,64495
999,-4.071821169352674,-6.496963492344742,64495
