k,thr,stop,signal,period,one_way_bps,burst_coef,is_current,n_entry_signal_bars,n_entry_signals_discarded,n_total_in_period,n_excluded_gap,n,mean_net_bps,ci_lo,ci_hi,se_cluster,sharpe,sharpe_ci_lo,sharpe_ci_hi,win_rate,max_dd_bps,mean_hold_min,stop_rate,mean_funding_bps,mean_gross_bps,sd_net_bps,n_days,deferred_minutes,trades_with_deferral,mean_cost_bps,sum_pnl_jpy_001btc,mde_bps
15,0.4,0.25,usd,full,1.8991548037846104,1.4608883106035464,False,515562,7045,75223,441,74782,-3.3643205953180364,-3.721122517010124,-3.0112463971250643,0.17961910060450503,-7.494082581477698,-8.601344743884647,-6.4946092478019155,0.28556337086464656,251796.0517525139,11.299430344200475,0.49798079751811936,0.044128266160305955,0.47811727841149054,54.386708190522164,1962,68,50,3.798309607569221,-595115.0696371336,0.5571832765524122
15,0.4,0.25,usd,train,1.8991548037846104,1.4608883106035464,False,515562,7045,65307,345,64962,-3.424972235469336,-3.810266883206998,-3.0470689601788035,0.19961304435933672,-7.784649941053435,-9.051189124843335,-6.693976603000911,0.28327329823589176,222945.15786866142,11.056279055447801,0.5076506265201195,0.04374865305871125,0.4170860251585962,55.61601374975316,1599,68,50,3.798309607569221,-481563.4265160869,0.6113275971662842
15,0.4,0.25,usd,val,1.8991548037846104,1.4608883106035464,False,515562,7045,9916,96,9820,-2.963093319604316,-3.8927725113266165,-2.0432547318963836,0.4690040438499189,-6.176026568052861,-8.557179192276829,-4.0942951082351104,0.3007128309572301,29363.600794409438,12.907942973523422,0.4340122199592668,0.046639511201629326,0.8818557991665341,45.42454288055565,364,0,0,3.798309607569221,-113551.64312104671,1.2842177227111524
15,0.4,0.25,jpy,full,1.8991548037846104,1.4608883106035464,False,520661,7015,75620,430,75190,-3.292746320829782,-3.647887959304007,-2.922253217226458,0.18559155606436412,-7.338540672604725,-8.305006527610502,-6.375671010698136,0.28785742784944807,248051.78898195495,11.377643303630801,0.49497273573613515,0.04420800638382764,0.5497712931232667,54.75131810376131,1962,68,52,3.798309607569221,-589593.3677030324,0.5593947343190735
15,0.4,0.25,jpy,train,1.8991548037846104,1.4608883106035464,False,520661,7015,65607,336,65271,-3.391351007484073,-3.7972679659514634,-2.9908338361937337,0.20433131576833383,-7.685799927280349,-8.783459722551692,-6.642445014999126,0.28537941811830675,221804.68467739812,11.128127345988265,0.5054158814787578,0.04354154218565672,0.4505001422708047,56.028129179263956,1599,67,51,3.798309607569221,-483536.8937934623,0.6143980454605666
15,0.4,0.25,jpy,val,1.8991548037846104,1.4608883106035464,False,520661,7015,10013,94,9919,-2.6438879175016,-3.552699374882859,-1.7308219716617352,0.4641638446917881,-5.706328023696162,-8.146153883151484,-3.707894455374342,0.3041637261820748,26755.51277491939,13.019558423228148,0.4262526464361327,0.04859360822663575,1.2030152982942564,45.46078947578391,364,1,1,3.798309607569221,-106056.47390957022,1.278812479306561
15,0.4,0.5,usd,full,1.8991548037846104,1.4608883106035464,False,515562,7045,61347,493,60854,-3.3269923439893385,-3.783015328711314,-2.847707765315352,0.2426290327862591,-5.801484165886687,-6.892161184730028,-4.800971587507486,0.32798172675584186,202822.45297826905,15.055362014000723,0.21372465244683997,0.05889506030827883,0.5302123238881616,62.34788160729672,1962,48,40,3.798309607569221,-536965.96495741,0.7080777934059836
15,0.4,0.5,usd,train,1.8991548037846104,1.4608883106035464,False,515562,7045,52803,393,52410,-3.378138020797838,-3.9064809824170648,-2.847901988105575,0.2691072822977457,-5.897231281365312,-7.08347419479615,-4.765181692061545,0.32682694142339247,177518.9071096289,14.869967563442092,0.22169433314253006,0.05899637473764549,0.4791679615090284,64.01118240525555,1599,48,40,3.798309607569221,-436316.0475527147,0.7833441545878647
15,0.4,0.5,usd,val,1.8991548037846104,1.4608883106035464,False,515562,7045,8544,100,8444,-3.0095426848783156,-4.012802125745565,-1.9704695942297528,0.525821208414695,-5.634013483318741,-7.7469108636820945,-3.541841858906917,0.33514921837991474,25834.834710712734,16.206063477025108,0.1642586451918522,0.058266224538133585,0.8470331472290394,50.82297684743977,364,0,0,3.798309607569221,-100649.91740469527,1.549493734180565
15,0.4,0.5,jpy,full,1.8991548037846104,1.4608883106035464,False,520661,7015,61701,491,61210,-3.1522429887314876,-3.6760359562909546,-2.671912881814629,0.25059530001762653,-5.426618293680252,-6.496897079060327,-4.466179871251136,0.3304525404345695,195070.2561582654,15.126270217284757,0.2118281326580624,0.05878124489462506,0.7048478637323596,62.79280773360952,1962,47,39,3.798309607569221,-511631.7106607471,0.7110539449877864
15,0.4,0.5,jpy,train,1.8991548037846104,1.4608883106035464,False,520661,7015,53010,390,52620,-3.198223049357674,-3.7257573093264367,-2.6545953866524075,0.2730984531101536,-5.5070168540082,-6.715522478169629,-4.385111847216377,0.3292664386164956,170366.50885150724,14.960661345496009,0.22035347776510833,0.058760927404028884,0.6588474856155758,64.56431576091173,1599,46,38,3.798309607569221,-412622.19671607955,0.788534988354693
15,0.4,0.5,jpy,val,1.8991548037846104,1.4608883106035464,False,520661,7015,8691,101,8590,-2.8705816627536076,-3.919354739474078,-1.8497937675444809,0.5348108403173818,-5.303153278020168,-7.6306360190135765,-3.2195547349487534,0.3377182770663562,25193.991675556696,16.140745052386496,0.15960419091967404,0.05890570430733411,0.9866336491229474,50.6074886739994,364,1,1,3.798309607569221,-99009.51394466762,1.5297555659780688
15,0.4,1.0,usd,full,1.8991548037846104,1.4608883106035464,False,515562,7045,55330,517,54813,-3.6021029401805325,-4.135077947493044,-3.0627750958057947,0.2700271595551336,-5.706148446597925,-6.723117348689443,-4.743409857623053,0.3424735008118512,197793.07468006312,17.12382099137066,0.07388758141316841,0.06684545636983927,0.2630521237585284,67.00960297192644,1962,46,38,3.798309607569221,-545329.2154727522,0.8018610086951661
15,0.4,1.0,usd,train,1.8991548037846104,1.4608883106035464,False,515562,7045,47419,415,47004,-3.6434239732860547,-4.199741774856346,-3.046390578852604,0.293285076192777,-5.724012640765391,-6.885158235403687,-4.6545858810466685,0.34154540039145603,171769.3278559425,17.0,0.07752531699429836,0.06710067228320994,0.2219863065663759,68.9275543756551,1599,46,38,3.798309607569221,-442686.67489775654,0.8906955819068552
15,0.4,1.0,usd,val,1.8991548037846104,1.4608883106035464,False,515562,7045,7911,102,7809,-3.353383022125467,-4.402518267691889,-2.304066528580759,0.5348045740642594,-6.162494346308302,-8.393400350266106,-4.168466141555076,0.34805993084902037,26598.16964218159,17.869125368164937,0.05199129209886029,0.06530925854782943,0.510235843991584,54.048949819718196,364,0,0,3.798309607569221,-102642.54057499574,1.7135366031826382
15,0.4,1.0,jpy,full,1.8991548037846104,1.4608883106035464,False,520661,7015,55760,516,55244,-3.41238856341037,-3.9117280817178237,-2.907368355267075,0.26109661599003836,-5.404913914263345,-6.419493624747905,-4.438303540768559,0.34382014336398525,189875.84134268152,17.16253348779958,0.07267757584534067,0.06643255376149446,0.45235359792034563,67.10430976799009,1962,46,38,3.798309607569221,-515622.4900323659,0.7998557895118633
15,0.4,1.0,jpy,train,1.8991548037846104,1.4608883106035464,False,520661,7015,47657,411,47246,-3.3852171433294065,-3.951910710056358,-2.761816318302274,0.3018713940989713,-5.305190669549025,-6.459816748779282,-4.227251360743652,0.3434364813952504,161236.13289403083,17.079922109808237,0.0758159420903357,0.06650298437963002,0.4795954486194446,69.16038124459364,1599,45,37,3.798309607569221,-406021.3332755882,0.8914124454776857
15,0.4,1.0,jpy,val,1.8991548037846104,1.4608883106035464,False,520661,7015,8103,105,7998,-3.5728963044887885,-4.634675581402676,-2.5163874633006875,0.53829057785616,-6.603623687165083,-8.818699525759081,-4.5073188792406,0.3460865216304076,29075.760982126616,17.650537634408604,0.05413853463365841,0.06601650412603151,0.2914298072064642,53.369673208892884,364,1,1,3.798309607569221,-109601.15675677767,1.6718899263607767
15,0.8,0.25,usd,full,2.5935204311832636,1.995015716294818,False,165030,2312,30342,169,30173,-4.570177448129484,-5.340134438323986,-3.7610735477384765,0.4038861997413717,-4.626688872492904,-5.564299193021755,-3.6862836630162503,0.25403506446160473,138320.25174429812,9.962350445762768,0.6981075796241673,0.04056606900208796,0.6574294832391318,69.42890942202732,1954,15,11,5.187040862366527,-352007.2494494634,1.1197857447345936
15,0.8,0.25,usd,train,2.5935204311832636,1.995015716294818,False,165030,2312,27022,134,26888,-4.385669398274376,-5.232809460481821,-3.504501659954302,0.4363763287007336,-4.5627735809315775,-5.671342202181985,-3.5444623711521204,0.2525290092234454,118232.04870343677,9.866669146087474,0.6999404939006248,0.040836060696221366,0.8422075247883729,71.08763533804962,1598,15,11,5.187040862366527,-273863.0513415344,1.214559109660752
15,0.8,0.25,usd,val,2.5935204311832636,1.995015716294818,False,165030,2312,3320,35,3285,-6.080391282072903,-8.005804825000109,-4.127063923075628,1.000802809570926,-5.540169836398014,-7.704785327391434,-3.4839115195497925,0.2663622526636225,20316.389557955317,10.745509893455099,0.6831050228310502,0.038356164383561646,-0.8549942553228137,53.95372717778577,356,0,0,5.187040862366527,-78144.198107929,2.637288262916374
15,0.8,0.25,jpy,full,2.5935204311832636,1.995015716294818,False,165931,2313,30385,162,30223,-4.514978974037915,-5.290060826475356,-3.6838905346441626,0.4177410622337745,-4.379964452903034,-5.454299386088552,-3.3687259765178443,0.2562286999966913,136808.20374522294,10.064619660523443,0.6967541276511267,0.04003573437448301,0.7120976227030951,70.36978265918547,1954,14,10,5.187040862366527,-341719.07688800676,1.1340214295717777
15,0.8,0.25,jpy,train,2.5935204311832636,1.995015716294818,False,165931,2313,27027,129,26898,-4.335497276783334,-5.229251838250367,-3.4133650352407314,0.46467525523369957,-4.27902251339553,-5.429180776267862,-3.123862124530023,0.25503754926016803,116875.16867307003,9.973083500632017,0.6987508364934196,0.04037474905197413,0.8919183346351665,72.10383345924197,1598,14,10,5.187040862366527,-264998.1681465668,1.231692218567165
15,0.8,0.25,jpy,val,2.5935204311832636,1.995015716294818,False,165931,2313,3358,33,3325,-5.966918430505195,-7.782437349144177,-4.021365039537088,0.9613196648335438,-5.893415084686032,-7.987398112145316,-3.975763630332152,0.26586466165413536,20180.772867071657,10.805112781954888,0.6806015037593985,0.03729323308270677,-0.7425843350559602,54.33144182635616,356,0,0,5.187040862366527,-76720.90874144,2.639728387796195
15,0.8,0.5,usd,full,2.5935204311832636,1.995015716294818,False,165030,2312,22785,222,22563,-3.730553866055494,-4.805299662243287,-2.6646259198169755,0.5465757287349077,-2.878541220883046,-3.8174379078609633,-1.9430780411301667,0.3252227097460444,84669.24685099338,16.105748349067056,0.4092097682045827,0.06577139564774188,1.5222583919587764,84.24068626710441,1954,9,8,5.187040862366527,-276478.10868970264,1.571184955009939
15,0.8,0.5,usd,train,2.5935204311832636,1.995015716294818,False,165030,2312,20171,183,19988,-3.429276035642133,-4.567503101109774,-2.311538128416423,0.5795567458952511,-2.7193682268122163,-3.7908978115805905,-1.723395855482692,0.3231939163498099,68762.05760843836,15.98824294576746,0.41239743846307786,0.06653992395437262,1.8243047506787682,86.2092692586614,1598,9,8,5.187040862366527,-218143.0111519873,1.7083353624623114
15,0.8,0.5,usd,val,2.5935204311832636,1.995015716294818,False,165030,2312,2614,39,2575,-6.06917183665831,-8.604264960989884,-3.354092751063174,1.3588258518745506,-4.133977344292783,-6.275667332882916,-2.0904491284608926,0.3409708737864078,16076.523530009263,17.017864077669902,0.3844660194174757,0.05980582524271845,-0.8223251490490625,66.98942026257005,356,0,0,5.187040862366527,-58335.09753771536,3.698464377247373
15,0.8,0.5,jpy,full,2.5935204311832636,1.995015716294818,False,165931,2313,22823,213,22610,-3.5630683557761014,-4.684693322382557,-2.4114721718379513,0.588563557311152,-2.6081405828663096,-3.6620528831909707,-1.7269633716823434,0.326890756302521,81159.62984290914,16.2421937195931,0.40703228659885005,0.06616541353383458,1.690137920124262,85.32027437329201,1954,10,8,5.187040862366527,-269078.1041994107,1.5896656852186497
15,0.8,0.5,jpy,train,2.5935204311832636,1.995015716294818,False,165931,2313,20178,174,20004,-3.2152315529503523,-4.434798405872736,-2.0420468014091813,0.6333297884765501,-2.390008598681203,-3.51188689136575,-1.3180870138008285,0.3258848230353929,64703.43103064647,16.13987202559488,0.4109678064387123,0.06678664267146571,2.038595952087641,87.46000641353525,1598,10,8,5.187040862366527,-207964.66254296873,1.7324269029379762
15,0.8,0.5,jpy,val,2.5935204311832636,1.995015716294818,False,165931,2313,2645,39,2606,-6.233109569792324,-8.816051870432208,-3.530848246648323,1.3357284292327052,-4.589253717260653,-6.6182851067459945,-2.633166363347302,0.33461243284727554,16830.912730455715,17.027628549501152,0.3768227168073676,0.06139677666922486,-0.9846719307565711,66.5991167319609,356,0,0,5.187040862366527,-61113.44165644197,3.654980809876335
15,0.8,1.0,usd,full,2.5935204311832636,1.995015716294818,False,165030,2312,19655,247,19408,-3.4606618055541825,-4.774447539108551,-2.136286122024041,0.6686234846869608,-2.242725633948791,-3.117402977085744,-1.3347652414765123,0.3671681780708986,71260.96270302891,20.63257419620775,0.15390560593569663,0.08357378400659522,1.8099528408189416,94.34425750466454,1954,5,5,5.187040862366527,-262105.22735745722,1.897269025323639
15,0.8,1.0,usd,train,2.5935204311832636,1.995015716294818,False,165030,2312,17327,203,17124,-2.9673038412242625,-4.324161925818007,-1.5412545850210826,0.7130420602255536,-1.954254740224629,-2.9470318814082046,-0.9977256899408615,0.36714552674608736,54661.58725850192,20.54794440551273,0.15644709180098107,0.08432609203457136,2.3040631131768374,96.58623273598275,1598,5,5,5.187040862366527,-201696.11162750315,2.0678377283412157
15,0.8,1.0,usd,val,2.5935204311832636,1.995015716294818,False,165030,2312,2328,44,2284,-7.159550501344698,-9.927589754553711,-4.342064106205625,1.4576080556133406,-4.573661278118027,-6.5947220990975834,-2.6835947773080795,0.36733800350262696,16762.664138917342,21.26707530647986,0.13485113835376533,0.07793345008756568,-1.894576188890603,75.35694891615304,356,0,0,5.187040862366527,-60409.115729954035,4.417525791854081
15,0.8,1.0,jpy,full,2.5935204311832636,1.995015716294818,False,165931,2313,19691,244,19447,-3.373556948065436,-4.711260185461395,-2.0217249153672916,0.6731538929443113,-2.127191859437893,-3.058495354511685,-1.2208251130579777,0.36545482593716255,70367.4927635974,20.766339281123052,0.15112870879827223,0.08350902452820487,1.8969929388292972,94.7419998243549,1954,7,6,5.187040862366527,-250397.76315212902,1.903356229720311
15,0.8,1.0,jpy,train,2.5935204311832636,1.995015716294818,False,165931,2313,17322,199,17123,-2.848828439266372,-4.243566532881045,-1.3831991495794433,0.7497818025882972,-1.817039823646418,-2.823195220180244,-0.8075250703093734,0.3665829585937044,53226.62084716931,20.707469485487355,0.15388658529463295,0.08398061087426269,2.4221930339744193,97.29021331528246,1598,7,6,5.187040862366527,-187872.0045915398,2.0829702378131154
15,0.8,1.0,jpy,val,2.5935204311832636,1.995015716294818,False,165931,2313,2369,45,2324,-7.239704218360782,-10.161651715828624,-4.381197678953565,1.5008898033966063,-4.720083217128319,-6.618446632478329,-2.9509759773532327,0.35714285714285715,17459.507322197518,21.200086058519794,0.13080895008605853,0.08003442340791739,-1.9726289325863369,73.18595889928646,356,0,0,5.187040862366527,-62525.758560589195,4.253177844927599
15,1.2,0.25,usd,full,3.353720696974217,2.5797851515186285,False,70448,1019,15335,70,15265,-5.882493308178256,-7.173842507975689,-4.533511412757177,0.6778751116742282,-3.4317174405833195,-4.335627038124555,-2.5585889824924006,0.2406812970848346,90005.97928181085,8.684376023583361,0.7874877169996725,0.0368162463150999,0.8617643320852779,79.81214158586502,1952,24,14,6.707441393948434,-243222.7480903585,1.809774219655941
15,1.2,0.25,usd,train,3.353720696974217,2.5797851515186285,False,70448,1019,13830,57,13773,-5.416508788069257,-6.798531547583829,-3.933955889697545,0.7296119730401782,-3.2449526660855534,-4.218292953909396,-2.3153616152112657,0.24134175560879984,75031.50125823657,8.694765120162637,0.7871197270021055,0.03760981630726784,1.328542422186445,81.7290305557425,1598,24,14,6.707441393948434,-187097.51079428755,1.9510388219496106
15,1.2,0.25,usd,val,3.353720696974217,2.5797851515186285,False,70448,1019,1505,13,1492,-10.184105101382846,-12.850280988089562,-7.36553589396032,1.374029530327657,-5.698604944691605,-7.1640869258051465,-4.1009820891754725,0.23458445040214476,15304.565662528878,8.588471849865952,0.7908847184986595,0.029490616621983913,-3.4471730908124276,59.105899358167854,354,0,0,6.707441393948434,-56125.23729607092,4.286968138477769
15,1.2,0.25,jpy,full,3.353720696974217,2.5797851515186285,False,70720,1009,15271,62,15209,-6.012256903526913,-7.437432589421491,-4.4725616581956,0.7309089105246669,-3.2448314084021344,-4.216844682647169,-2.304972452773459,0.2393977250312315,91819.21166767142,8.778420671970544,0.7876914984548623,0.03747780919192583,0.7326622996134469,80.88430115423981,1952,23,13,6.707441393948434,-246745.65478461306,1.8374593709174183
15,1.2,0.25,jpy,train,3.353720696974217,2.5797851515186285,False,70720,1009,13796,52,13744,-5.517513280363041,-6.999565139542894,-3.848405830672294,0.8079809618867886,-3.0517303753240825,-4.088810274338012,-2.0440399379772254,0.2404685681024447,76201.56010999638,8.786597788125727,0.7873981373690337,0.03841676367869616,1.2283448772640904,82.83253801179494,1598,23,13,6.707441393948434,-189065.52049293474,1.979466847924654
15,1.2,0.25,jpy,val,3.353720696974217,2.5797851515186285,False,70720,1009,1475,10,1465,-10.653728819406965,-13.132354606350127,-8.086326910276536,1.3270071843138325,-5.792972970425695,-7.335083042230996,-4.2074712652215505,0.22935153583617748,15986.509142361727,8.701706484641639,0.7904436860068259,0.028668941979522185,-3.917618483479007,59.40302272338129,354,0,0,6.707441393948434,-57680.13429167836,4.348040389487128
15,1.2,0.5,usd,full,3.353720696974217,2.5797851515186285,False,70448,1019,11046,104,10942,-5.204848031442981,-7.132246608724195,-3.2307499174516514,0.9772458190253678,-2.2260627315763033,-3.1278189892853305,-1.3833160988847548,0.30131602997623835,57223.726141648396,15.306068360445988,0.5503564247852312,0.06744653628221532,1.5700398987876687,100.15732974945657,1952,11,7,6.707441393948434,-192593.93696365357,2.6824906670384254
15,1.2,0.5,usd,train,3.353720696974217,2.5797851515186285,False,70448,1019,9905,88,9817,-4.370334258283797,-6.421820272569439,-2.2316842168410194,1.0588541777170193,-1.9172375545780567,-2.897950930133071,-0.9455924117605855,0.30202709585413057,43441.44947262359,15.345726800448203,0.5504736681267189,0.06845268411938474,2.405559819784023,102.83451386052529,1598,11,7,6.707441393948434,-140552.24001328237,2.9077250720017735
15,1.2,0.5,usd,val,3.353720696974217,2.5797851515186285,False,70448,1019,1141,16,1125,-12.48700066353517,-16.27021090683943,-8.44129753751431,1.941972875660016,-5.04515254158781,-6.627625928414487,-3.611322460858126,0.2951111111111111,14192.942021724766,14.96,0.5493333333333333,0.058666666666666666,-5.720892602920069,72.35527133213444,354,0,0,6.707441393948434,-52041.69695037126,6.043628389704422
15,1.2,0.5,jpy,full,3.353720696974217,2.5797851515186285,False,70720,1009,11010,99,10911,-5.105429585440947,-6.881321315338575,-3.194497691993712,0.9745651302579518,-2.1185252934788665,-2.995739373337454,-1.2259157455144802,0.30208046925121435,56216.96473572401,15.47722481899001,0.5485290074237008,0.06708825955457795,1.669100068062065,101.52678277434917,1952,9,5,6.707441393948434,-188195.82774049503,2.7230284809105214
15,1.2,0.5,jpy,train,3.353720696974217,2.5797851515186285,False,70720,1009,9890,81,9809,-4.2962771825284545,-6.513328227529853,-2.121114128041909,1.0983203855545307,-1.8192610493942047,-2.817544270812861,-0.9078924336171996,0.3045162605770211,42678.07736457822,15.529207870323173,0.5492914670200836,0.06830461820776837,2.479468829627747,104.12604778768329,1598,9,5,6.707441393948434,-137677.6926167485,2.9454445733999366
15,1.2,0.5,jpy,val,3.353720696974217,2.5797851515186285,False,70720,1009,1120,18,1102,-12.307767081056763,-15.881643345371652,-8.59711576651799,1.822778906934923,-5.31780130088649,-6.917631866283641,-3.645559474600203,0.28039927404718695,13972.027667092181,15.014519056261342,0.5417422867513612,0.056261343012704176,-5.544064344095625,74.14456479184832,354,0,0,6.707441393948434,-50518.1351237465,6.257377560812756
15,1.2,1.0,usd,full,3.353720696974217,2.5797851515186285,False,70448,1019,9173,135,9038,-4.342702974777654,-6.591497090898715,-1.8597061184676873,1.2163920215876864,-1.5098582362802828,-2.4043341168606935,-0.6846303832518777,0.3657888913476433,50050.96654338109,21.988935605222395,0.25492365567603453,0.09780924983403408,2.462547669004814,116.57859822625633,1952,6,3,6.707441393948434,-174216.11755929264,3.4354726686922166
15,1.2,1.0,usd,train,3.353720696974217,2.5797851515186285,False,70448,1019,8194,114,8080,-3.47736174841767,-6.151407901292459,-0.9316113660592107,1.3303155705012655,-1.2332785062685023,-2.1753382154544822,-0.26763328629865074,0.3678217821782178,39152.0047110118,22.013613861386137,0.2576732673267327,0.09752475247524753,3.327604398006013,119.55314409848044,1598,6,3,6.707441393948434,-131824.28922069995,3.72613991968047
15,1.2,1.0,usd,val,3.353720696974217,2.5797851515186285,False,70448,1019,979,21,958,-11.641196825496525,-16.547288393328756,-6.483735202382111,2.586009803317389,-4.059898075772926,-5.79486582162979,-2.300192437656656,0.348643006263048,11366.791631191809,21.780793319415448,0.23173277661795408,0.10020876826722339,-4.8335466632808695,87.26734090830259,354,0,0,6.707441393948434,-42391.82833859265,7.899012948928818
15,1.2,1.0,jpy,full,3.353720696974217,2.5797851515186285,False,70720,1009,9138,134,9004,-3.9022081989655186,-6.444668712330385,-1.2420457097784174,1.3202453797882965,-1.2850013389490447,-2.2180011951460363,-0.39815407616628623,0.3666148378498445,52425.75333162395,22.122834295868504,0.2493336294980009,0.0964015992892048,2.9016347942721215,117.92084382704434,1952,6,3,6.707441393948434,-161271.72129931735,3.4815823537981214
15,1.2,1.0,jpy,train,3.353720696974217,2.5797851515186285,False,70720,1009,8170,110,8060,-2.86994742257467,-5.55512520092339,-0.032231430944982264,1.4180093059537844,-0.9610932247114784,-1.9331745062032168,-0.023009810233451965,0.3708436724565757,40327.071148918956,22.216129032258063,0.251985111662531,0.09652605459057072,3.9340200259643336,120.96968715500071,1598,6,3,6.707441393948434,-115945.50580634853,3.7749645184095777
15,1.2,1.0,jpy,val,3.353720696974217,2.5797851515186285,False,70720,1009,968,24,944,-12.715790675353473,-17.909260333621045,-7.531021138465632,2.6305458477637367,-4.478726812860332,-6.3282773414014,-2.731826330393145,0.3305084745762712,12595.075329072533,21.326271186440678,0.2266949152542373,0.09533898305084745,-5.913010298354193,87.22795366745049,354,0,0,6.707441393948434,-45326.21549296878,7.953779086644249
30,0.4,0.25,usd,full,1.7070795514529675,1.3131381165022826,False,784920,10771,69393,680,68713,-3.6273244214033036,-4.051653844934272,-3.2090629680599543,0.21626694323080792,-6.976757093156425,-7.909886624892409,-6.067002404974961,0.2658594443555077,249466.89871383173,16.995080989041377,0.5366815595302199,0.06997220322209771,-0.14319311527527123,58.35254499055307,1962,75,50,3.414159102905935,-665046.8784606222,0.6236546781404271
30,0.4,0.25,usd,train,1.7070795514529675,1.3131381165022826,False,784920,10771,59850,537,59313,-3.7004419584446477,-4.162250987077615,-3.2261023355331306,0.23633164585987476,-7.1253708300535,-8.129971220829791,-6.1420788192829825,0.2637701684285064,220049.1109341248,16.519666852123482,0.5467266872355133,0.06780975502840861,-0.2184731005103043,59.4790145010481,1599,75,50,3.414159102905935,-556135.9967701974,0.6842151026323041
30,0.4,0.25,usd,val,1.7070795514529675,1.3131381165022826,False,784920,10771,9543,143,9400,-3.165960541133811,-4.084628444305683,-2.2582512007460105,0.4769272187236957,-6.663272037847512,-9.17253239013526,-4.475582463633781,0.27904255319148935,29860.44751846249,19.994893617021276,0.47329787234042553,0.08361702127659575,0.3318155830487192,50.67075003810127,364,0,0,3.414159102905935,-108910.88169042478,1.4641893493125548
30,0.4,0.25,jpy,full,1.7070795514529675,1.3131381165022826,False,793744,10830,69816,684,69132,-3.488045565506913,-3.9183449892000026,-3.076104444737478,0.2172003234851554,-6.726034256118159,-7.761344770474861,-5.761269225796414,0.26705433084533936,241435.63964980448,17.118613666608805,0.5345860093733726,0.07108140947752126,-0.002805053123456678,58.67251219602024,1962,76,52,3.414159102905935,-645662.65332418,0.6251711966146962
30,0.4,0.25,jpy,train,1.7070795514529675,1.3131381165022826,False,793744,10830,60117,546,59571,-3.554744305794635,-4.029558410140744,-3.0899349003888275,0.2378303903694068,-6.853120495932852,-7.944757962857791,-5.816191980854119,0.2641218042336036,212168.1430430505,16.625572845847813,0.5446945661479579,0.06879186181195548,-0.07179334107674476,59.96154731147213,1599,75,51,3.414159102905935,-538253.8979004611,0.6882706074361951
30,0.4,0.25,jpy,val,1.7070795514529675,1.3131381165022826,False,793744,10830,9699,138,9561,-3.0724707660424317,-3.9650871364100433,-2.213496289508681,0.45367292636250084,-6.506102914143557,-8.798755742782063,-4.383701803482304,0.2853258027402991,29669.769903120217,20.190565840393266,0.4716033887668654,0.08534672105428302,0.4270350579177863,49.8972040248857,364,1,1,3.414159102905935,-107408.7554237188,1.4296455902354945
30,0.4,0.5,usd,full,1.7070795514529675,1.3131381165022826,False,784920,10771,54574,752,53822,-3.694109297991548,-4.214060224633078,-3.148458788670033,0.2762892404096056,-5.544933362720534,-6.506034095761644,-4.662691850066474,0.31113670989558173,199079.1889604982,23.112184608524394,0.2346809854706254,0.09512838616179257,-0.18482180892382044,67.33312967252473,1962,55,41,3.414159102905935,-589156.1506707784,0.8131164036951116
30,0.4,0.5,usd,train,1.7070795514529675,1.3131381165022826,False,784920,10771,46591,602,45989,-3.755222617076414,-4.370986574608199,-3.1335528842893807,0.31311770984639153,-5.603023672089452,-6.598425233863825,-4.626803539563988,0.3098784491943726,173274.47601552564,22.71397508099763,0.24538476592228575,0.09350061971340973,-0.2475628944570688,68.89534787851572,1599,55,41,3.414159102905935,-493200.53547120164,0.9000502391783479
30,0.4,0.5,usd,val,1.7070795514529675,1.3131381165022826,False,784920,10771,7983,150,7833,-3.335301634083227,-4.482832948133089,-2.175031035450935,0.5983813408801765,-5.576070692580808,-7.959970925091324,-3.4133187518196304,0.3185241925188306,26242.579373439898,25.450146814758074,0.17183709945104048,0.10468530575769182,0.1835427745803996,57.310980969311274,364,0,0,3.414159102905935,-95955.61519957677,1.814168476571122
30,0.4,0.5,jpy,full,1.7070795514529675,1.3131381165022826,False,793744,10830,54895,761,54134,-3.4689846802543216,-4.001847660634907,-2.9491506695386653,0.27124313846580195,-5.406500420994608,-6.32874912140216,-4.516414466785705,0.3129087080208372,188144.1758853838,23.247718624154874,0.23382716961613773,0.09616876639450253,0.04134318904611577,67.73501187839797,1962,48,36,3.414159102905935,-555300.7333401788,0.8156089623031938
30,0.4,0.5,jpy,train,1.7070795514529675,1.3131381165022826,False,793744,10830,46794,612,46182,-3.5105902747094215,-4.083618670988563,-2.9026356592470783,0.3050698716930349,-5.434113873886877,-6.501264464880799,-4.49839829738531,0.31059720237321903,162512.285527258,22.834329392403966,0.24479234333723096,0.09449569096184661,-0.0019354808416398679,69.52689180708678,1599,48,36,3.414159102905935,-462469.10307805607,0.9064008072165389
30,0.4,0.5,jpy,val,1.7070795514529675,1.3131381165022826,False,793744,10830,8101,149,7952,-3.2273562140665177,-4.249797471150334,-2.102775741959912,0.5552960523339712,-5.602356618144852,-7.918641854795384,-3.3978857370386275,0.3263329979879276,26028.64235442154,25.648516096579478,0.17014587525150907,0.10588531187122736,0.2926882007106444,56.21364419378623,364,0,0,3.414159102905935,-92831.63026212274,1.7660678807135135
30,0.4,1.0,usd,full,1.7070795514529675,1.3131381165022826,False,784920,10771,48942,781,48161,-3.990833064862028,-4.639030162809028,-3.3401927828740448,0.3254793439257887,-5.109595005729087,-6.034555745647565,-4.267601859321045,0.3277340586781836,193036.56026679554,26.2784410622703,0.0806876933618488,0.10797118000041528,-0.4687027819556779,72.3505008539519,1962,52,39,3.414159102905935,-582533.2533494452,0.9236291508868343
30,0.4,1.0,usd,train,1.7070795514529675,1.3131381165022826,False,784920,10771,41506,627,40879,-4.052210030132544,-4.7818141894472905,-3.354041357437487,0.36895301616109544,-5.110923479852099,-6.095361760987442,-4.1634090410788,0.32762543115046844,166789.57134783608,26.023532865285354,0.08559407030504661,0.10660730448396487,-0.5314436227426437,74.25363214836197,1599,52,39,3.414159102905935,-485859.2786534594,1.0288958319544654
30,0.4,1.0,usd,val,1.7070795514529675,1.3131381165022826,False,784920,10771,7436,154,7282,-3.6462808864366782,-4.921442348240468,-2.336058254901089,0.6626519391253614,-5.5152431277131,-7.814915252732741,-3.4340481800553655,0.32834386157649,26669.37908869789,27.70942048887668,0.0531447404559187,0.11562757484207635,-0.11649420868866693,60.57008107316505,364,0,0,3.414159102905935,-96673.97469598583,1.9885506396690418
30,0.4,1.0,jpy,full,1.7070795514529675,1.3131381165022826,False,793744,10830,49248,783,48465,-3.860080204419878,-4.468934851801494,-3.2223477985619784,0.3182243234452892,-5.169690123946443,-6.074284115448047,-4.2710420374446265,0.3283194057567317,187341.4503424683,26.4193335396678,0.08069741050242443,0.10902713298256474,-0.33689396853137843,72.75531223910193,1962,46,35,3.414159102905935,-565706.0228401874,0.925879434506352
30,0.4,1.0,jpy,train,1.7070795514529675,1.3131381165022826,False,793744,10830,41686,628,41058,-3.8525936632662674,-4.5361321797312195,-3.15144886394694,0.3512999664635066,-5.070146099446155,-6.020860951257539,-4.087982127630833,0.3271956744118077,158567.23251840757,26.156510302498905,0.08507477227336938,0.10775001217789469,-0.3306845481824367,74.8861118222686,1599,46,35,3.414159102905935,-460102.81873690593,1.035395383471903
30,0.4,1.0,jpy,val,1.7070795514529675,1.3131381165022826,False,793744,10830,7562,155,7407,-3.901579111762256,-5.079230292922076,-2.7128126792946583,0.6046208369186483,-6.255947127028504,-8.402293508805489,-4.215729117130422,0.33454840016200893,29158.58323697126,27.8761981909005,0.05643310382071014,0.11610638585122182,-0.3713136230050988,59.58201596397205,364,0,0,3.414159102905935,-105603.20410328139,1.9395360605674765
30,0.8,0.25,usd,full,2.1488128406044376,1.6529329543111058,False,303673,4161,33310,294,33016,-4.361842436438579,-5.023559526051831,-3.6720044699695418,0.35417910997044977,-4.910491081871628,-5.747376109457974,-4.097226487952323,0.23727889508117275,144342.13530418088,15.284013811485341,0.7206203053065181,0.06324206445359826,-0.0009746907761057372,70.6511512392185,1962,35,19,4.297625681208875,-397497.0230448513,1.0893334819130513
30,0.8,0.25,usd,train,2.1488128406044376,1.6529329543111058,False,303673,4161,29316,233,29083,-4.322030289676757,-5.084378812053774,-3.5456052263815128,0.3916219149894228,-4.945153952178447,-5.90644427811737,-4.056449203074524,0.2358422446102534,126214.85612380887,14.97376474228931,0.7246501392566104,0.062304439019358386,0.037899830551477005,71.96865006488795,1598,35,19,4.297625681208875,-330576.15400748164,1.1822997351829034
30,0.8,0.25,usd,val,2.1488128406044376,1.6529329543111058,False,303673,4161,3994,61,3933,-4.656237723566494,-6.3085480244064875,-3.032758530208402,0.8392787756604198,-5.2423123243288074,-7.3958796039537935,-3.189422544550975,0.2479023646071701,18520.73998477811,17.578184591914567,0.6908212560386473,0.07017543859649122,-0.2884366037611275,60.02493631759822,364,0,0,4.297625681208875,-66920.86903736962,2.6814738876739495
30,0.8,0.25,jpy,full,2.1488128406044376,1.6529329543111058,False,306237,4204,33529,292,33237,-4.0869714895501446,-4.848116476748196,-3.3865704511649017,0.36481130788847566,-4.57324912230636,-5.475265295725328,-3.7794481576577312,0.23786743689261966,136127.9791512799,15.406805668381622,0.7192586575202334,0.06498781478472786,0.27564200644345865,71.22399042403963,1962,31,17,4.297625681208875,-383677.52523626795,1.0945087322039306
30,0.8,0.25,jpy,train,2.1488128406044376,1.6529329543111058,False,306237,4204,29469,235,29234,-4.05105442586627,-4.78891492120416,-3.250489624119696,0.399045215202881,-4.636167151004691,-5.508291633360922,-3.671009279648148,0.23684750632824794,118812.91181577566,15.092631867004172,0.7239173565027023,0.06424026818088527,0.31081152352349056,72.60197372348175,1598,31,17,4.297625681208875,-320044.2408153612,1.1896196890251025
30,0.8,0.25,jpy,val,2.1488128406044376,1.6529329543111058,False,306237,4204,4060,57,4003,-4.349274622134306,-6.149115641117559,-2.4268612259153084,0.9505942716317617,-4.511330155778866,-6.935553440553311,-2.4307575169554614,0.24531601299025732,17718.323055456607,17.701224081938545,0.685236072945291,0.0704471646265301,0.018798223701098852,60.219179353410254,364,0,0,4.297625681208875,-63633.28442090671,2.666526322242464
30,0.8,0.5,usd,full,2.1488128406044376,1.6529329543111058,True,303673,4161,24031,366,23665,-4.495096721201012,-5.544329684120843,-3.436661083414455,0.541087750591768,-3.353182901701449,-4.204857699933092,-2.5468236972583074,0.3065286287766744,106700.39478657511,24.817874498204098,0.43680540883160784,0.10361293048806254,-0.09385810950407437,87.04620831100588,1962,32,17,4.297625681208875,-339195.10858355847,1.5852597800355956
30,0.8,0.5,usd,train,2.1488128406044376,1.6529329543111058,True,303673,4161,21036,292,20744,-4.435717706313028,-5.600952077388156,-3.280247395941923,0.601457490181406,-3.344196909826406,-4.245440715351624,-2.46688934585113,0.30495564982645584,92507.65827616861,24.39683763979946,0.44383918241419207,0.10248746625530274,-0.035604558848850124,88.55941665018256,1598,32,17,4.297625681208875,-287351.5731464391,1.7226312944448319
30,0.8,0.5,usd,val,2.1488128406044376,1.6529329543111058,True,303673,4161,2995,74,2921,-4.91678733566056,-7.426367868623544,-2.3761934459193412,1.278867928371502,-3.8081310160467434,-6.025808489622048,-1.703051911023661,0.31769941800753165,14621.193208575969,27.807942485450187,0.38685381718589523,0.11160561451557685,-0.5075560399361067,75.44378857660354,364,0,0,4.297625681208875,-51843.535437119324,3.910763455435233
30,0.8,0.5,jpy,full,2.1488128406044376,1.6529329543111058,True,306237,4204,24206,374,23832,-4.1905051273279,-5.217900720171983,-3.2693654024794667,0.49704372838031224,-3.385504797600962,-4.245095339612377,-2.5641156418215316,0.30891238670694865,100075.54487155261,24.988293051359516,0.43366062437059416,0.1045652903658946,0.21168584424686962,87.20696560109239,1962,27,14,4.297625681208875,-328496.07446988067,1.5826131412695446
30,0.8,0.5,jpy,train,2.1488128406044376,1.6529329543111058,True,306237,4204,21111,301,20810,-4.009931954411652,-5.0440131334211475,-2.8885245305172123,0.5652561235108219,-3.2891627185494823,-4.244559568956166,-2.3600718751760894,0.3084094185487746,83856.55183028583,24.636857280153773,0.4403171552138395,0.10408457472369054,0.3917783015209138,89.08085613421535,1598,26,13,4.297625681208875,-270170.4699425067,1.7300242054038715
30,0.8,0.5,jpy,val,2.1488128406044376,1.6529329543111058,True,306237,4204,3095,73,3022,-5.433962350487108,-7.7097320091442985,-2.9839482861335886,1.2059044143147601,-4.25966406672342,-6.397616187356557,-2.1787448423447544,0.3123759099933819,16860.816933823626,27.40833884844474,0.3878226340172071,0.10787557908669755,-1.0284610901915348,73.00926258433716,364,1,1,4.297625681208875,-58325.60452737396,3.7207849454915367
30,0.8,1.0,usd,full,2.1488128406044376,1.6529329543111058,False,303673,4161,20286,417,19869,-4.291557843255497,-5.622092775390373,-3.0372081595534346,0.6668773645484869,-2.651898579086735,-3.4593287420714853,-1.8555909546327838,0.34913684634355024,86205.239880611,31.863203986109013,0.16045095374704313,0.1327696411495294,0.1388374791029076,97.92125910772624,1962,28,17,4.297625681208875,-302465.546819112,1.946223990396367
30,0.8,1.0,usd,train,2.1488128406044376,1.6529329543111058,False,303673,4161,17649,333,17316,-4.2644997472715165,-5.688015647671372,-2.7911463697588865,0.7662792880528274,-2.6424882081676175,-3.5912714833779384,-1.7685239302359732,0.3478285978285978,75197.71435254285,31.505370755370755,0.1652806652806653,0.1317856317856318,0.1649115657229908,99.81141252949683,1598,28,17,4.297625681208875,-262908.8862166517,2.1250064400435753
30,0.8,1.0,usd,val,2.1488128406044376,1.6529329543111058,False,303673,4161,2637,84,2553,-4.475082320364235,-7.279981006721421,-1.6919023591485787,1.4476438676811643,-3.0626982885120024,-5.168370406994825,-1.0635564423967654,0.35801018409714064,11582.29528650344,34.290246768507636,0.12769291030160596,0.13944379161770465,-0.038012847537655756,84.00284553320262,364,0,0,4.297625681208875,-39556.660602460295,4.657709815923113
30,0.8,1.0,jpy,full,2.1488128406044376,1.6529329543111058,False,306237,4204,20422,423,19999,-3.9347512556395476,-5.112701857720019,-2.670359948015926,0.6339511542600057,-2.616637166721746,-3.4273813129161255,-1.7401998798587466,0.3504175208760438,83084.4872495701,32.07885394269714,0.15800790039501975,0.13410670533526675,0.49698113090459367,98.39614895864992,1962,22,13,4.297625681208875,-296324.7756566885,1.949296030759951
30,0.8,1.0,jpy,train,2.1488128406044376,1.6529329543111058,False,306237,4204,17684,338,17346,-3.654809557436531,-5.0000712157003,-2.270226991407526,0.6969782281947189,-2.455351815430966,-3.439805954871106,-1.5366732951955555,0.35074368730543065,68338.43638568181,31.830335524040123,0.16245820362043123,0.13444021676467197,0.7772563405370153,100.73738756720712,1598,22,13,4.297625681208875,-241528.96398406208,2.142865192221947
30,0.8,1.0,jpy,val,2.1488128406044376,1.6529329543111058,False,306237,4204,2738,85,2653,-5.765082464470879,-8.78712361611176,-2.927611859228022,1.4920135346652414,-3.8250921412081915,-6.052075893266116,-1.8245103963177183,0.3482849604221636,15920.079827809172,33.70373162457595,0.12891066716924238,0.13192612137203166,-1.3355306618899727,81.43926647577264,364,0,0,4.297625681208875,-54795.8116726264,4.429646461064556
30,1.2,0.25,usd,full,2.539919863368455,1.953784510283427,False,146985,2055,19037,155,18882,-5.160296734783613,-6.1766564884622355,-4.101323348388299,0.538734740829566,-3.607830537860946,-4.38802580631284,-2.837247731407956,0.22418176040673657,97436.72294618346,13.459379303039933,0.792924478339159,0.058150619637750235,-0.022306388408953024,78.47710559022256,1952,23,12,5.07983972673691,-261033.03657293017,1.600010444522871
30,1.2,0.25,usd,train,2.539919863368455,1.953784510283427,False,146985,2055,16964,126,16838,-5.048203737098148,-6.251558804098495,-3.8761949202295356,0.6059757456958996,-3.5927521273298018,-4.463855263273412,-2.688965976670398,0.22496733578809835,85284.80851785761,13.30520251811379,0.7942154650195985,0.05784534980401473,0.08948133944277788,79.68545638514505,1598,23,12,5.07983972673691,-215613.58502825652,1.720432543847968
30,1.2,0.25,usd,val,2.539919863368455,1.953784510283427,False,146985,2055,2073,29,2044,-6.083692965227785,-8.77696015755531,-3.3493860875231714,1.3771158895792226,-4.3386821861656175,-6.604055305286811,-2.321403695466575,0.21771037181996086,12435.068420925621,14.729452054794521,0.7822896281800391,0.060665362035225046,-0.9431878764556502,67.71756501897704,354,0,0,5.07983972673691,-45419.451544673604,4.19628256941527
30,1.2,0.25,jpy,full,2.539919863368455,1.953784510283427,False,147714,2030,18995,154,18841,-4.9069390340828445,-5.940883069822977,-3.7938621382612263,0.5361084161789527,-3.4779255211746927,-4.208288103019843,-2.6901703117507605,0.2249349822196274,92708.30390262579,13.65304389363622,0.790934663765193,0.05912637333474868,0.2320270659888138,79.24169944545298,1952,21,10,5.07983972673691,-262791.5138613214,1.6173560729403618
30,1.2,0.25,jpy,train,2.539919863368455,1.953784510283427,False,147714,2030,16911,126,16785,-4.715322657786627,-5.877506505435763,-3.5365293178454067,0.6003480395975991,-3.3988449776919123,-4.252495878370609,-2.5542767471584575,0.22609472743521,79362.4478122818,13.507179028894846,0.7921954125707477,0.05933869526362824,0.42385576421391113,80.73657953363093,1598,21,10,5.07983972673691,-213659.8405188886,1.7458764659989114
30,1.2,0.25,jpy,val,2.539919863368455,1.953784510283427,False,147714,2030,2084,28,2056,-6.471277981617872,-8.88294936924434,-3.7978235334526014,1.2912091314490484,-4.699227616954878,-6.861681816869377,-2.6095243068558664,0.21546692607003892,13561.61309167765,14.84387159533074,0.7806420233463035,0.057392996108949414,-1.3340452587720135,65.77488054866576,354,0,0,5.07983972673691,-49131.67334243279,4.063987376342249
30,1.2,0.5,usd,full,2.539919863368455,1.953784510283427,False,146985,2055,13091,194,12897,-4.74890347545939,-6.509871086530622,-2.9885595075581777,0.9095935056831468,-2.135967822408682,-2.9493316192168093,-1.422865616244314,0.2968907497867721,61397.78402285988,23.741955493525627,0.565712956501512,0.10296968287198573,0.43390593414950446,100.06894630248294,1952,24,12,5.07983972673691,-191224.2876871177,2.4686459830690644
30,1.2,0.5,usd,train,2.539919863368455,1.953784510283427,False,146985,2055,11571,163,11408,-4.318185582689615,-6.360757653522023,-2.3715405889154177,0.9917788372605808,-1.973313063282143,-2.817905637247877,-1.119190189002305,0.2981241234221599,49682.76102650041,23.580820476858346,0.5688990182328191,0.10361150070126227,0.865265644748556,101.87156972996985,1598,24,12,5.07983972673691,-149235.60482153803,2.672096137909863
30,1.2,0.5,usd,val,2.539919863368455,1.953784510283427,False,146985,2055,1520,31,1489,-8.048856276478595,-11.959066815769763,-3.71665675995043,2.1077526702381877,-3.5989231922233786,-5.701073722549,-1.6405257277465983,0.28744123572867697,11984.74699567664,24.976494291470786,0.5413028878441908,0.09805238415043653,-2.870964165591249,84.95650830265203,354,0,0,5.07983972673691,-41988.68286557967,6.168124671296335
30,1.2,0.5,jpy,full,2.539919863368455,1.953784510283427,False,147714,2030,13116,190,12926,-4.609675763107279,-6.155259168668335,-3.0211706386980834,0.8023517956678016,-2.339507476190066,-3.175714256977598,-1.499605056430102,0.29947392851616894,60235.41511790471,23.884109546650162,0.5629738511527155,0.10413120841714374,0.5742951720467733,100.10787313195912,1952,19,9,5.07983972673691,-197258.5029396423,2.4668344005737697
30,1.2,0.5,jpy,train,2.539919863368455,1.953784510283427,False,147714,2030,11573,161,11412,-4.058327080012959,-5.785139426373371,-2.365105330249679,0.875521686245973,-2.1051004634234074,-2.9714518093012385,-1.2055905080373812,0.30029793200140203,46975.699652759424,23.746319663512093,0.5669470732562215,0.10550297932001403,1.1270156260439637,102.48183519998778,1598,19,9,5.07983972673691,-150245.4058228064,2.6876322878402745
30,1.2,0.5,jpy,val,2.539919863368455,1.953784510283427,False,147714,2030,1543,29,1514,-8.765548399482695,-12.613187307146248,-4.9000195170906204,1.979423939319663,-4.10978873404501,-6.206722906216512,-2.068877746366357,0.29326287978863935,13455.376578705433,24.922721268163805,0.5330250990752973,0.09379128137384413,-3.5919173913719407,79.88364902559219,354,0,0,5.07983972673691,-47013.09711683586,5.751734021634946
30,1.2,1.0,usd,full,2.539919863368455,1.953784510283427,False,146985,2055,10492,235,10257,-4.256149014510616,-6.507042803817286,-2.02182104705563,1.1432865251908197,-1.5033638939872849,-2.280737095813642,-0.6997124974856724,0.36248415716096327,53402.76007194948,34.08628253875402,0.2532904357999415,0.1458516135322219,0.9695423257585152,117.49270638998442,1952,14,8,5.07983972673691,-179243.68157354818,3.2501586993091895
30,1.2,1.0,usd,train,2.539919863368455,1.953784510283427,False,146985,2055,9229,195,9034,-3.7531505865786454,-6.1902683837969255,-1.0942061529027707,1.320571049079133,-1.3389725696822932,-2.159519384663008,-0.41517804810665804,0.3650653088332964,43966.67263653494,33.89661279610361,0.25702900154970115,0.14633606375913216,1.4730252039173966,119.68480917185009,1598,14,8,5.07983972673691,-144362.86716409365,3.5277908213241367
30,1.2,1.0,usd,val,2.539919863368455,1.953784510283427,False,146985,2055,1263,40,1223,-7.9716746056286985,-13.298970336815763,-2.689237269706481,2.7061270297188793,-2.952463608530871,-4.905115195592701,-1.0787859761498044,0.34341782502044155,9787.35569719778,35.48732624693377,0.22567457072771874,0.14227309893704007,-2.7495617799547487,99.7843974852918,354,0,0,5.07983972673691,-34880.81440945453,7.99379944599756
30,1.2,1.0,jpy,full,2.539919863368455,1.953784510283427,False,147714,2030,10530,230,10300,-3.4409766069687393,-5.520407899372672,-1.3164028754348345,1.0660180118642935,-1.35993552081459,-2.1932344804055965,-0.5112376367954017,0.3655339805825243,50149.688209885135,34.2847572815534,0.2487378640776699,0.1458252427184466,1.784688362486616,117.97997979466057,1952,10,6,5.07983972673691,-170088.18661107196,3.2568183960141095
30,1.2,1.0,jpy,train,2.539919863368455,1.953784510283427,False,147714,2030,9249,191,9058,-2.8252352931200977,-5.085649418183496,-0.3918450135468037,1.1837925495969033,-1.1277019166321267,-2.039470319717935,-0.19936422248334104,0.3675204239346434,40356.61027444796,34.17376904393906,0.2536983881651579,0.14749392801943034,2.4020983616362424,120.72954307349552,1598,10,6,5.07983972673691,-134800.6190841715,3.55386753539342
30,1.2,1.0,jpy,val,2.539919863368455,1.953784510283427,False,147714,2030,1281,39,1242,-7.931624610866484,-12.562096576356542,-3.257514804138713,2.3119231494798607,-3.2674390557618325,-5.216769012301986,-1.2921003666606081,0.35104669887278583,10032.285656949629,35.094202898550726,0.21256038647342995,0.13365539452495975,-2.718129489604615,95.48521414849166,354,0,0,5.07983972673691,-35287.56752690041,7.590653478967076
60,0.4,0.25,usd,full,1.5650366985939097,1.2038743835337766,False,1101509,14879,59006,869,58137,-3.0380991224566745,-3.490684959408639,-2.550518228286715,0.24116906351906664,-5.213493207287667,-6.247603728361465,-4.276491109853758,0.24996129831260644,176625.96868226328,25.259645320535974,0.5694308271840652,0.10554380170975454,0.1975180764408991,64.54384453303655,1963,74,54,3.1300733971878194,-477419.9109204808,0.7499500857148695
60,0.4,0.25,usd,train,1.5650366985939097,1.2038743835337766,False,1101509,14879,50489,688,49801,-2.902673318488939,-3.4633691108186744,-2.355894403357723,0.2721194895187907,-4.989556652596065,-6.103468273807993,-3.95870834194153,0.2498142607578161,144984.8832907171,24.481255396477984,0.5770767655267967,0.10317061906387422,0.33057069776275455,66.01844381316643,1598,74,54,3.1300733971878194,-357860.17226858,0.8288006606296244
60,0.4,0.25,usd,val,1.5650366985939097,1.2038743835337766,False,1101509,14879,8517,181,8336,-3.8471610782384915,-4.8829574738328265,-2.747732854825767,0.5372978668170235,-6.874196457251978,-9.14671820435109,-4.750225127691445,0.25083973128598847,32150.086780598067,29.909908829174665,0.5237523992322457,0.11972168905950097,-0.5973659919911707,54.91203700945707,365,0,0,3.1300733971878194,-119559.73865190079,1.6849714201501749
60,0.4,0.25,jpy,full,1.5650366985939097,1.2038743835337766,False,1113786,14973,59120,897,58223,-3.0868380156728312,-3.5525907825156104,-2.614040001237942,0.24111914523870437,-5.348870767058572,-6.344678570690921,-4.4080722249572855,0.25053672947117117,179807.67590615668,25.47821307730622,0.5670267763598578,0.10586881472957423,0.14910419624456206,63.29431474444546,1963,74,57,3.1300733971878194,-452368.28345837945,0.7348881595710145
60,0.4,0.25,jpy,train,1.5650366985939097,1.2038743835337766,False,1113786,14973,50546,714,49832,-2.988778902637672,-3.4962907101984126,-2.4658386738613163,0.26895796876390626,-5.146959198965674,-6.280910026949143,-4.13591315611625,0.24961871889548884,149168.09704288206,24.661382244340984,0.5749719056028255,0.10326697704286403,0.2445614715930114,64.52839113175608,1598,74,57,3.1300733971878194,-337571.1799480554,0.8098424086646961
60,0.4,0.25,jpy,val,1.5650366985939097,1.2038743835337766,False,1113786,14973,8574,183,8391,-3.669185974291359,-4.635940046471189,-2.6531559805463916,0.5017512486297862,-7.1180873319332525,-9.432042138475003,-5.14138389044675,0.25598855917053986,30950.99766231686,30.32916219759266,0.5198426885949231,0.12132046240019068,-0.41779211470334887,55.40183624540478,365,0,0,3.1300733971878194,-114797.10351032403,1.6944202619373314
60,0.4,0.5,usd,full,1.5650366985939097,1.2038743835337766,False,1101509,14879,44644,973,43671,-2.7817439300420017,-3.454784927582053,-2.1388107093988116,0.3338821442462486,-3.551647097138773,-4.540651114365312,-2.586865941041183,0.3001305213986398,129214.84534795604,35.27503377527421,0.26186714295527924,0.14810743971972248,0.49643690686554054,76.04391378023388,1963,63,46,3.1300733971878194,-366760.9667401019,1.0194636138224378
60,0.4,0.5,usd,train,1.5650366985939097,1.2038743835337766,False,1101509,14879,37882,776,37106,-2.616502909871657,-3.3192216612265844,-1.84161480900121,0.3838400704328892,-3.327257530434862,-4.4487670154978405,-2.315679459906333,0.3009216838247184,105296.1393927533,34.466743922815716,0.2723279254028998,0.146068021344257,0.659638508660419,78.03386235793103,1598,63,46,3.1300733971878194,-275703.47115776205,1.1349190098883597
60,0.4,0.5,usd,val,1.5650366985939097,1.2038743835337766,False,1101509,14879,6762,197,6565,-3.7157017814419713,-5.12773996406379,-2.3077339830254444,0.7207454392809974,-5.07309907836281,-7.3899449328798825,-2.9653882142215684,0.29565879664889566,24532.001655375054,39.84356435643564,0.20274181264280275,0.15963442498095964,-0.4259939592731922,63.63444702368793,365,0,0,3.1300733971878194,-91057.49558233989,2.200284030278065
60,0.4,0.5,jpy,full,1.5650366985939097,1.2038743835337766,False,1113786,14973,44915,989,43926,-2.9468937830004776,-3.56663237267282,-2.305914639573519,0.3230024829383843,-3.871927777148613,-4.838646923450716,-2.936012795998522,0.29950371078632243,132457.45706892095,35.35097664253517,0.2604607749396713,0.14738423712607568,0.33056385131341814,74.28357692220158,1963,65,53,3.1300733971878194,-371093.7963930126,0.9929692888554432
60,0.4,0.5,jpy,train,1.5650366985939097,1.2038743835337766,False,1113786,14973,38064,789,37275,-2.794465154688012,-3.5017875052160994,-2.084619253174898,0.36482345730004023,-3.6183602965274635,-4.696402750658568,-2.5942881621123868,0.3002548625083836,107336.90796732482,34.53515761234071,0.2713883299798793,0.1454057679409792,0.4810140104407868,76.03053092255965,1598,65,53,3.1300733971878194,-277099.72701827215,1.103273113084295
60,0.4,0.5,jpy,val,1.5650366985939097,1.2038743835337766,False,1113786,14973,6851,200,6651,-3.8011678952162553,-5.06752561842646,-2.5650688379985724,0.6257045951663393,-5.863426192288948,-7.8725773812438185,-3.9057378409214603,0.29529394076078785,25433.868229441232,39.923169448203275,0.1992181626823034,0.15847241016388514,-0.5126220878645509,63.60945384794592,365,0,0,3.1300733971878194,-93994.06937474041,2.1851539026100135
60,0.4,1.0,usd,full,1.5650366985939097,1.2038743835337766,False,1101509,14879,39517,1009,38508,-3.136630246455307,-3.891107616047819,-2.377447584190264,0.38677076068884214,-3.4545096951658403,-4.384123736517645,-2.5436460485811696,0.31879090059208476,130069.9079759793,40.45909940791524,0.08943596135867872,0.17009452581281811,0.1635376765453301,81.76636022088542,1963,60,43,3.1300733971878194,-375063.36871010874,1.1673551984101151
60,0.4,1.0,usd,train,1.5650366985939097,1.2038743835337766,False,1101509,14879,33289,808,32481,-2.9950923853187192,-3.815319783208854,-2.176103285042644,0.4196457609775362,-3.263761571204084,-4.34144681853867,-2.238137357394245,0.32064899479695824,106973.79961256828,39.834641790585266,0.09547119854684277,0.16896031526122965,0.3039413271303292,84.19220604887987,1598,60,43,3.1300733971878194,-289642.34942092176,1.3087630672935304
60,0.4,1.0,usd,val,1.5650366985939097,1.2038743835337766,False,1101509,14879,6228,201,6027,-3.8994129356169975,-5.459365143395845,-2.2522103823193462,0.8134449092133047,-4.752542750502763,-6.836787770094971,-2.7041343991612026,0.30877716940434713,23581.91379536566,43.82445661191306,0.056910569105691054,0.17620706819313092,-0.5931324702360472,67.20273094909031,365,0,0,3.1300733971878194,-85421.01928918698,2.425158700041468
60,0.4,1.0,jpy,full,1.5650366985939097,1.2038743835337766,False,1113786,14973,39736,1017,38719,-3.2227251412955824,-3.9457205738071837,-2.4852692064284687,0.37088095875753635,-3.6410094644879916,-4.622784976029642,-2.7378576287677334,0.3201012422841499,129385.84654277857,40.59340375526227,0.0898783542963403,0.16896097523179834,0.07630923112403518,80.19145959434736,1963,64,52,3.1300733971878194,-366243.835282003,1.141747027394094
60,0.4,1.0,jpy,train,1.5650366985939097,1.2038743835337766,False,1113786,14973,33434,813,32621,-3.0859398455010267,-3.907897878182066,-2.217491605156411,0.4255355262313245,-3.427419308205536,-4.512497228906467,-2.468682298526904,0.3216946138990221,105334.46058851651,39.960087060482515,0.09524539407130377,0.16780601453051716,0.21193956621730933,82.51135482150941,1598,64,52,3.1300733971878194,-277657.44343160786,1.2798790210715185
60,0.4,1.0,jpy,val,1.5650366985939097,1.2038743835337766,False,1113786,14973,6302,204,6098,-3.9544524509240175,-5.428414979712414,-2.553827345431237,0.7275199349388498,-5.2109352207319,-7.25513754139136,-3.370673092197962,0.3115775664152181,24299.88280059587,43.981305346015084,0.061167595933092817,0.1751393899639226,-0.649239663772275,66.42023912003754,365,0,0,3.1300733971878194,-88586.39185039516,2.382926034380258
60,0.8,0.25,usd,full,1.9071516845957124,1.4670397573813172,False,512271,6995,33334,476,32858,-4.1739884224009485,-4.889048461548624,-3.4648437256021287,0.3753486290871856,-4.438767847411031,-5.4303336280023045,-3.516423436503591,0.2147726581045712,137148.91158325068,23.45300992148031,0.7449936088623775,0.0965366120883803,-0.2631484411211431,75.62734153615374,1962,28,22,3.8143033691914248,-387817.5908565002,1.1688589564890546
60,0.8,0.25,usd,train,1.9071516845957124,1.4670397573813172,False,512271,6995,28912,384,28528,-3.9291417379457005,-4.735130545383428,-3.0695399098488276,0.42236533389115716,-4.21059465379803,-5.2286161794677195,-3.1977014901726184,0.2155776780706674,112500.75948963163,22.920534212002245,0.7478617498597869,0.09639652271452608,-0.01844184603975015,77.214976491045,1598,25,19,3.8143033691914248,-297162.6838130007,1.2807657876518994
60,0.8,0.25,usd,val,1.9071516845957124,1.4670397573813172,False,512271,6995,4422,92,4330,-5.7871492108857705,-7.476638597439412,-4.119351512135547,0.8637118934866022,-6.3152233014444965,-8.386797994506761,-4.384178925269036,0.20946882217090068,25203.74048499814,26.96120092378753,0.7260969976905312,0.09745958429561201,-1.8753862573987345,64.17760753689818,364,3,3,3.8143033691914248,-90654.90704349955,2.732394561706309
60,0.8,0.25,jpy,full,1.9071516845957124,1.4670397573813172,False,517059,7014,33405,492,32913,-4.1268085068750935,-4.863384236670493,-3.4048305389001445,0.37425915974915563,-4.423923205061541,-5.322376922752161,-3.5141702351406097,0.21708747303497097,136354.8085536437,23.65648831768602,0.7409838057910249,0.0963145261750676,-0.21619061150860164,73.5792222127352,1962,21,19,3.8143033691914248,-364682.12402669195,1.1362536601093873
60,0.8,0.25,jpy,train,1.9071516845957124,1.4670397573813172,False,517059,7014,29017,399,28618,-3.9863667156538476,-4.833658723482638,-3.135894276471637,0.4288492254524257,-4.313849020964591,-5.310482175549027,-3.3715521669357815,0.2171710112516598,114389.95967717672,23.042840170522048,0.7447061290097141,0.09630302606750996,-0.07576032039491351,74.72439929856311,1598,20,18,3.8143033691914248,-289740.1934004868,1.2375040535547572
60,0.8,0.25,jpy,val,1.9071516845957124,1.4670397573813172,False,517059,7014,4388,93,4295,-5.062585731827273,-6.707151967708697,-3.4661018369686953,0.8359112608551672,-5.506416660000152,-7.442132381610371,-3.574492550198579,0.21653084982537835,22671.837969490032,27.745285215366707,0.7161816065192084,0.09639115250291036,-1.1518912101329382,65.4393740943109,364,1,1,3.8143033691914248,-74941.93062620518,2.7974439267477966
60,0.8,0.5,usd,full,1.9071516845957124,1.4670397573813172,False,512271,6995,22938,554,22384,-3.8195475333400712,-5.006900704892711,-2.667335928747651,0.5919290111291091,-2.728783712418209,-3.7188718483840884,-1.8101976575248393,0.29150285918513225,91747.74129247743,39.054235167977126,0.4687723373838456,0.16145461043602574,0.15621044628737799,94.99044843933922,1962,24,22,3.8143033691914248,-280286.04712399945,1.778750055864169
60,0.8,0.5,usd,train,1.9071516845957124,1.4670397573813172,False,512271,6995,19785,451,19334,-3.4287526809641395,-4.699512723508653,-2.1309810340215316,0.6599152233950366,-2.4532357426422045,-3.521098129068247,-1.4549341674365914,0.2928002482673011,72930.79819324991,38.29166235647047,0.47501810282404056,0.16178752456811835,0.5473382127954028,97.19073072316395,1598,22,20,3.8143033691914248,-210620.24057484744,1.9582486129527361
60,0.8,0.5,usd,val,1.9071516845957124,1.4670397573813172,False,512271,6995,3153,103,3050,-6.296802509024097,-8.718209358898648,-3.7927945553489604,1.2433023451109717,-4.829636909631785,-6.939731482078132,-2.8751609480252283,0.28327868852459015,19932.25643768956,43.88819672131147,0.42918032786885246,0.15934426229508197,-2.3231548775375908,79.61046357828533,364,2,2,3.8143033691914248,-69665.806549152,4.038537041202381
60,0.8,0.5,jpy,full,1.9071516845957124,1.4670397573813172,False,517059,7014,23076,571,22505,-4.071887786719808,-5.142830325564408,-2.9132652715396494,0.582333172545722,-2.9622264107936997,-3.8361763064372605,-2.1038031366652774,0.2926905132192846,99042.31361900481,39.15974227949344,0.46682959342368363,0.16147522772717174,-0.09610918980121105,92.41099359893487,1962,26,23,3.8143033691914248,-274612.1442782091,1.7257900808845108
60,0.8,0.5,jpy,train,1.9071516845957124,1.4670397573813172,False,517059,7014,19889,466,19423,-3.7065270572773854,-4.930085626236244,-2.495360436204084,0.6321487335870531,-2.7108324371656067,-3.736358304183755,-1.7789067517225199,0.2927971991968285,79184.66301023179,38.34932811615096,0.4726355351902384,0.16186994799979407,0.26964625991383295,94.24724155890527,1598,26,23,3.8143033691914248,-206654.9224729753,1.8945860287480802
60,0.8,0.5,jpy,val,1.9071516845957124,1.4670397573813172,False,517059,7014,3187,105,3082,-6.374419080671838,-8.94999317079375,-3.77171182158926,1.288847703918731,-4.774844361784874,-6.813670078532956,-2.7943967669344523,0.2920181700194679,21138.98007814496,44.26703439325114,0.43024010382868266,0.15898767034393252,-2.4011280411364817,79.84852504268983,364,0,0,3.8143033691914248,-67957.22180523374,4.029530232026773
60,0.8,1.0,usd,full,1.9071516845957124,1.4670397573813172,False,512271,6995,18990,604,18386,-3.946540870629865,-5.346631296597372,-2.4544227875065388,0.7333933822521711,-2.279371262798442,-3.164963501864658,-1.4283267413049643,0.3363428695746764,83669.83654648408,50.537637332753185,0.1748069183074078,0.20885456325465027,0.07661706181620964,107.27961503878379,1962,22,20,3.8143033691914248,-257282.12948276201,2.216549405566332
60,0.8,1.0,usd,train,1.9071516845957124,1.4670397573813172,False,512271,6995,16273,490,15783,-3.4779209639521316,-5.0143032555932034,-1.8499808912490734,0.8284777823194299,-2.006034688913565,-2.972887017165827,-1.023070759644897,0.3396059050877526,66454.91433536887,49.83919406956852,0.18184122156750934,0.2097193182538174,0.5461017234931097,110.00240421116861,1598,20,18,3.8143033691914248,-194995.4789825933,2.453077314926166
60,0.8,1.0,usd,val,1.9071516845957124,1.4670397573813172,False,512271,6995,2717,114,2603,-6.787965375852551,-10.005623493391168,-3.551468302639131,1.635166628163042,-4.229378269131151,-6.317232772451919,-2.199717735142071,0.31655781790242027,18384.656101043493,54.77257011140991,0.13215520553207838,0.20361121782558586,-2.770050788835542,88.96964993933102,364,2,2,3.8143033691914248,-62286.650500168704,4.885495697030223
60,0.8,1.0,jpy,full,1.9071516845957124,1.4670397573813172,False,517059,7014,19071,620,18451,-4.053003020141272,-5.5029733528196685,-2.6271561243377795,0.7309878450684649,-2.340733084107925,-3.251348433216142,-1.4554906077394922,0.3363503333152675,90651.24938114017,50.70353910357162,0.17218578938810905,0.20833559156685275,-0.030364059382995044,104.78095511997235,1962,22,19,3.8143033691914248,-256555.31492955048,2.1611068297340954
60,0.8,1.0,jpy,train,1.9071516845957124,1.4670397573813172,False,517059,7014,16313,501,15812,-3.538393399028788,-5.145479946042301,-1.931748313131655,0.8093155143974063,-2.0444291183586394,-3.0737007630346684,-1.0813384109667021,0.3385403491019479,71776.02763904673,49.988489754616744,0.17853528965342777,0.2090817100935998,0.4849916802562358,107.2293578634212,1598,22,19,3.8143033691914248,-191208.6756384719,2.3890439525979796
60,0.8,1.0,jpy,val,1.9071516845957124,1.4670397573813172,False,517059,7014,2758,119,2639,-7.136370708292314,-10.096033184252821,-3.9197543411900564,1.610193977262325,-4.3497599228227495,-6.237911268828069,-2.4317575045262667,0.3232284956422887,20011.380056684247,54.98787419477075,0.1341417203486169,0.20386510041682457,-3.1182022386840655,88.66192921843208,364,0,0,3.8143033691914248,-65346.63929107855,4.8352765609207005
60,1.2,0.25,usd,full,2.1293743015499857,1.6379802319615275,False,280543,3777,21205,265,20940,-4.242125069235717,-5.297228028327595,-3.093835982167411,0.5655644351166911,-3.1651544909173444,-4.083724212861767,-2.3465257062572515,0.20291308500477556,88830.09894979627,20.936819484240687,0.8097421203438395,0.08404966571155682,0.10067319957581142,82.18462038420871,1960,10,7,4.2587486030999715,-260937.304486394,1.5911314212623766
60,1.2,0.25,usd,train,2.1293743015499857,1.6379802319615275,False,280543,3777,18656,218,18438,-4.017084427048956,-5.198067835975222,-2.8342899288850045,0.6025004066449778,-3.0327353619744275,-4.064617679767932,-2.0512798232799736,0.20338431500162707,74305.95256892902,20.564540622627185,0.8120186571211628,0.08547564811801714,0.3271398241690335,83.77116309942134,1598,10,7,4.2587486030999715,-208743.92756719407,1.7283889352196231
60,1.2,0.25,usd,val,2.1293743015499857,1.6379802319615275,False,280543,3777,2549,47,2502,-5.9005180990676545,-8.190734181904187,-3.5930888234875455,1.159219774905597,-4.581054085307448,-6.602498942437408,-2.6825792887131406,0.19944044764188648,14786.485657752513,23.68025579536371,0.7929656274980016,0.07354116706634692,-1.568228328901336,69.37513421977178,362,0,0,4.2587486030999715,-52193.376919199865,3.8856530608736892
60,1.2,0.25,jpy,full,2.1293743015499857,1.6379802319615275,False,282056,3748,21084,263,20821,-4.206241069402472,-5.272105325825522,-3.1494332648152685,0.5351974330862854,-3.257896110182823,-4.115956288709661,-2.3965918726468005,0.20364055520868354,87692.9442624819,21.24734642908602,0.8077421833725565,0.08616300850103262,0.13867054219853242,80.01889192222112,1962,13,10,4.2587486030999715,-252166.26283781603,1.553622772632682
60,1.2,0.25,jpy,train,2.1293743015499857,1.6379802319615275,False,282056,3748,18568,219,18349,-4.018240750761135,-5.12390131499168,-2.840671032227073,0.5884017766798385,-3.154494974568272,-4.126755510054772,-2.2517813673762865,0.20447980816393263,73951.23386316131,20.85034606790561,0.8100713935364325,0.08741620796773666,0.32792406030657417,81.1029064457778,1598,13,10,4.2587486030999715,-200874.22614036006,1.6773900214286726
60,1.2,0.25,jpy,val,2.1293743015499857,1.6379802319615275,False,282056,3748,2516,44,2472,-5.601717544624923,-7.9184831471990265,-3.260919766553621,1.1921930668521878,-4.459404090850991,-6.674550055103431,-2.4078983898478787,0.19741100323624594,13985.634100650841,24.194174757281555,0.790453074433657,0.07686084142394822,-1.2661081001010028,71.4598280598356,364,0,0,4.2587486030999715,-51292.036697455995,4.02662857393751
60,1.2,0.5,usd,full,2.1293743015499857,1.6379802319615275,False,280543,3777,13850,313,13537,-3.5996695180855984,-5.291972543598454,-1.837518364437412,0.8784481397062242,-1.7373103817382896,-2.6621539419701885,-0.9018964987553755,0.2815985816650661,56908.20577344839,37.828617862155575,0.5904557878407328,0.1526187486149073,0.8116978336292823,106.96594447644686,1960,8,6,4.2587486030999715,-190175.43321957943,2.575657744529208
60,1.2,0.5,usd,train,2.1293743015499857,1.6379802319615275,False,280543,3777,12112,262,11850,-3.1535988723640678,-5.100700972762324,-1.2511140097433109,0.9803511942513847,-1.5414233898705625,-2.554483827839596,-0.5608439626100234,0.28135021097046414,45780.909457800204,37.242194092827006,0.5943459915611814,0.15628691983122364,1.2614366505671293,109.23722813016553,1598,8,6,4.2587486030999715,-151331.55162752894,2.8113526998202523
60,1.2,0.5,usd,val,2.1293743015499857,1.6379802319615275,False,280543,3777,1738,51,1687,-6.733005114884733,-10.338352832388797,-2.668545281873211,1.9756969798897346,-3.255158044843212,-5.236012221030472,-1.329601203707253,0.2833432128037937,11410.253803793084,41.947836395969176,0.5631298162418494,0.12685240071132187,-2.347404111073439,89.36541425829643,362,0,0,4.2587486030999715,-38843.88159205046,6.09559029569406
60,1.2,0.5,jpy,full,2.1293743015499857,1.6379802319615275,False,282056,3748,13874,316,13558,-3.727024162017188,-5.364110866254843,-2.118108214025328,0.8423667590745344,-1.8637530909191422,-2.752389555560124,-1.0249477960879658,0.2830063431184541,58000.30043778293,38.07014308895117,0.5859271278949698,0.15370998672370556,0.6854344278064906,103.9712556949112,1962,9,7,4.2587486030999715,-180445.17530306138,2.5016083146127746
60,1.2,0.5,jpy,train,2.1293743015499857,1.6379802319615275,False,282056,3748,12139,268,11871,-3.3906995672848126,-5.258776595845466,-1.5774057278570912,0.934068662958478,-1.7081695449863026,-2.6704735445583445,-0.7468004826193205,0.2822845590093505,47821.76963082914,37.47106393732626,0.5895880717715442,0.15685283463903632,1.0249018704541963,105.7608705378205,1598,9,7,4.2587486030999715,-143610.10048157198,2.7194758207572463
60,1.2,0.5,jpy,val,2.1293743015499857,1.6379802319615275,False,282056,3748,1735,48,1687,-6.093656802247198,-9.59434315695853,-2.432454707300069,1.8133071669750076,-3.261772755159977,-5.357276709493522,-1.3177594250633327,0.2880853586247777,10424.368641649646,42.285714285714285,0.5601659751037344,0.13159454653230587,-1.7033136526149188,90.37431387290519,364,0,0,4.2587486030999715,-36835.074821489434,6.164407060559756
60,1.2,1.0,usd,full,2.1293743015499857,1.6379802319615275,False,280543,3777,10863,364,10499,-3.607129245367976,-5.8811587975037805,-1.34423400954433,1.152839106791714,-1.3249411579161487,-2.2368975099037725,-0.4711623546630473,0.3486046290122869,52902.11326110941,54.48156967330222,0.2792646918754167,0.22383084103247927,0.8754501987644748,126.35201709234984,1960,10,8,4.2587486030999715,-178889.22231263525,3.4547135942123
60,1.2,1.0,usd,train,2.1293743015499857,1.6379802319615275,False,280543,3777,9422,307,9115,-2.7708756292497765,-5.186942999413635,-0.19335450863870207,1.2676412690043635,-1.0312414251108468,-1.993771746455722,-0.10257969307578539,0.35063082830499176,40698.0346658021,53.90202962150302,0.28491497531541415,0.22819528250137136,1.716068256351568,129.3043005753046,1598,10,8,4.2587486030999715,-137896.14692673483,3.7943594494990283
60,1.2,1.0,usd,val,2.1293743015499857,1.6379802319615275,False,280543,3777,1441,57,1384,-9.114681059614655,-14.226971982073962,-3.5284980302563995,2.761218157417544,-3.2616105950638867,-5.210636308075015,-1.3466122236602218,0.3352601156069364,12753.706470487383,58.29841040462428,0.2420520231213873,0.19508670520231214,-4.660845751312371,104.72564908330688,362,0,0,4.2587486030999715,-40993.075385900425,7.886582542412148
60,1.2,1.0,jpy,full,2.1293743015499857,1.6379802319615275,False,282056,3748,10849,370,10479,-3.247406050249693,-5.448077831890259,-1.024938633367758,1.1299471644219672,-1.2308168157521149,-2.1001808176466463,-0.4060052311424318,0.35232369500906574,49107.1244367011,54.857142857142854,0.2738810955243821,0.22712090848363392,1.2384634613339134,123.32404925880253,1962,11,9,4.2587486030999715,-155741.80636823835,3.375139232670985
60,1.2,1.0,jpy,train,2.1293743015499857,1.6379802319615275,False,282056,3748,9425,312,9113,-2.621056486944309,-5.199846570908718,-0.162640917946284,1.262199056812072,-1.0028167349369408,-1.981318773675959,-0.09691097434395056,0.3538900471853396,39259.30281866624,54.28431910457588,0.2796005706134094,0.2317568309009108,1.8694489470565725,125.7505483825063,1598,11,9,4.2587486030999715,-121505.78721103471,3.6904815618208455
60,1.2,1.0,jpy,val,2.1293743015499857,1.6379802319615275,False,282056,3748,1424,58,1366,-7.425973817747468,-12.352987440764785,-2.4686203594399814,2.5865220631601185,-2.8596745482654673,-4.750739120404023,-0.8716582595000593,0.3418740849194729,10483.777966619306,58.67862371888726,0.23572474377745242,0.19619326500732065,-2.971031949640174,105.6662776236646,364,0,0,4.2587486030999715,-34236.01915720364,8.009675030805882
