date,usdjpy
20141231,119.6200
20150102,120.5800
20150105,120.0200
20150106,118.9300
20150107,119.3200
20150108,119.8200
20150109,119.2000
20150112,119.0800
20150113,118.4500
20150114,116.7600
20150115,116.5700
20150116,116.5500
20150119,117.4200
20150120,118.6400
20150121,117.3700
20150122,117.6600
20150123,117.9900
20150126,118.3100
20150127,117.7100
20150128,117.8600
20150129,117.9200
20150130,117.7200
20150202,117.6500
20150203,117.3300
20150204,117.5000
20150205,117.4200
20150206,117.3100
20150209,118.6000
20150210,119.2100
20150211,119.7600
20150212,119.8100
20150213,119.0200
20150216,118.5700
20150217,118.8000
20150218,119.3200
20150219,119.0100
20150220,118.5300
20150223,119.0500
20150224,119.4900
20150225,118.9100
20150226,118.8800
20150227,119.2600
20150302,119.7700
20150303,119.7500
20150304,119.7000
20150305,120.2500
20150306,119.9300
20150309,120.9100
20150310,121.3400
20150311,121.3200
20150312,120.8800
20150313,121.4600
20150316,121.2100
20150317,121.2000
20150318,121.1800
20150319,120.9300
20150320,120.8800
20150323,119.8700
20150324,119.5300
20150325,119.3700
20150326,119.0800
20150327,119.1900
20150330,119.8900
20150331,119.8500
20150401,120.2100
20150402,119.6600
20150407,120.1500
20150408,119.7700
20150409,119.9400
20150410,120.4500
20150413,120.5500
20150414,119.9100
20150415,119.6000
20150416,119.1700
20150417,118.7800
20150420,119.0700
20150421,119.3900
20150422,119.5700
20150423,120.0900
20150424,119.5100
20150427,119.4100
20150428,119.0500
20150429,119.2500
20150430,118.8200
20150504,120.2200
20150505,120.4600
20150506,119.8500
20150507,119.1700
20150508,120.2200
20150511,119.9400
20150512,119.9800
20150513,119.7000
20150514,119.2000
20150515,119.8600
20150518,119.7000
20150519,120.1800
20150520,120.9100
20150521,121.0700
20150522,120.9300
20150525,121.5100
20150526,122.7100
20150527,123.7000
20150528,124.2300
20150529,123.9300
20150601,124.0800
20150602,124.6900
20150603,124.3600
20150604,124.1200
20150605,124.7700
20150608,125.2800
20150609,124.0600
20150610,122.9600
20150611,123.7100
20150612,123.6900
20150615,123.5000
20150616,123.4200
20150617,123.9300
20150618,122.7100
20150619,123.1900
20150622,123.2300
20150623,123.8100
20150624,123.9000
20150625,123.6100
20150626,123.7100
20150629,122.8900
20150630,122.4500
20150701,123.0900
20150702,123.6400
20150703,122.9100
20150706,122.7400
20150707,122.4800
20150708,121.4400
20150709,121.4900
20150710,122.3800
20150713,123.3600
20150714,123.3100
20150715,123.4900
20150716,124.1400
20150717,123.9900
20150720,124.2400
20150721,124.3900
20150722,123.8100
20150723,123.7800
20150724,124.0500
20150727,123.2000
20150728,123.7700
20150729,123.7500
20150730,124.3700
20150731,124.3200
20150803,124.2500
20150804,124.0000
20150805,124.2600
20150806,124.8900
20150807,124.7000
20150810,124.7000
20150811,124.8200
20150812,124.1100
20150813,124.4300
20150814,124.1600
20150817,124.5200
20150818,124.2700
20150819,124.3600
20150820,123.8500
20150821,122.6800
20150824,119.8600
20150825,119.8000
20150826,119.6800
20150827,120.1900
20150828,120.8400
20150831,121.3300
20150901,120.0300
20150902,120.1300
20150903,120.2100
20150904,119.2500
20150907,119.4100
20150908,119.8900
20150909,120.8800
20150910,121.0400
20150911,120.7100
20150914,120.3400
20150915,119.6500
20150916,120.6400
20150917,120.9000
20150918,119.3700
20150921,120.4400
20150922,119.9000
20150923,120.2100
20150924,119.6300
20150925,120.9900
20150928,120.0800
20150929,119.9400
20150930,120.2300
20151001,119.7500
20151002,120.2900
20151005,120.2100
20151006,120.3400
20151007,120.1000
20151008,119.8900
20151009,120.2700
20151012,120.1200
20151013,119.7100
20151014,119.6100
20151015,118.2200
20151016,119.0600
20151019,119.3800
20151020,119.7200
20151021,120.0500
20151022,119.7600
20151023,120.7100
20151026,121.0200
20151027,120.3000
20151028,120.3200
20151029,121.0400
20151030,120.6100
20151102,120.5800
20151103,120.8500
20151104,121.1200
20151105,121.8900
20151106,121.8800
20151109,123.5000
20151110,123.2200
20151111,123.0900
20151112,122.9900
20151113,122.6700
20151116,123.1100
20151117,123.2300
20151118,123.4300
20151119,123.1400
20151120,122.8300
20151123,123.1500
20151124,122.5400
20151125,122.7500
20151126,122.5600
20151127,122.6400
20151130,123.0900
20151201,123.1800
20151202,123.1600
20151203,123.3100
20151204,122.9900
20151207,123.4200
20151208,122.8900
20151209,122.5100
20151210,121.5100
20151211,121.4800
20151214,120.6800
20151215,120.9900
20151216,121.8100
20151217,122.5200
20151218,121.4500
20151221,121.3700
20151222,120.9100
20151223,120.8500
20151224,120.4300
20151228,120.4600
20151229,120.4200
20151230,120.5000
20151231,120.3900
20160104,119.0900
20160105,119.0000
20160106,118.4000
20160107,117.5400
20160108,118.3200
20160111,117.8600
20160112,117.9300
20160113,118.1000
20160114,117.7500
20160115,117.1000
20160118,117.3200
20160119,117.8900
20160120,116.7000
20160121,116.9800
20160122,118.2200
20160125,118.4200
20160126,118.3200
20160127,118.4000
20160128,118.8800
20160129,121.1100
20160201,121.2700
20160202,120.7400
20160203,119.4400
20160204,117.3400
20160205,116.6800
20160208,116.3000
20160209,114.8700
20160210,114.9700
20160211,112.1900
20160212,112.7000
20160215,114.1300
20160216,113.7600
20160217,114.1300
20160218,113.8300
20160219,113.0100
20160222,113.2300
20160223,111.9100
20160224,111.8800
20160225,112.4600
20160226,113.0500
20160229,113.1000
20160301,113.0800
20160302,114.2900
20160303,113.9600
20160304,113.7400
20160307,113.6200
20160308,112.9900
20160309,112.6700
20160310,114.0900
20160311,113.7700
20160314,113.6400
20160315,112.8500
20160316,113.5900
20160317,111.6400
20160318,111.5300
20160321,111.7400
20160322,111.6000
20160323,112.8000
20160324,112.4400
20160329,113.5700
20160330,112.4800
20160331,112.3400
20160401,112.0300
20160404,111.5700
20160405,110.6800
20160406,110.3800
20160407,108.3700
20160408,108.5600
20160411,108.2400
20160412,108.3200
20160413,109.2800
20160414,109.3900
20160415,108.9200
20160418,108.1900
20160419,109.4100
20160420,109.1500
20160421,109.6400
20160422,110.8600
20160425,110.9300
20160426,111.1500
20160427,111.2900
20160428,108.1500
20160429,107.2900
20160502,106.5600
20160503,105.9100
20160504,106.5800
20160505,107.1000
20160506,106.9700
20160509,108.2800
20160510,109.1200
20160511,108.7700
20160512,109.3200
20160513,108.8800
20160516,108.8600
20160517,109.5000
20160518,109.3900
20160519,110.0000
20160520,110.3600
20160523,109.4100
20160524,109.7400
20160525,110.1700
20160526,110.0700
20160527,109.6500
20160530,111.1900
20160531,111.0200
20160601,109.2400
20160602,109.0100
20160603,108.9000
20160606,107.1300
20160607,107.6500
20160608,107.0200
20160609,106.4300
20160610,106.8600
20160613,106.0600
20160614,106.0000
20160615,106.2200
20160616,104.3900
20160617,104.2700
20160620,104.6300
20160621,104.6400
20160622,104.5900
20160623,105.7000
20160624,102.3200
20160627,101.6500
20160628,102.4100
20160629,102.6600
20160630,102.7300
20160701,102.6400
20160704,102.6100
20160705,101.8300
20160706,100.7100
20160707,100.9900
20160708,100.4200
20160711,102.4800
20160712,103.9400
20160713,104.6100
20160714,105.6600
20160715,105.7100
20160718,105.6900
20160719,106.2100
20160720,106.5400
20160721,106.2600
20160722,106.1000
20160725,106.2100
20160726,104.2700
20160727,105.7500
20160728,104.7200
20160729,103.3300
20160801,102.3600
20160802,101.6000
20160803,101.0900
20160804,101.1700
20160805,101.0500
20160808,102.4500
20160809,102.2500
20160810,101.1200
20160811,101.3600
20160812,101.9600
20160815,101.0500
20160816,99.8100
20160817,100.6800
20160818,100.3400
20160819,100.2400
20160822,100.5900
20160823,100.0800
20160824,100.2400
20160825,100.4900
20160826,100.3800
20160829,102.2700
20160830,102.3200
20160831,103.3100
20160901,103.7100
20160902,103.4800
20160905,103.3000
20160906,103.4100
20160907,101.6600
20160908,101.6300
20160909,102.8100
20160912,101.8900
20160913,102.2300
20160914,102.8400
20160915,102.1700
20160916,101.8600
20160919,101.7900
20160920,101.8700
20160921,100.8900
20160922,100.7200
20160923,100.7800
20160926,100.4400
20160927,100.2900
20160928,100.6100
20160929,101.4900
20160930,101.3300
20161003,101.3700
20161004,102.5900
20161005,103.1600
20161006,103.7100
20161007,103.6300
20161010,103.4000
20161011,103.7100
20161012,103.9000
20161013,103.7200
20161014,104.3100
20161017,104.1100
20161018,104.0400
20161019,103.3700
20161020,103.6100
20161021,103.7700
20161024,104.0200
20161025,104.5300
20161026,104.3200
20161027,104.6900
20161028,105.3800
20161031,105.0300
20161101,104.8300
20161102,103.3100
20161103,103.2600
20161104,102.9800
20161107,104.3200
20161108,104.7800
20161109,103.9200
20161110,106.8400
20161111,106.3500
20161114,107.8900
20161115,108.2700
20161116,109.5600
20161117,109.2800
20161118,110.0300
20161121,110.6100
20161122,110.9000
20161123,111.3400
20161124,113.2300
20161125,113.0400
20161128,112.6300
20161129,112.9700
20161130,113.2900
20161201,114.2300
20161202,113.8900
20161205,114.3000
20161206,113.9200
20161207,114.0900
20161208,113.9300
20161209,115.0500
20161212,115.7900
20161213,115.2400
20161214,114.9800
20161215,118.0800
20161216,118.1900
20161219,117.2400
20161220,118.1300
20161221,117.3700
20161222,117.6400
20161223,117.3700
20161227,117.3900
20161228,117.6700
20161229,116.7500
20161230,117.0700
20170102,117.4600
20170103,118.2000
20170104,117.5100
20170105,116.5400
20170106,116.0000
20170109,116.6400
20170110,116.2500
20170111,116.2900
20170112,113.9500
20170113,114.3500
20170116,114.1300
20170117,113.3500
20170118,113.5100
20170119,114.5800
20170120,115.1900
20170123,113.6000
20170124,113.3700
20170125,113.3700
20170126,114.3900
20170127,115.1700
20170130,114.5400
20170131,113.3800
20170201,113.3000
20170202,112.3200
20170203,113.1100
20170206,112.2900
20170207,112.3600
20170208,111.9500
20170209,112.2700
20170210,113.5100
20170213,113.7500
20170214,113.3700
20170215,114.5000
20170216,113.5500
20170217,112.7500
20170220,113.1400
20170221,113.6700
20170222,112.9900
20170223,112.8300
20170224,112.2100
20170227,112.2800
20170228,112.1400
20170301,113.7800
20170302,114.3600
20170303,114.3700
20170306,113.8100
20170307,114.0400
20170308,114.3000
20170309,114.6300
20170310,115.4300
20170313,114.7400
20170314,114.8800
20170315,114.6400
20170316,113.3200
20170317,113.1500
20170320,112.7100
20170321,112.5500
20170322,111.1000
20170323,110.6600
20170324,111.1400
20170327,110.1400
20170328,110.3600
20170329,110.8800
20170330,111.1900
20170331,111.8200
20170403,111.2800
20170404,110.3700
20170405,110.9700
20170406,110.8500
20170407,110.6700
20170410,111.2900
20170411,110.5500
20170412,109.5900
20170413,109.1300
20170418,108.8400
20170419,109.0100
20170420,109.0400
20170421,109.1000
20170424,110.3200
20170425,110.4900
20170426,111.4000
20170427,111.4500
20170428,111.4000
20170502,112.2800
20170503,112.1600
20170504,112.8500
20170505,112.4800
20170508,112.5400
20170509,113.9200
20170510,113.8000
20170511,113.9000
20170512,113.8500
20170515,113.4300
20170516,113.6400
20170517,112.2800
20170518,110.5700
20170519,111.2400
20170522,111.3400
20170523,111.1200
20170524,111.8100
20170525,111.7600
20170526,111.0900
20170529,111.3400
20170530,110.9500
20170531,110.8600
20170601,111.0000
20170602,111.4600
20170605,110.5000
20170606,109.3600
20170607,109.4600
20170608,110.2200
20170609,110.4500
20170612,109.8800
20170613,110.0400
20170614,110.3100
20170615,110.1100
20170616,111.3400
20170619,110.9600
20170620,111.3800
20170621,111.4300
20170622,111.2600
20170623,111.3000
20170626,111.6700
20170627,111.8600
20170628,112.1100
20170629,112.6700
20170630,111.9400
20170703,112.9900
20170704,113.2500
20170705,113.5500
20170706,113.3200
20170707,113.7400
20170710,114.1500
20170711,114.3000
20170712,113.5600
20170713,113.1400
20170714,113.1000
20170717,112.4200
20170718,112.0400
20170719,111.8800
20170720,112.2500
20170721,111.4200
20170724,110.8300
20170725,111.4100
20170726,111.8700
20170727,111.4400
20170728,111.1500
20170731,110.6000
20170801,110.5100
20170802,110.7300
20170803,110.3800
20170804,110.1000
20170807,110.8600
20170808,110.3000
20170809,109.7400
20170810,109.7500
20170811,109.1500
20170814,109.5900
20170815,110.4100
20170816,110.8400
20170817,110.1200
20170818,109.0500
20170821,108.9800
20170822,109.3600
20170823,109.0900
20170824,109.3200
20170825,109.7500
20170828,109.3000
20170829,108.6200
20170830,110.1500
20170831,110.6200
20170901,110.1400
20170904,109.7000
20170905,109.3300
20170906,108.8900
20170907,108.8800
20170908,107.3800
20170911,108.6800
20170912,109.7200
20170913,110.0200
20170914,110.6900
20170915,111.1100
20170918,111.3900
20170919,111.4600
20170920,111.2900
20170921,112.4400
20170922,112.0400
20170925,112.2400
20170926,111.9800
20170927,112.9400
20170928,112.5500
20170929,112.5000
20171002,112.8200
20171003,112.9700
20171004,112.3900
20171005,112.4600
20171006,112.9500
20171009,112.6900
20171010,112.3600
20171011,112.1900
20171012,112.2800
20171013,112.1800
20171016,111.8300
20171017,112.2000
20171018,112.8800
20171019,112.5400
20171020,113.1700
20171023,113.7900
20171024,113.8900
20171025,114.0500
20171026,113.8000
20171027,114.1900
20171030,113.5300
20171031,113.4200
20171101,114.1900
20171102,114.1300
20171103,113.9400
20171106,114.1400
20171107,114.1900
20171108,113.4900
20171109,113.2800
20171110,113.3300
20171113,113.3100
20171114,113.4900
20171115,112.7100
20171116,113.0900
20171117,112.6100
20171120,112.1300
20171121,112.5400
20171122,112.0200
20171123,111.2300
20171124,111.3400
20171127,111.0200
20171128,111.2400
20171129,111.8100
20171130,112.3100
20171201,112.4900
20171204,112.8600
20171205,112.5800
20171206,112.1400
20171207,112.7400
20171208,113.4900
20171211,113.3100
20171212,113.5000
20171213,113.3200
20171214,112.6100
20171215,112.1900
20171218,112.4700
20171219,112.6900
20171220,113.2600
20171221,113.4900
20171222,113.3600
20171227,113.2400
20171228,112.9000
20171229,112.5700
20180102,112.1800
20180103,112.2600
20180104,112.6600
20180105,113.2800
20180108,113.0400
20180109,112.5600
20180110,111.4200
20180111,111.6700
20180112,111.1300
20180115,110.6200
20180116,110.7100
20180117,110.8000
20180118,111.2100
20180119,110.6000
20180122,110.8400
20180123,110.5000
20180124,109.4000
20180125,108.9100
20180126,109.3200
20180129,108.8500
20180130,108.6700
20180131,108.8500
20180201,109.6600
20180202,109.8500
20180205,109.8600
20180206,109.4700
20180207,109.2900
20180208,109.6200
20180209,108.8500
20180212,108.6400
20180213,107.6900
20180214,107.2200
20180215,106.5500
20180216,106.1800
20180219,106.5600
20180220,107.1700
20180221,107.5500
20180222,107.1000
20180223,106.7400
20180226,106.8200
20180227,107.1200
20180228,107.0200
20180301,106.7900
20180302,105.4000
20180305,105.6500
20180306,106.2300
20180307,105.8300
20180308,106.1300
20180309,106.8300
20180312,106.5200
20180313,106.8900
20180314,106.5300
20180315,106.0700
20180316,105.8500
20180319,106.1400
20180320,106.4800
20180321,106.2200
20180322,105.3500
20180323,105.0900
20180326,105.1200
20180327,105.8800
20180328,106.1500
20180329,106.4400
20180403,106.2400
20180404,106.2500
20180405,107.0600
20180406,107.3400
20180409,107.0100
20180410,107.0100
20180411,106.8000
20180412,107.1500
20180413,107.6900
20180416,107.3300
20180417,107.1100
20180418,107.2200
20180419,107.3200
20180420,107.5700
20180423,108.1700
20180424,108.8300
20180425,109.1800
20180426,109.2000
20180427,109.3200
20180430,109.3800
20180502,109.8000
20180503,109.2600
20180504,108.9200
20180507,109.3500
20180508,109.0600
20180509,109.6400
20180510,109.6300
20180511,109.3000
20180514,109.5000
20180515,110.0500
20180516,110.1700
20180517,110.6800
20180518,110.9300
20180521,111.2700
20180522,110.8200
20180523,109.8500
20180524,109.5300
20180525,109.4000
20180528,109.3500
20180529,108.9100
20180530,108.9800
20180531,108.8400
20180601,109.4700
20180604,109.4300
20180605,109.7000
20180606,110.1300
20180607,110.0500
20180608,109.4400
20180611,109.9400
20180612,110.3100
20180613,110.5300
20180614,110.1000
20180615,110.6500
20180618,110.4500
20180619,109.9200
20180620,110.0300
20180621,110.5800
20180622,110.1500
20180625,109.5800
20180626,109.6200
20180627,110.2600
20180628,110.1900
20180629,110.6900
20180702,110.7100
20180703,110.6600
20180704,110.5000
20180705,110.6200
20180706,110.5900
20180709,110.4500
20180710,111.2400
20180711,111.2300
20180712,112.4800
20180713,112.5500
20180716,112.3300
20180717,112.5900
20180718,112.7600
20180719,113.0300
20180720,112.2000
20180723,111.1100
20180724,111.1100
20180725,111.0400
20180726,110.8800
20180727,111.1800
20180730,111.0800
20180731,111.4900
20180801,111.8400
20180802,111.4100
20180803,111.5800
20180806,111.4800
20180807,111.0800
20180808,111.0700
20180809,111.1400
20180810,110.9200
20180813,110.5900
20180814,110.8400
20180815,111.0100
20180816,110.8400
20180817,110.3900
20180820,110.5500
20180821,110.4200
20180822,110.2600
20180823,110.8100
20180824,111.3000
20180827,111.0300
20180828,111.0400
20180829,111.2600
20180830,111.4600
20180831,110.7600
20180903,111.1500
20180904,111.2300
20180905,111.5300
20180906,111.3500
20180907,110.8400
20180910,111.0900
20180911,111.3000
20180912,111.4600
20180913,111.6000
20180914,111.8600
20180917,112.0600
20180918,112.1700
20180919,112.2300
20180920,112.1400
20180921,112.6300
20180924,112.6000
20180925,112.7500
20180926,112.9800
20180927,112.8800
20180928,113.3600
20181001,113.9500
20181002,113.8900
20181003,113.8500
20181004,114.1600
20181005,113.8800
20181008,113.3600
20181009,113.2100
20181010,113.2400
20181011,112.3100
20181012,112.3100
20181015,111.8500
20181016,112.1300
20181017,112.2500
20181018,112.5100
20181019,112.5100
20181022,112.7800
20181023,112.1800
20181024,112.7100
20181025,112.3600
20181026,112.0600
20181029,112.4000
20181030,112.8000
20181031,113.2300
20181101,112.8100
20181102,112.8900
20181105,113.2900
20181106,113.1500
20181107,113.1900
20181108,113.7100
20181109,113.9300
20181112,113.8000
20181113,113.9500
20181114,113.8800
20181115,113.3700
20181116,113.1400
20181119,112.7900
20181120,112.3700
20181121,113.1000
20181122,112.9500
20181123,112.8200
20181126,113.2600
20181127,113.5800
20181128,113.8500
20181129,113.2800
20181130,113.5600
20181203,113.5700
20181204,112.7900
20181205,113.0100
20181206,112.8000
20181207,112.8800
20181210,112.7300
20181211,113.1500
20181212,113.4100
20181213,113.5000
20181214,113.5400
20181217,113.2500
20181218,112.3800
20181219,112.3300
20181220,111.7300
20181221,111.2500
20181224,110.8600
20181227,110.8700
20181228,110.3500
20181231,109.9100
20190102,109.0500
20190103,107.6900
20190104,108.0400
20190107,108.2600
20190108,108.7900
20190109,108.8600
20190110,108.1100
20190111,108.3100
20190114,108.0800
20190115,108.5600
20190116,108.8000
20190117,108.7700
20190118,109.4400
20190121,109.6600
20190122,109.4300
20190123,109.7000
20190124,109.7200
20190125,109.9200
20190128,109.4200
20190129,109.4600
20190130,109.4400
20190131,108.6400
20190201,108.8900
20190204,109.8900
20190205,109.9400
20190206,109.7500
20190207,109.6600
20190208,109.7900
20190211,110.2000
20190212,110.3900
20190213,110.7400
20190214,111.0400
20190215,110.5200
20190218,110.5500
20190219,110.7600
20190220,110.7500
20190221,110.7100
20190222,110.8700
20190225,110.7400
20190226,110.8400
20190227,110.5700
20190228,110.7600
20190301,111.8800
20190304,111.9400
20190305,111.9300
20190306,111.8100
20190307,111.7600
20190308,111.1400
20190311,111.0900
20190312,111.1000
20190313,111.3800
20190314,111.6300
20190315,111.5700
20190318,111.5000
20190319,111.4500
20190320,111.5300
20190321,110.5800
20190322,110.2500
20190325,110.0700
20190326,110.4600
20190327,110.4900
20190328,110.6800
20190329,110.7700
20190401,110.9600
20190402,111.3700
20190403,111.4500
20190404,111.4300
20190405,111.6700
20190408,111.4700
20190409,111.3000
20190410,111.1600
20190411,111.2400
20190412,111.9700
20190415,111.9600
20190416,111.9800
20190417,111.9500
20190418,111.8800
20190423,111.8900
20190424,111.8200
20190425,111.8900
20190426,111.7800
20190429,111.7800
20190430,111.3700
20190502,111.5000
20190503,111.5200
20190506,110.8400
20190507,110.6200
20190508,110.0800
20190509,109.8100
20190510,109.7500
20190513,109.4400
20190514,109.5700
20190515,109.3100
20190516,109.6200
20190517,109.5100
20190520,109.8500
20190521,110.4500
20190522,110.3500
20190523,110.0300
20190524,109.6000
20190527,109.4500
20190528,109.4100
20190529,109.2800
20190530,109.6600
20190531,108.7500
20190603,108.3300
20190604,108.1600
20190605,108.3400
20190606,108.1300
20190607,108.4600
20190610,108.6500
20190611,108.7400
20190612,108.3800
20190613,108.4600
20190614,108.2100
20190617,108.6500
20190618,108.2300
20190619,108.4100
20190620,107.6400
20190621,107.4900
20190624,107.2900
20190625,107.1000
20190626,107.7300
20190627,107.8600
20190628,107.7300
20190701,108.3200
20190702,108.2700
20190703,107.6900
20190704,107.7700
20190705,108.1400
20190708,108.6000
20190709,108.8200
20190710,108.9100
20190711,108.0500
20190712,108.2600
20190715,107.9200
20190716,107.9300
20190717,108.2700
20190718,107.7800
20190719,107.7200
20190722,107.9200
20190723,108.1400
20190724,108.0900
20190725,108.1000
20190726,108.6900
20190729,108.6500
20190730,108.4800
20190731,108.5500
20190801,108.8900
20190802,106.7600
20190805,106.0700
20190806,106.4600
20190807,105.7700
20190808,105.9900
20190809,105.8300
20190812,105.1400
20190813,105.1600
20190814,105.9000
20190815,106.1600
20190816,106.3300
20190819,106.5800
20190820,106.3500
20190821,106.4800
20190822,106.5900
20190823,106.4500
20190826,105.8600
20190827,105.7500
20190828,105.7300
20190829,106.2900
20190830,106.2700
20190902,106.3600
20190903,106.1100
20190904,106.2200
20190905,106.6800
20190906,107.0200
20190909,106.9600
20190910,107.3600
20190911,107.7100
20190912,107.7600
20190913,107.9900
20190916,107.8400
20190917,108.1400
20190918,108.1500
20190919,107.9400
20190920,107.9900
20190923,107.4800
20190924,107.6500
20190925,107.4500
20190926,107.6300
20190927,108.1000
20190930,107.9900
20191001,108.2800
20191002,107.5200
20191003,106.9900
20191004,106.7800
20191007,106.8300
20191008,106.8900
20191009,107.3800
20191010,107.4500
20191011,108.4400
20191014,108.2400
20191015,108.3200
20191016,108.7500
20191017,108.7100
20191018,108.5500
20191021,108.5600
20191022,108.6000
20191023,108.4500
20191024,108.6100
20191025,108.5700
20191028,108.8600
20191029,108.9500
20191030,108.9400
20191031,108.2400
20191101,108.1200
20191104,108.3800
20191105,108.8600
20191106,109.0000
20191107,109.1500
20191108,109.4100
20191111,108.9500
20191112,109.1600
20191113,108.8400
20191114,108.6600
20191115,108.7100
20191118,108.9900
20191119,108.7500
20191120,108.4700
20191121,108.6100
20191122,108.5500
20191125,108.9000
20191126,108.9700
20191127,109.1700
20191128,109.5000
20191129,109.6600
20191202,109.5400
20191203,108.7400
20191204,108.7000
20191205,108.7900
20191206,108.5600
20191209,108.4900
20191210,108.5800
20191211,108.7500
20191212,108.6000
20191213,109.5700
20191216,109.4300
20191217,109.5800
20191218,109.5900
20191219,109.5000
20191220,109.3200
20191223,109.4200
20191224,109.3800
20191227,109.5900
20191230,109.2100
20191231,108.5500
20200102,108.7700
20200103,108.1400
20200106,108.1100
20200107,108.4400
20200108,108.7400
20200109,109.4000
20200110,109.6400
20200113,109.8800
20200114,110.0500
20200115,109.8800
20200116,109.9500
20200117,110.1100
20200120,110.1800
20200121,110.0400
20200122,109.9700
20200123,109.5500
20200124,109.6100
20200127,108.9400
20200128,109.0600
20200129,109.1400
20200130,108.8300
20200131,108.8900
20200203,108.5300
20200204,109.0900
20200205,109.7200
20200206,109.8500
20200207,109.8600
20200210,109.7400
20200211,109.8300
20200212,109.9800
20200213,109.7000
20200214,109.8600
20200217,109.8800
20200218,109.7400
20200219,110.5100
20200220,112.0100
20200221,111.9900
20200224,111.4100
20200225,110.6300
20200226,110.4600
20200227,109.8700
20200228,108.7400
20200302,107.7300
20200303,107.7400
20200304,107.4900
20200305,106.9400
20200306,105.0500
20200309,102.2300
20200310,104.1700
20200311,104.5800
20200312,103.9500
20200313,107.2700
20200316,105.5500
20200317,106.9900
20200318,107.7200
20200319,109.8300
20200320,110.5500
20200323,110.4600
20200324,110.6600
20200325,111.4500
20200326,109.4400
20200327,108.7400
20200330,108.1600
20200331,108.5300
20200401,107.4900
20200402,107.3400
20200403,108.5800
20200406,108.9200
20200407,108.9100
20200408,108.8800
20200409,108.8900
20200414,107.3200
20200415,107.4200
20200416,107.5700
20200417,107.6100
20200420,107.8400
20200421,107.4000
20200422,107.6700
20200423,107.4500
20200424,107.6100
20200427,107.1000
20200428,106.7000
20200429,106.5500
20200430,106.5400
20200504,106.7800
20200505,106.7100
20200506,106.0900
20200507,106.5700
20200508,106.3700
20200511,107.3200
20200512,107.3500
20200513,106.9200
20200514,107.0100
20200515,106.9900
20200518,107.3800
20200519,107.7600
20200520,107.6400
20200521,107.6500
20200522,107.5400
20200525,107.6700
20200526,107.4400
20200527,107.8900
20200528,107.7300
20200529,107.1200
20200601,107.7300
20200602,108.1300
20200603,108.5800
20200604,108.8700
20200605,109.2400
20200608,109.3600
20200609,108.1500
20200610,107.3900
20200611,107.0800
20200612,107.2700
20200615,107.3800
20200616,107.3500
20200617,107.4200
20200618,106.9300
20200619,106.8400
20200622,106.9200
20200623,106.9500
20200624,106.6500
20200625,107.3700
20200626,106.9600
20200629,107.2900
20200630,107.7500
20200701,107.4200
20200702,107.4300
20200703,107.5200
20200706,107.5300
20200707,107.7100
20200708,107.5600
20200709,107.2700
20200710,106.8500
20200713,107.1600
20200714,107.4000
20200715,106.8200
20200716,107.1000
20200717,107.2200
20200720,107.1200
20200721,107.2300
20200722,107.0500
20200723,107.1700
20200724,106.2700
20200727,105.3400
20200728,105.2700
20200729,105.1400
20200730,105.2400
20200731,104.9200
20200803,106.1800
20200804,106.0600
20200805,105.7600
20200806,105.5100
20200807,105.7000
20200810,106.0400
20200811,106.0600
20200812,106.9700
20200813,106.9700
20200814,106.6700
20200817,106.2900
20200818,105.4400
20200819,105.3700
20200820,105.8700
20200821,105.8100
20200824,105.7300
20200825,106.3700
20200826,106.3200
20200827,106.1700
20200828,105.2400
20200831,105.9200
20200901,105.8800
20200902,106.2300
20200903,106.5400
20200904,106.2200
20200907,106.2200
20200908,106.2400
20200909,106.2200
20200910,106.1400
20200911,106.1400
20200914,105.9400
20200915,105.4400
20200916,105.0800
20200917,104.5900
20200918,104.3600
20200921,104.1000
20200922,104.5800
20200923,105.1200
20200924,105.3900
20200925,105.5000
20200928,105.4200
20200929,105.6300
20200930,105.7100
20201001,105.5000
20201002,105.2000
20201005,105.5800
20201006,105.6200
20201007,105.9700
20201008,105.9800
20201009,105.9300
20201012,105.4400
20201013,105.5200
20201014,105.2800
20201015,105.2700
20201016,105.2600
20201019,105.3100
20201020,105.6600
20201021,104.8500
20201022,104.6600
20201023,104.7300
20201026,105.0300
20201027,104.5800
20201028,104.3400
20201029,104.3100
20201030,104.6000
20201102,104.6400
20201103,104.7300
20201104,104.3500
20201105,103.6400
20201106,103.3400
20201109,104.9100
20201110,105.3200
20201111,105.4500
20201112,105.3800
20201113,104.8500
20201116,104.9500
20201117,104.1700
20201118,103.8800
20201119,104.0200
20201120,103.8400
20201123,103.7500
20201124,104.5600
20201125,104.4500
20201126,104.2400
20201127,104.2000
20201130,104.1700
20201201,104.3800
20201202,104.5300
20201203,104.1000
20201204,103.9900
20201207,104.1400
20201208,104.1600
20201209,104.1000
20201210,104.4400
20201211,104.1300
20201214,103.6900
20201215,103.8600
20201216,103.3500
20201217,103.0500
20201218,103.3400
20201221,103.5400
20201222,103.3700
20201223,103.5600
20201224,103.6500
20201228,103.5600
20201229,103.7800
20201230,103.0600
20201231,103.0800
20210104,102.9800
20210105,102.8800
20210106,102.9600
20210107,103.5600
20210108,103.8900
20210111,104.2200
20210112,104.2200
20210113,103.9300
20210114,104.1000
20210115,103.7200
20210118,103.7600
20210119,103.9900
20210120,103.8100
20210121,103.4100
20210122,103.7900
20210125,103.7400
20210126,103.7100
20210127,103.9000
20210128,104.3800
20210129,104.6900
20210201,104.9100
20210202,105.0000
20210203,105.0600
20210204,105.2400
20210205,105.7500
20210208,105.5900
20210209,104.5800
20210210,104.7600
20210211,104.6500
20210212,105.0100
20210215,105.3000
20210216,105.5400
20210217,106.0900
20210218,105.6700
20210219,105.2900
20210222,105.5000
20210223,105.3900
20210224,105.9500
20210225,106.1200
20210226,106.2900
20210301,106.7200
20210302,106.9000
20210303,106.9100
20210304,107.3900
20210305,108.3100
20210308,108.6300
20210309,108.8800
20210310,108.5800
20210311,108.4600
20210312,109.0600
20210315,109.2000
20210316,108.9000
20210317,109.2000
20210318,109.2000
20210319,108.9400
20210322,108.8100
20210323,108.5500
20210324,108.7500
20210325,109.0900
20210326,109.7800
20210329,109.6300
20210330,110.2800
20210331,110.8000
20210401,110.7000
20210406,110.2900
20210407,109.8600
20210408,109.2500
20210409,109.7100
20210412,109.3800
20210413,109.4700
20210414,108.9400
20210415,108.7200
20210416,108.7700
20210419,108.0900
20210420,108.4100
20210421,108.1000
20210422,108.1700
20210423,107.7200
20210426,108.0200
20210427,108.2700
20210428,108.9200
20210429,108.9900
20210430,108.9400
20210503,109.5200
20210504,109.1900
20210505,109.2900
20210506,109.2000
20210507,109.2600
20210510,108.7300
20210511,108.5600
20210512,108.7800
20210513,109.5700
20210514,109.2900
20210517,109.2000
20210518,108.8900
20210519,109.1500
20210520,108.9500
20210521,108.8000
20210524,108.8800
20210525,108.8500
20210526,108.8900
20210527,109.3800
20210528,110.0700
20210531,109.6500
20210601,109.6500
20210602,109.7300
20210603,109.8000
20210604,110.0900
20210607,109.3400
20210608,109.4100
20210609,109.3700
20210610,109.5400
20210611,109.5900
20210614,109.7700
20210615,110.0800
20210616,109.8600
20210617,110.6600
20210618,110.2000
20210621,110.0900
20210622,110.5600
20210623,110.8200
20210624,110.7600
20210625,110.6900
20210628,110.9400
20210629,110.6500
20210630,110.5900
20210701,111.4300
20210702,111.4300
20210705,110.8900
20210706,110.6500
20210707,110.6100
20210708,109.7400
20210709,110.0200
20210712,110.1500
20210713,110.2200
20210714,110.3100
20210715,110.0300
20210716,110.1800
20210719,109.6000
20210720,109.5800
20210721,110.1200
20210722,110.2600
20210723,110.5700
20210726,110.3300
20210727,110.0600
20210728,110.0800
20210729,109.8400
20210730,109.6500
20210802,109.5200
20210803,109.1300
20210804,109.0200
20210805,109.5300
20210806,109.8000
20210809,110.1100
20210810,110.4600
20210811,110.6700
20210812,110.4100
20210813,110.1900
20210816,109.3700
20210817,109.2600
20210818,109.7600
20210819,109.6200
20210820,109.6500
20210823,110.1000
20210824,109.6600
20210825,109.9200
20210826,110.1400
20210827,110.1900
20210830,109.8700
20210831,109.8100
20210901,110.3100
20210902,110.0000
20210903,109.9600
20210906,109.8600
20210907,110.0400
20210908,110.1800
20210909,109.9000
20210910,109.8100
20210913,110.0300
20210914,110.1100
20210915,109.1900
20210916,109.3900
20210917,110.0300
20210920,109.4500
20210921,109.3400
20210922,109.5600
20210923,110.0100
20210924,110.5000
20210927,110.9100
20210928,111.4700
20210929,111.4600
20210930,111.9900
20211001,111.1800
20211004,111.0400
20211005,111.1800
20211006,111.3500
20211007,111.3800
20211008,111.7800
20211011,112.9300
20211012,113.4200
20211013,113.5600
20211014,113.4700
20211015,114.3300
20211018,114.1500
20211019,114.2200
20211020,114.2400
20211021,114.1600
20211022,113.8700
20211025,113.6600
20211026,114.0200
20211027,113.6300
20211028,113.6000
20211029,113.8900
20211101,114.1700
20211102,113.7900
20211103,113.9200
20211104,113.9000
20211105,113.7100
20211108,113.3900
20211109,113.0700
20211110,113.2500
20211111,113.9500
20211112,113.9900
20211115,113.8800
20211116,114.2600
20211117,114.6900
20211118,114.2200
20211119,113.7600
20211122,114.1100
20211123,114.8900
20211124,115.1700
20211125,115.3100
20211126,114.0900
20211129,113.7000
20211130,112.8200
20211201,113.3700
20211202,112.8300
20211203,113.3400
20211206,113.2100
20211207,113.5700
20211208,113.7900
20211209,113.3500
20211210,113.7200
20211213,113.6600
20211214,113.5800
20211215,113.8800
20211216,114.1200
20211217,113.2200
20211220,113.5300
20211221,113.7100
20211222,114.2200
20211223,114.4000
20211224,114.3900
20211227,114.7400
20211228,114.8700
20211229,114.9900
20211230,115.0900
20211231,115.1200
20220103,114.9800
20220104,116.3000
20220105,115.7600
20220106,115.8200
20220107,115.8600
20220110,115.2600
20220111,115.5200
20220112,115.3800
20220113,114.2600
20220114,113.7200
20220117,114.5700
20220118,114.7100
20220119,114.4600
20220120,114.2400
20220121,113.8000
20220124,113.7800
20220125,114.0300
20220126,114.2700
20220127,115.3600
20220128,115.5300
20220131,115.4400
20220201,114.6700
20220202,114.2500
20220203,114.8600
20220204,114.9000
20220207,114.9600
20220208,115.4300
20220209,115.4700
20220210,115.7600
20220211,115.8300
20220214,115.4100
20220215,115.6300
20220216,115.6900
20220217,115.0700
20220218,115.0200
20220221,114.8400
20220222,115.0900
20220223,115.1100
20220224,114.9200
20220225,115.5800
20220228,115.4700
20220301,114.8100
20220302,115.3300
20220303,115.7300
20220304,115.4500
20220307,115.2400
20220308,115.7100
20220309,115.8100
20220310,115.9700
20220311,116.8900
20220314,117.9700
20220315,117.9800
20220316,118.2900
20220317,118.7900
20220318,119.3700
20220321,119.2000
20220322,120.6100
20220323,120.7600
20220324,121.8000
20220325,121.8600
20220328,123.9600
20220329,123.2800
20220330,121.7600
20220331,121.7600
20220401,122.4700
20220404,122.7400
20220405,122.8600
20220406,123.8700
20220407,123.9600
20220408,124.1800
20220411,125.7000
20220412,125.4900
20220413,125.8600
20220414,125.3200
20220419,128.1100
20220420,127.9100
20220421,128.2400
20220422,128.3400
20220425,128.1700
20220426,127.5500
20220427,128.1000
20220428,130.7900
20220429,129.9900
20220502,129.8300
20220503,129.8400
20220504,129.9400
20220505,129.8100
20220506,130.4600
20220509,130.7900
20220510,130.1700
20220511,129.8900
20220512,128.6000
20220513,128.9500
20220516,129.5400
20220517,129.3200
20220518,129.0100
20220519,127.7500
20220520,127.9600
20220523,127.6400
20220524,127.3200
20220525,127.0100
20220526,127.0900
20220527,126.8900
20220530,127.5100
20220531,128.2200
20220601,129.4600
20220602,129.7400
20220603,130.0900
20220606,130.6700
20220607,132.8600
20220608,134.0200
20220609,133.9800
20220610,133.9500
20220613,134.4000
20220614,134.5400
20220615,134.6900
20220616,132.9200
20220617,134.6700
20220620,134.9600
20220621,136.2600
20220622,136.0200
20220623,135.4300
20220624,135.1100
20220627,135.5000
20220628,136.0400
20220629,136.4700
20220630,136.2700
20220701,135.3000
20220704,135.3500
20220705,135.8300
20220706,135.3100
20220707,135.6700
20220708,135.8400
20220711,137.4200
20220712,136.7400
20220713,137.1000
20220714,138.9700
20220715,138.6700
20220718,138.3500
20220719,137.6400
20220720,138.1700
20220721,138.7000
20220722,136.9100
20220725,136.6200
20220726,136.6600
20220727,136.8100
20220728,135.6100
20220729,133.7700
20220801,132.3000
20220802,130.9700
20220803,133.5900
20220804,133.4000
20220805,133.1200
20220808,134.9300
20220809,135.1000
20220810,134.7600
20220811,132.1000
20220812,133.6600
20220815,133.0200
20220816,134.3500
20220817,135.1400
20220818,134.7700
20220819,136.9300
20220822,137.0700
20220823,137.3400
20220824,136.6400
20220825,136.4800
20220826,136.9200
20220829,138.6800
20220830,138.2400
20220831,138.7200
20220901,139.2800
20220902,140.4600
20220905,140.5900
20220906,141.9300
20220907,144.8700
20220908,143.5200
20220909,142.6000
20220912,142.2800
20220913,142.0100
20220914,143.2200
20220915,143.5400
20220916,143.1900
20220919,143.5600
20220920,143.5400
20220921,144.0100
20220922,140.8100
20220923,142.9500
20220926,144.1700
20220927,144.4200
20220928,144.6800
20220929,144.7100
20220930,144.6600
20221003,144.9100
20221004,144.8800
20221005,144.4100
20221006,144.7100
20221007,144.8600
20221010,145.5700
20221011,145.5700
20221012,146.6500
20221013,146.7700
20221014,147.8100
20221017,148.8900
20221018,149.1100
20221019,149.6600
20221020,149.8200
20221021,151.6900
20221024,148.9800
20221025,148.9100
20221026,146.9800
20221027,146.8300
20221028,147.5100
20221031,148.6800
20221101,147.1300
20221102,147.1000
20221103,148.2400
20221104,147.0700
20221107,146.2800
20221108,146.3100
20221109,146.2500
20221110,146.1400
20221111,139.5900
20221114,140.3800
20221115,139.2200
20221116,139.5400
20221117,140.3200
20221118,140.0000
20221121,141.8400
20221122,141.3300
20221123,141.1600
20221124,138.1900
20221125,139.3900
20221128,138.4900
20221129,138.3000
20221130,139.0500
20221201,136.2900
20221202,134.1100
20221205,135.1400
20221206,136.3000
20221207,137.1800
20221208,136.6600
20221209,135.7100
20221212,137.1500
20221213,137.3600
20221214,134.9200
20221215,136.5900
20221216,137.0500
20221219,136.4900
20221220,132.6400
20221221,131.9000
20221222,132.0600
20221223,132.6100
20221227,133.3600
20221228,133.6600
20221229,133.5700
20221230,131.8800
20230102,130.6900
20230103,130.8000
20230104,130.9000
20230105,132.9600
20230106,134.5700
20230109,132.1500
20230110,132.3500
20230111,132.7000
20230112,130.5300
20230113,128.5600
20230116,128.4900
20230117,128.6500
20230118,128.9700
20230119,128.5400
20230120,130.1100
20230123,130.3000
20230124,130.2900
20230125,129.7800
20230126,129.7700
20230127,129.8700
20230130,130.0500
20230131,130.4100
20230201,129.7700
20230202,128.4300
20230203,128.4200
20230206,132.1500
20230207,132.0600
20230208,131.1700
20230209,130.7200
20230210,130.8500
20230213,132.5600
20230214,132.1100
20230215,133.6900
20230216,133.9300
20230217,134.7600
20230220,134.0500
20230221,134.8100
20230222,134.5700
20230223,135.0000
20230224,135.8100
20230227,136.3300
20230228,136.7600
20230301,135.5500
20230302,136.7900
20230303,136.1800
20230306,135.8600
20230307,136.1600
20230308,137.2200
20230309,136.2700
20230310,136.6900
20230313,132.6000
20230314,134.2000
20230315,132.2500
20230316,132.3100
20230317,132.3300
20230320,131.3500
20230321,132.3600
20230322,132.7100
20230323,131.3300
20230324,130.1500
20230327,131.4800
20230328,130.7000
20230329,132.3700
20230330,132.6700
20230331,133.1800
20230403,132.9400
20230404,132.9600
20230405,131.3900
20230406,131.4600
20230411,133.2200
20230412,133.7600
20230413,133.2800
20230414,132.5900
20230417,133.8400
20230418,133.8800
20230419,134.6700
20230420,134.7400
20230421,133.8300
20230424,134.6800
20230425,134.2000
20230426,133.7700
20230427,133.2700
20230428,136.0100
20230502,137.4400
20230503,135.5200
20230504,134.4800
20230505,134.1900
20230508,135.1400
20230509,135.0200
20230510,135.3200
20230511,134.0700
20230512,134.9800
20230515,136.2200
20230516,135.9200
20230517,136.9600
20230518,137.8700
20230519,138.3700
20230522,138.2700
20230523,138.4200
20230524,138.4300
20230525,139.3900
20230526,139.7500
20230529,140.2600
20230530,139.6200
20230531,139.6000
20230601,139.5300
20230602,138.8600
20230605,140.2800
20230606,139.5600
20230607,139.4200
20230608,139.6900
20230609,139.3700
20230612,139.3700
20230613,139.5500
20230614,139.8900
20230615,141.2900
20230616,141.0300
20230619,141.8600
20230620,141.3200
20230621,141.8000
20230622,142.0600
20230623,143.1800
20230626,143.2600
20230627,143.4900
20230628,144.2900
20230629,144.2100
20230630,144.6300
20230703,144.7900
20230704,144.4100
20230705,144.5500
20230706,143.6600
20230707,143.2900
20230710,142.1400
20230711,140.3900
20230712,139.5800
20230713,138.4700
20230714,138.5900
20230717,138.3600
20230718,138.0700
20230719,139.6900
20230720,139.6400
20230721,141.7200
20230724,141.0100
20230725,141.3300
20230726,140.4300
20230727,140.1800
20230728,139.2800
20230731,142.1800
20230801,142.9800
20230802,142.8100
20230803,142.9200
20230804,142.6200
20230807,142.2200
20230808,143.0500
20230809,143.4600
20230810,143.7800
20230811,144.4700
20230814,145.1800
20230815,145.5600
20230816,145.7200
20230817,145.7600
20230818,145.5000
20230821,145.9000
20230822,145.7700
20230823,145.5600
20230824,145.7200
20230825,145.9600
20230828,146.5100
20230829,147.1200
20230830,146.2000
20230831,145.8300
20230901,145.2100
20230904,146.3800
20230905,147.4200
20230906,147.2100
20230907,147.2500
20230908,147.4600
20230911,146.5500
20230912,146.9400
20230913,147.4700
20230914,147.3700
20230915,147.7800
20230918,147.6500
20230919,147.6700
20230920,147.9000
20230921,147.9500
20230922,148.2800
20230925,148.6700
20230926,148.8600
20230927,149.2000
20230928,149.2800
20230929,149.2400
20231002,149.7300
20231003,149.9800
20231004,149.0700
20231005,148.8800
20231006,149.0800
20231009,149.1400
20231010,149.0400
20231011,148.8800
20231012,149.1200
20231013,149.6000
20231016,149.5000
20231017,149.5200
20231018,149.6500
20231019,149.8500
20231020,149.9400
20231023,149.9600
20231024,149.7900
20231025,149.9100
20231026,150.3600
20231027,149.9700
20231030,149.7400
20231031,150.9600
20231101,151.2100
20231102,149.9800
20231103,149.3800
20231106,149.7700
20231107,150.4500
20231108,150.8500
20231109,151.1300
20231110,151.4300
20231113,151.7900
20231114,151.6900
20231115,150.3400
20231116,151.2100
20231117,149.2700
20231120,148.3500
20231121,147.5200
20231122,148.7000
20231123,149.5200
20231124,149.6000
20231127,148.7200
20231128,148.6300
20231129,147.5800
20231130,147.4600
20231201,148.1700
20231204,146.7300
20231205,147.1100
20231206,147.2400
20231207,145.0000
20231208,144.3200
20231211,146.4500
20231212,145.1700
20231213,145.6700
20231214,141.7700
20231215,141.7400
20231218,142.8400
20231219,144.3200
20231220,143.5700
20231221,142.7600
20231222,142.1200
20231227,142.6200
20231228,140.8800
20231229,141.4800
20240102,142.1000
20240103,143.0200
20240104,144.1700
20240105,145.2000
20240108,144.5200
20240109,144.0900
20240110,145.2900
20240111,145.3600
20240112,145.4700
20240115,145.8800
20240116,146.7000
20240117,147.7000
20240118,147.9400
20240119,148.0400
20240122,147.8000
20240123,147.9800
20240124,147.1400
20240125,147.6300
20240126,147.7500
20240129,147.9500
20240130,147.4900
20240131,147.8200
20240201,146.9900
20240202,146.6300
20240205,148.6300
20240206,148.5200
20240207,148.2100
20240208,149.2400
20240209,149.4600
20240212,148.9900
20240213,149.3300
20240214,150.5500
20240215,150.1100
20240216,150.3300
20240219,149.9500
20240220,150.1400
20240221,149.9900
20240222,150.4200
20240223,150.3700
20240226,150.5500
20240227,150.1800
20240228,150.6900
20240229,150.1300
20240301,150.5800
20240304,150.4900
20240305,150.2500
20240306,149.6000
20240307,147.8600
20240308,147.2600
20240311,146.8300
20240312,147.8500
20240313,147.9400
20240314,148.0100
20240315,148.7600
20240318,149.2000
20240319,150.5200
20240320,151.7300
20240321,151.2400
20240322,151.2900
20240325,151.1600
20240326,151.4500
20240327,151.1800
20240328,151.1900
20240402,151.6500
20240403,151.7800
20240404,151.7600
20240405,151.3700
20240408,151.9300
20240409,151.8100
20240410,151.8300
20240411,153.0200
20240412,153.1700
20240415,153.9500
20240416,154.6900
20240417,154.6700
20240418,154.3400
20240419,154.5900
20240422,154.7300
20240423,154.8000
20240424,154.9400
20240425,155.5600
20240426,156.8300
20240429,156.2800
20240430,157.0000
20240502,154.8200
20240503,153.2200
20240506,153.7700
20240507,154.6100
20240508,155.5900
20240509,155.9100
20240510,155.7400
20240513,155.8600
20240514,156.4400
20240515,155.4900
20240516,154.9100
20240517,155.8100
20240520,155.8300
20240521,156.3500
20240522,156.5500
20240523,156.5300
20240524,157.0800
20240527,156.8500
20240528,156.7200
20240529,157.2600
20240530,156.7300
20240531,157.1300
20240603,156.8800
20240604,154.8900
20240605,156.1100
20240606,156.2300
20240607,155.5500
20240610,156.8800
20240611,157.0000
20240612,157.3200
20240613,157.2500
20240614,157.0300
20240617,157.8700
20240618,158.1100
20240619,157.9500
20240620,158.4300
20240621,158.8900
20240624,159.5200
20240625,159.4500
20240626,160.3700
20240627,160.4900
20240628,160.6200
20240701,161.1400
20240702,161.5300
20240703,161.9100
20240704,160.9600
20240705,160.8100
20240708,160.9300
20240709,161.0900
20240710,161.4700
20240711,161.5800
20240712,158.7400
20240715,158.0100
20240716,158.3700
20240717,156.5800
20240718,156.4700
20240719,157.5800
20240722,156.8700
20240723,156.2100
20240724,154.1600
20240725,152.6300
20240726,154.5500
20240729,153.8700
20240730,154.8500
20240731,150.3100
20240801,150.7600
20240802,148.9300
20240805,142.2400
20240806,145.0200
20240807,147.0600
20240808,146.1500
20240809,146.8600
20240812,147.6000
20240813,147.4400
20240814,147.0000
20240815,147.2500
20240816,148.0100
20240819,146.0200
20240820,146.3200
20240821,145.9700
20240822,146.0600
20240823,146.0000
20240826,144.1700
20240827,144.4500
20240828,144.4400
20240829,144.6200
20240830,145.3900
20240902,146.9700
20240903,146.1400
20240904,145.0300
20240905,143.4600
20240906,143.1400
20240909,143.5600
20240910,143.0600
20240911,141.8100
20240912,142.5400
20240913,140.9300
20240916,139.9100
20240917,140.6900
20240918,141.9800
20240919,143.0000
20240920,144.2600
20240923,143.5200
20240924,143.8400
20240925,144.2600
20240926,144.1300
20240927,143.0600
20240930,142.7500
20241001,143.7600
20241002,144.7600
20241003,146.7300
20241004,146.6000
20241007,148.0900
20241008,147.9600
20241009,148.7400
20241010,148.9700
20241011,148.9700
20241014,149.6900
20241015,149.3600
20241016,149.1900
20241017,149.5500
20241018,150.0400
20241021,150.0000
20241022,150.8400
20241023,152.9300
20241024,151.9500
20241025,151.9200
20241028,152.6900
20241029,153.7600
20241030,153.4100
20241031,152.8200
20241101,152.0800
20241104,151.7500
20241105,152.2700
20241106,154.3200
20241107,153.6500
20241108,152.4100
20241111,153.8100
20241112,154.2000
20241113,154.9600
20241114,155.9300
20241115,155.3100
20241118,155.1700
20241119,153.8200
20241120,155.6700
20241121,154.4100
20241122,154.4800
20241125,154.0200
20241126,153.1400
20241127,151.6000
20241128,151.6700
20241129,150.2000
20241202,150.1300
20241203,149.6400
20241204,151.1500
20241205,150.4000
20241206,150.5100
20241209,150.8300
20241210,151.7400
20241211,152.6100
20241212,152.1300
20241213,153.5000
20241216,154.0600
20241217,153.9800
20241218,153.8900
20241219,156.8700
20241220,156.7800
20241223,157.1800
20241224,157.0500
20241227,157.7900
20241230,157.5700
20241231,156.9500
20250102,157.0000
20250103,157.0700
20250106,156.5800
20250107,157.6600
20250108,158.4100
20250109,157.7500
20250110,158.0600
20250113,157.1100
20250114,157.7600
20250115,157.0400
20250116,156.2100
20250117,155.5900
20250120,156.4200
20250121,155.7000
20250122,155.8200
20250123,156.2700
20250124,156.5100
20250127,154.0500
20250128,155.3200
20250129,155.3500
20250130,154.1100
20250131,154.9000
20250203,154.6300
20250204,155.3200
20250205,152.8000
20250206,152.4600
20250207,152.0400
20250210,152.0500
20250211,152.3400
20250212,153.5400
20250213,153.7900
20250214,152.7900
20250217,151.5000
20250218,151.7700
20250219,151.8200
20250220,149.9600
20250221,150.4600
20250224,149.8300
20250225,149.7500
20250226,149.4200
20250227,149.5900
20250228,150.7600
20250303,151.2900
20250304,148.2400
20250305,149.7000
20250306,147.5000
20250307,147.6900
20250310,146.9700
20250311,148.0200
20250312,149.0300
20250313,148.3300
20250314,148.6600
20250317,148.8200
20250318,149.7500
20250319,149.8300
20250320,148.4800
20250321,148.6900
20250324,149.8100
20250325,149.9500
20250326,150.3500
20250327,150.7200
20250328,150.6300
20250331,149.4200
20250401,149.1800
20250402,149.2400
20250403,146.1400
20250404,145.2100
20250407,146.4200
20250408,146.7100
20250409,144.5100
20250410,145.5300
20250411,142.8400
20250414,143.2500
20250415,142.9300
20250416,142.7500
20250417,142.5900
20250422,140.3400
20250423,141.6400
20250424,142.5500
20250425,143.3500
20250428,143.3400
20250429,142.6900
20250430,143.0400
20250502,144.5200
20250505,143.8700
20250506,142.7300
20250507,143.3900
20250508,144.6800
20250509,145.1800
20250512,148.0800
20250513,148.1400
20250514,146.2500
20250515,146.0000
20250516,145.6600
20250519,144.9700
20250520,144.6400
20250521,143.7700
20250522,143.4200
20250523,142.5800
20250526,142.9000
20250527,144.1700
20250528,144.4100
20250529,144.9100
20250530,143.7200
20250602,142.7300
20250603,143.1600
20250604,144.1900
20250605,143.2700
20250606,144.2600
20250609,144.5000
20250610,144.5700
20250611,145.3400
20250612,143.7300
20250613,144.1500
20250616,144.1900
20250617,144.6700
20250618,144.8300
20250619,145.6700
20250620,145.6100
20250623,147.5500
20250624,144.9700
20250625,145.7800
20250626,144.4400
20250627,144.6000
20250630,144.3400
20250701,142.8500
20250702,144.1500
20250703,143.9300
20250704,144.4000
20250707,145.5600
20250708,146.5300
20250709,146.7200
20250710,146.3200
20250711,147.0600
20250714,147.3700
20250715,147.9500
20250716,148.7300
20250717,148.7900
20250718,148.4500
20250721,147.4400
20250722,147.1700
20250723,146.2800
20250724,146.5000
20250725,147.6500
20250728,148.1500
20250729,148.7700
20250730,148.3100
20250731,149.8500
20250801,150.4800
20250804,147.3800
20250805,147.6000
20250806,147.5500
20250807,147.3800
20250808,147.8200
20250811,147.8700
20250812,148.4600
20250813,147.2700
20250814,146.5400
20250815,147.0000
20250818,147.5800
20250819,147.8100
20250820,147.4300
20250821,147.8600
20250822,148.6900
20250825,147.3500
20250826,147.3700
20250827,148.0500
20250828,146.8700
20250829,147.3000
20250901,147.2200
20250902,148.6300
20250903,148.6100
20250904,148.3300
20250905,147.9800
20250908,147.8400
20250909,146.7600
20250910,147.4900
20250911,147.9500
20250912,147.9200
20250915,147.3600
20250916,146.9900
20250917,146.3900
20250918,147.4400
20250919,148.0800
20250922,147.8400
20250923,147.8000
20250924,148.4400
20250925,148.8200
20250926,149.7500
20250929,148.7500
20250930,147.9900
20251001,147.1100
20251002,146.7800
20251003,147.3500
20251006,150.0400
20251007,150.9100
20251008,152.6900
20251009,152.7900
20251010,152.5400
20251013,152.1100
20251014,152.1000
20251015,151.5500
20251016,151.2800
20251017,150.4200
20251020,150.7600
20251021,152.0200
20251022,151.8300
20251023,152.6300
20251024,152.9000
20251027,152.8600
20251028,152.2900
20251029,152.1700
20251030,154.4300
20251031,154.1800
20251103,154.2200
20251104,153.5000
20251105,153.7300
20251106,153.6000
20251107,153.0900
20251110,154.1000
20251111,154.1800
20251112,154.7900
20251113,154.5500
20251114,153.8600
20251117,154.9000
20251118,155.2500
20251119,156.1300
20251120,157.6100
20251121,156.7400
20251124,156.9800
20251125,156.1900
20251126,156.4200
20251127,156.3200
20251128,156.1200
20251201,154.8000
20251202,156.0700
20251203,155.3700
20251204,154.7700
20251205,155.2300
20251208,155.5500
20251209,156.3600
20251210,156.7100
20251211,155.5800
20251212,155.9900
20251215,155.1300
20251216,154.6100
20251217,155.5900
20251218,155.7700
20251219,157.2300
20251222,157.3200
20251223,156.0200
20251224,155.9600
20251229,156.3600
20251230,156.0600
20251231,156.6700
20260102,156.9300
20260105,156.8300
20260106,156.4400
20260107,156.5500
20260108,156.7200
20260109,157.6400
20260112,157.7300
20260113,158.8500
20260114,158.6300
20260115,158.5600
20260116,158.1000
20260119,157.9300
20260120,157.9000
20260121,157.7900
20260122,158.7900
20260123,158.1600
20260126,154.2100
20260127,153.3400
20260128,152.6300
20260129,153.3100
20260130,154.0300
20260202,155.0600
20260203,155.8500
20260204,156.6400
20260205,156.9000
20260206,157.0900
20260209,156.1900
20260210,155.1300
20260211,153.6100
20260212,153.7100
20260213,153.2900
20260216,153.3400
20260217,153.1000
20260218,153.6400
20260219,154.9000
20260220,155.2100
20260223,154.8200
20260224,155.8400
20260225,156.7400
20260226,156.0600
20260227,155.9800
20260302,157.4500
20260303,157.6600
20260304,157.1100
20260305,157.5400
20260306,157.9200
20260309,158.5000
20260310,157.7800
20260311,158.5600
20260312,158.8600
20260313,159.3300
20260316,159.1400
20260317,158.9500
20260318,159.5600
20260319,158.8100
20260320,158.7700
20260323,158.5500
20260324,158.9300
20260325,158.9600
20260326,159.6200
20260327,159.9000
20260330,159.4600
20260331,159.5000
20260401,158.3200
20260402,159.6000
20260407,159.8400
20260408,158.1500
20260409,158.9200
20260410,159.1900
20260413,159.8300
20260414,158.8500
20260415,159.0900
20260416,158.9800
20260417,159.1300
20260420,158.9100
20260421,159.0400
20260422,159.2200
20260423,159.4800
20260424,159.4200
20260427,159.2100
20260428,159.7400
20260429,159.7900
20260430,156.5600
20260504,157.1200
20260505,157.8100
20260506,156.2100
20260507,156.3900
20260508,156.7600
20260511,157.1400
20260512,157.5900
20260513,157.7700
20260514,157.9500
20260515,158.5500
20260518,158.7700
20260519,159.1100
20260520,159.0300
20260521,159.1400
20260522,159.1500
20260525,158.9300
20260526,159.2100
20260527,159.4200
20260528,159.4600
20260529,159.2700
20260601,159.4900
20260602,159.7500
20260603,159.8600
20260604,159.8000
20260605,159.8600
20260608,159.9700
20260609,160.1600
20260610,160.4900
20260611,160.5400
20260612,160.2000
20260615,160.1900
20260616,160.3800
20260617,160.3100
20260618,160.9300
20260619,161.2300
20260622,161.7800
20260623,161.5300
20260624,161.6800
20260625,161.8500
20260626,161.6500
20260629,161.8600
20260630,162.4400
20260701,162.7100
20260702,161.5800
20260703,161.1500
20260706,162.3400
20260707,161.8900
20260708,162.4900
20260709,162.4100
20260710,161.8700
20260713,162.1400
20260714,162.2200
20260715,162.3900
20260716,162.2000
20260717,162.3500
20260720,162.3800
20260721,162.7400
20260722,163.0700
20260723,163.4700
20260724,163.8200
20260727,163.6400
20260728,163.9100
20260729,163.6800
20260730,162.9400
20260731,160.2400
20260803,156.6800
20260804,157.4100
20260805,157.5900
20260806,157.8300
20260807,158.3400
20260810,158.6400
20260811,159.2000
20260812,159.0900
20260813,159.3300
20260814,159.0100
20260817,159.2300
20260818,159.7000
20260819,159.0900
20260820,158.7600
20260821,158.7000
20260824,159.1200
20260825,159.2400
20260826,159.0700
20260827,159.3900
20260828,159.6800
20260831,159.7300
20260901,160.1600
20260902,159.6000
20260903,156.0100
20260904,156.2500
